name;eva
A S Eidelstedt Hamburg;184051
AIRBUS (Schiffsanleger) Hamburg;693430
ALB-GOLD Trochtelfingen;750630
AOK Lindau (Bodensee);990099
AST-Zielgebiet Ahlen;904095
AST-Zielgebiet Bad Sassendorf;905417
AST-Zielgebiet Soest;904680
Aachen Hbf;8000001
Aachen Schanz;8070704
Aachen Süd (Gr);8000403
Aachen West;8000404
Aachen-Rothe Erde;8000406
Aalen;8000002
Aalhoop Beldorf;698202
Abenden;8007826
Abensberg;8000410
Abwinkl (Schiff) Bad Wiessee;966966
Abwinkl Bad Wiessee;592926
Abzw Bahnhof Burgkunstadt;127529
Abzw Bahnhof Frellstedt;886685
Abzw Bahnhof Fritzlar;712166
Abzw Bahnhof Haiger;416156
Abzw Bahnhof Iffeldorf;590675
Abzw Bahnhof Naila;546256
Abzw Bahnhof Oberaudorf;591090
Abzw Bahnhof Osterhofen;543332
Abzw Bahnhof Roigheim;421036
Abzw Bahnhof Stammbach;462561
Abzw Bahnhof Strullendorf;464580
Abzw Bahnhof Sünching;786055
Abzw Bahnhof Tapfheim;363587
Abzw Döhlau Weidenberg;463103
Abzw Kampen Otterndorf;361805
Abzw Wiesenfeld Burgwald;715554
Abzw Wohnsiedlung Bernau bei Berlin;739601
Achalmstraße Holzgerlingen;363244
Achern;8000412
Achern Stadt;8007001
Achim;8000413
Achkarren;8007291
Achkarren Bahnhof Vogtsburg im Kaiserstuhl;377797
Achmer;8000414
Achterwehr;8000416
Adelebsen;8000418
Adelschlag;8000419
Adelsdorf (Mittelfr);8000420
Adelsdorf Bahnhof Neuhof a d Zenn;682886
Adelsheim Nord;8000423
Adelsheim Ost;8000424
Adenauerallee/Bahnhof Itzehoe;700549
Adorf (Erzgeb);8011002
Adorf (Vogtl);8010001
Adorf Haltepunkt Neukirchen/Erzgeb;983865
Affaltrach;8000431
Agatharied;8000433
Agatharied Hausham;593042
Agathenburg;8000434
Aglasterhausen;8007445
Aha;8000436
Aha Gh Auerhahn Schluchsee;503223
Ahaus;8000437
Ahlbeck Bahnhof Heringsdorf (Usedom);331063
Ahlbeck Grenze;8079084
Ahlbeck Ostseetherme;8087025
Ahlbeck Saarstraße Heringsdorf (Usedom);331064
Ahlen (Westf);8000441
Ahlhorn;8000442
Ahlhorn Bahnhof Großenkneten;602910
Ahlten;8000443
Ahlten Bahnhof Lehrte;616390
Ahnatal Casselbreite;8000457
Ahnatal-Heckershausen;8002675
Ahnatal-Weimar;8006286
Ahrbrück;8001209
Ahrensburg;8000446
Ahrensburg-Gartenholz;8000480
Ahrensfelde;8011003
Ahrensfelde (Bz Bremen);8071338
Ahrensfelde Friedhof;8011004
Ahrensfelde Kirche;8071844
Ahrensfelde Kirche Ahrensfelde-Blumberg;738905
Ahrensfelde Kirschenallee;8071842
Ahrensfelde Kirschenallee Ahrensfelde-Blumberg;727591
Ahrensfelde Nord;8011005
Ahrweiler;8000448
Ahrweiler Ahrtor Bad Neuenahr-Ahrweiler;459956
Ahrweiler Bahnhof Bad Neuenahr-Ahrweiler;458540
Ahrweiler Markt;8000449
Ahrweiler Marktbahnhof Bad Neuenahr-Ahrweiler;458617
Aich (Niederbay);8000451
Aichach;8000452
Aichstetten;8000454
Aindorf;8072132
Aindorf Pittenhart;594927
Ainring;8000459
Ainring-Mitterfelden Abzw B20;8081968
Albachten Bahnhof Münster (Westf);906884
Albbruck;8000463
Albersdorf;8000464
Albersweiler (Pfalz);8000466
Albgaubad Ettlingen;373658
Albig;8000468
Albisheim (Pfrimm);8070252
Albrechtshaus;8017000
Albrechtshof;8080040
Albrechtshof Bahnhof Berlin;731293
Albshausen;8000471
Albshausen Bahnhof Solms;111123
Albsheim (Eis);8070096
Albstadt-Ebingen;8000473
Albstadt-Ebingen West;8079089
Albstadt-Laufen Ort;8000474
Albstadt-Lautlingen;8000475
Albtalbahnhof Karlsruhe;301201
Aldekerk;8000477
Aldekerk Bahnhof Gleis 2 Kerken;136113
Aldekerk Bahnhof Kerken;587958
Aldingen (b Spaichingen);8000481
Aletshausen;8000482
Alexander-Fleming-Straße Lübeck;699013
Alexanderplatz [Bus] (U) Berlin;728658
Alexanderplatz [Tram] (U) Berlin;732535
Alexisbad;8017001
Alexisbad Bahnhof (Bus) Harzgerode;954881
Alfeld (Leine);8000483
Alfter-Impekoven;8000495
Algermissen;8000488
Aligse;8000489
Aligse Bahnhof Lehrte;638218
Alken KD;8075979
Allach Bahnhof Ost München;621750
Allach München;364930
Allee-Center Süd Leipzig;964134
Allenbach Bahnhofsvorplatz Hilchenbach;483346
Allendorf (Dillkr);8000492
Allensbach;8000496
Allerheiligen Neuss;362727
Allerheiligen S-Bahnhof Neuss;650699
Allersberg (Rothsee);8000498
Allmendingen;8000499
Allmendshofen Donaueschingen;501238
Alpen;8000500
Alpgarten Bayerisch Gmain;592106
Alpirsbach;8000501
Alsbach Bahnhof Alsbach-Hähnlein;111252
Alsdorf (Westerw);8007078
Alsdorf Poststraße;8000510
Alsdorf-Annapark;8000502
Alsdorf-Busch;8000507
Alsdorf-Kellersberg;8000521
Alsdorf-Mariadorf;8000527
Alsenz;8000505
Alsfeld (Oberhess);8000350
Alsheim;8000506
Alsheim Rathaus;8070871
Alt Center Chemnitz;330532
Alt Hüttendorf;8011011
Alt Rosenthal;8011014
Alt Schwerin;8011015
Alt-Buch Berlin;732867
Alt-Buch/Wiltbergstr Berlin;732862
Alt-Kladow Berlin;731327
Altbach;8000508
Altchemnitz Chemnitz;330029
Altdorf (Niederbay);8026354
Altdorf (b Nürnberg);8000509
Altdorf West;8000504
Altdöbern;8011016
Altdöbern Am Markt;8071406
Alte Brücke Heidelberg;301139
Alte Liebe (Bus) Cuxhaven;360003
Alte Römerstraße Rheinzabern;301743
Alte Veste;8000511
Altefähr;8011017
Altena (Westf);8000513
Altenahr;8000514
Altenau (Bay);8000515
Altenau Säge Saulgrub;590417
Altenbach;8011018
Altenbamberg;8000517
Altenbeken;8000004
Altenbeken-Buke Hühnerfeld;8071306
Altenberge;8000518
Altenbrunslar Felsberg;712460
Altenburg;8010003
Altenerding;8000524
Altenerding Erding;624273
Altenessen Bahnhof Essen (Ruhr);369897
Altenfeld (Rhön);8000525
Altenfeld (Rhön) Fuldatalstraße;8071386
Altenfelden Bahnhof Allersberg;461042
Altenglan;8000491
Altengörs;8000526
Altengörs Bahnhofstraße Neuengörs;701204
Altenhasungen;8000530
Altenhasungen Friedhof Wolfhagen;710351
Altenkirchen (Westerwald);8000351
Altenmarkt (Alz);8000533
Altenrade Kiel;705750
Altenseelbach;8000537
Altenseelbach Kölner Straße;8071350
Altenstadt (Hess);8000538
Altenstadt (Iller);8000539
Altenstadt (Waldnaab);8000540
Altenstadt-Höchst;8002886
Altenstadt-Lindheim;8003698
Altentor Nordhausen;248320
Altentreptow;8011025
Altentreptow ZOB;8079706
Altenwillershagen;8011027
Altenwillershagen Feuerwehr;8087035
Altenwillershagen Feuerwehr Ahrenshagen-Daskow;325770
Altenwohnheim Ascheberg (Westf);900564
Altersbach;8011028
Altes Lager;8011968
Altes Lager Bahnhof Niedergörsdorf;727684
Altes Rathaus Dettenhausen;555862
Altglashütten Bahnhof Feldberg (Schwarzwald);503147
Altglashütten Feldberghalle Feldberg (Schwarzwald;503286
Altglashütten Windgfällstraße Feldberg (Schwarzwa;503298
Altglashütten-Falkau;8000544
Althegnenberg;8000545
Altheim (Hess);8000546
Altheim Bahnhof Münster b Dieburg;111260
Althof;8011031
Altingen (Württ);8070591
Altingen Bahnhof Ammerbuch;750026
Altmarkt/Regierungspräsidium Kassel;712165
Altmittweida;8011033
Altmittweida Neusorger Straße;8070945
Altmorschen;8000553
Altmorschen Bahnhof Morschen;715834
Altmügeln;8070697
Altomünster;8000556
Altona (Fischmarkt) Hamburg;692685
Altoschatz-Rosenthal;8070689
Altplauen Dresden;130157
Altranft;8011034
Altranft Bahnhof Bad Freienwalde (Oder);739531
Altshausen;8000559
Altstadt (Bus) Stolberg (Rhld);585862
Altstadt Bahnhof Brandenburg an der Havel;737280
Altstadt Heidelberg;201166
Altstadtbahnhof Lutherstadt Wittenberg;960249
Altstädten (Allgäu);8000561
Alttann;8000562
Altötting;8000555
Alveslohe;8070185
Alzenau (Unterfr);8007275
Alzenau Burg;8077275
Alzenau Nord;8077274
Alzey;8000007
Alzey Süd;8000558
Alzey West;8007474
Am Annatal Strausberg;738713
Am Backofen Pretzfeld;461507
Am Bahnhof (Bus) Großharthau;107104
Am Bahnhof (Süd) Ottersberg;611912
Am Bahnhof Demmin;332807
Am Bahnhof Oberwiesenthal;982586
Am Bahnhof St Magnus Bremen;605716
Am Bahnhof Tönning;695437
Am Bahnhofsplatz Bad Harzburg;954333
Am Birkengrund Ludwigsfelde;736862
Am Bürgerpark Bahnhof Kyritz;737976
Am Deisterbahnhof Bad Münder am Deister;628353
Am Farrenberg (Hp) Ottendorf-Okrilla;975670
Am Glücksberg Chemnitz;230483
Am Kaiser Neuss;364390
Am Kaiser S-Bahnhof Neuss;660522
Am Langsee Kiel;703739
Am Markt Altdöbern;741112
Am Markt Eberswalde;739708
Am Mühlbuckel Bellheim;301746
Am Schnellen Markt Chemnitz;982172
Am Spangl Regenstauf;360957
Am Stern Kassel;715108
Am Urnenfeld Dresden;972288
Am Waldrand Lalendorf;935886
Am Weinberg Kassel;712236
Am Ziegenberg Kassel;716003
Ambach Schiff Münsing;620085
Amberg;8000566
Amelsbüren Bahnhof Münster (Westf);906822
Amerang;8070802
Ammendorf Halle (Saale);953007
Ammern;8011029
Amorbach;8000575
Ampfing;8000576
Amsdorf;8011038
Amsdorf (Bus) Seegebiet Mansfelder Land;955329
Amstetten (W) Lokalbahn;8079075
Amstetten (Württ);8000577
Amt Biesenthal;739642
Amtsgericht Nürtingen;558058
Amtshainersdorf;8011039
An de Geest Hamburg;693818
An der B104 Brüsewitz;320387
An der Bahnbrücke Chemnitz;984510
An der Enckekaserne Magdeburg;964451
Andernach;8000331
Andernach KD;8075950
Angermund;8000579
Angermund S-Bahnhof Düsseldorf;653400
Angermünde;8010004
Angern-Rogätz;8011042
Angersbach;8000580
Angersbach Rathaus;8071501
Angersbach Rathaus Wartenberg (Hessen);127297
Angersdorf;8011043
Anklam;8011044
Anleger Neuharlingersiel;602041
Annaberg-Buchholz Mitte;8011045
Annaberg-Buchholz Süd;8010005
Annaberg-Buchholz unterer Bf;8011047
Annaburg;8011048
Annakirmesplatz (Bus) Düren;268033
Annapark Bahnhof (Bus) Alsdorf (Rheinland);267628
Annen Nordbahnhof Witten;105372
Annenplatz Chemnitz;982078
Annenstr Chemnitz;984606
Annenstr Leipzig;957401
Annweiler am Trifels;8000582
Annweiler-Sarnstall;8005257
Anrath;8000584
Anrath Bahnhof Willich;221676
Ansbach;8000009
Anspach Bahnhof Neu-Anspach;106303
Antonsthal;8011049
Antonsthal Breitenbrunn/Erzgeb;981851
Anwanden;8000588
Anwanden Bahnhof Zirndorf;460327
Anzefahr;8000589
Anzenkirchen;8000590
Anzenkirchen Abzw Bahnhof Triftern;544045
Apensen;8007831
Aplerbeck Südbahnhof Dortmund;656896
Apolda;8011051
Appelhülsen Bahnhof Nottuln;901964
Appenweier;8000596
Aprath Bahnhof Wülfrath;664231
Arbeitsagentur Karlsruhe;723254
Archsum;8084099
Ardey;8000597
Ardey Bahnhof Fröndenberg;414812
Arensdorf (Köthen);8011053
Arensdorf (Köthen) Badegaster Weg;8071797
Arenshausen;8011054
Arfurt (Lahn);8000599
Arfurt Bürgerhaus;8071346
Arfurt Bürgerhaus Runkel;103495
Argelsried Bahnhof Gilching;624520
Argentinienbrücke (Fähre) Hamburg;693394
Argentinienbrücke Hamburg;693390
Arheilgen Bahnhof Darmstadt;104733
Arheilgen Bahnhof West Darmstadt;101866
Arloff;8000601
Arloff Bahnhof Bad Münstereifel;445822
Armsheim;8000602
Arnbach;8000603
Arndtstraße Ettlingen;722050
Arningstraße (Fähre) Hamburg;701200
Arningstraße Hamburg;693387
Arnsberg (Westf);8000605
Arnschwang;8000606
Arnsdorf (Dresden);8010006
Arnstadt Hbf;8010007
Arnstadt Süd;8011055
Arrach;8007343
Arsbeck;8000611
Arsbeck Roermonder Bahn Wegberg;585479
Artern;8012440
Arzberg (Oberfr);8000613
Asamstraße Bruchsal;723343
Aschaffenburg Hbf;8000010
Aschaffenburg Hochschule;8000618
Aschaffenburg Süd;8000619
Aschau (Chiemgau);8000621
Ascheberg (Holst);8000011
Ascheberg (Westf);8000623
Ascheberg Bahnhofsweg;8071310
Aschendorf;8000624
Aschendorf Bahnhof/Große Straße Papenburg;601511
Aschersleben;8010009
Asemissen Bahnhof Oerlinghausen Leopoldshöhe;925861
Ashausen;8000627
Ashausen Bahnhof Stelle;627270
Asperg;8000630
Aspertsham Fürstenzell;547225
Asselheim;8000625
Asseln S-Bahnhof Mitte Dortmund;651887
Assenheim (Oberhess);8000632
Assmannshausen;8000635
Assmannshausen Bahnhof Rüdesheim am Rhein;111035
Assmannshausen KD;8075967
Assmannshausen Schiffsanlegest Rüdesheim am Rhei;118371
Asternplatz Berlin;731782
Atsch Schneidmühle (Bus) Stolberg (Rhld);585853
Attendorn;8000638
Attendorn-Hohen Hagen;8087039
Au (Sieg);8000012
Au (Sieg) Bahnhof Windeck;204719
Au im Murgtal;8000643
Aubing München;622462
Audi - Bahnhalt Süd Ingolstadt;789322
Aue (Sachs);8010010
Aue (Sachs) Erzgebirgsstadion;8010027
Aue Bahnhof Aue-Bad Schlema;983899
Aue Bahnhof L553 Bad Berleburg;414934
Aue Bahnhofsvorplatz Aue-Bad Schlema;981780
Aue Stadion Aue-Bad Schlema;968519
Aue-Wingeshausen;8000647
Auehütte;8011057
Auerbach (V) ob Bf;8010011
Auerbach (V) unt Bf;8010012
Auerbach (Vogtl) Hp;8011059
Auerbach (b Mosbach Baden);8000649
Auerbach Bahnhof Bensheim;505190
Auersmacher;8000651
Auersmacher Bahnhof Kleinblittersdorf;839419
Auerstedt;8011060
Auestadion Kassel;714006
Auf dem Kiewitt/Fähre Potsdam;736270
Aufen Donaueschingen;500779
Aufenau Kindergarten;8079031
Aufhausen (Württ);8000655
Aufhausen (b Erding);8000653
Augartenstraße Karlsruhe;130074
Auggen;8000657
Augsburg Haunstetterstraße;8000658
Augsburg Hbf;8000013
Augsburg Messe;8000659
Augsburg Morellstraße;8000660
Augsburg-Hochzoll;8000661
Augsburg-Oberhausen;8000662
August-Bebel-Straße Karlsruhe;361104
Augustfehn;8000664
Augustfehn Bahnhof Apen;602728
Augustusburg Bergstation;8080060
Auhausen;8071103
Aukrug;8003078
Aulendorf;8000014
Aumenau;8000668
Aumenau Bahnhof Villmar;111115
Aumenau Lahnstraße;8071345
Aumenau Lahnstraße Villmar;128480
Aumühle;8000669
Aurich ZOB WEB;8000670
Auringen-Medenbach;8000671
Auringen-Medenbach Bahnhof Wiesbaden;111129
Auw an der Kyll;8000674
Außenhafen Borkumanleger Emden (Ostfriesland);610521
Außenried;8000672
Außenried Bahnübergang Langdorf;547743
Aying;8000675
Aßlar;8000633
Aßling;626334
Aßling (Oberbay);8000634
B104 Holdorf (Meckl);368280
B106 Dorf Mecklenburg;321184
BASF Süd Ludwigshafen am Rhein;518274
BBT/Schulzentrum Tuttlingen;501857
BOB-Bahnhof Weingarten (Württ);493017
Baabe;8011063
Baabe (Bahnhof);952008
Baal Bahnhof Hückelhoven;585425
Baalberge;8010013
Baar-Ebenhausen;8000678
Babenhausen (Hess);8000015
Babenhausen Langstadt;8003559
Babstadt;8000681
Babstadt Bahnhof Bad Rappenau;721825
Bacharach;8000683
Bacharach KD;8075964
Bachern;8000685
Bachern Bergkirchen;623741
Bachfeld;8011065
Bachfeld Ort;210381
Bachheim;8000686
Bachstr (U Hansaplatz) Berlin;730741
Backnang;8000016
Bad Abbach;8000689
Bad Abbach Ort;8096031
Bad Aibling;8000690
Bad Aibling Kurpark;8000696
Bad Arolsen;8000609
Bad Bahnhof Salzgitter;889576
Bad Bederkesa;8070050
Bad Bellingen;8000864
Bad Belzig;8010031
Bad Bentheim;8000879
Bad Bentheim (Gr);8000151
Bad Bergzabern;8000691
Bad Berka;8011066
Bad Berka Zeughausplatz;8011067
Bad Berleburg;8000907
Bad Bevensen;8000935
Bad Birnbach;8000988
Bad Blankenburg (Thüringerw);8010014
Bad Bodendorf;8001049
Bad Bodendorf Bahnhof/Bäderstraße Sinzig;459522
Bad Bodenteich;8001052
Bad Brambach;8011068
Bad Bramstedt;8007058
Bad Bramstedt Kurhaus;8007057
Bad Breisig;8000694
Bad Breisig KD;8075948
Bad Camberg;8001322
Bad Cannstatt Bahnhof Stuttgart;361455
Bad Cannstatt Stuttgart;366333
Bad Cannstatt Wilhelmsplatz Stuttgart;361332
Bad Doberan;8010016
Bad Doberan Goethestraße;8011069
Bad Doberan Stadtmitte;8081085
Bad Driburg (Westf);8000697
Bad Driburg Bahnhof;920506
Bad Driburg Polizei;8071934
Bad Dürkheim;8000698
Bad Dürkheim-Trift;8000708
Bad Dürrenberg;8011071
Bad Elster;8011072
Bad Empfing;8000700
Bad Ems;8000701
Bad Ems West;8000702
Bad Endorf;8001787
Bad Fallingbostel;8001958
Bad Freienwalde;8010017
Bad Friedrichshall-J;755009
Bad Friedrichshall-Jagstfeld;8000017
Bad Friedrichshall-Kochendorf;8000704
Bad Füssing Füssinger Hof;8084075
Bad Gandersheim;8000352
Bad Godesberg Bahnhof Bonn;442899
Bad Godesberg Bahnhof/Löbestr Bonn;443673
Bad Godesberg Bahnhof/Rheinallee Bonn;458961
Bad Godesberg Fähre Bonn;443723
Bad Godesberg Von-Groote-Platz/Bahnhof Bonn;446073
Bad Griesbach (Schwarzwald);8000707
Bad Griesbach Bahnhof Bad Peterstal-Griesbach;368860
Bad Grönenbach;8002378
Bad Harzburg;8000019
Bad Herrenalb;8007011
Bad Hersfeld;8000020
Bad Homburg;8000712
Bad Honnef (Rhein);8000713
Bad Honnef (Rhein) KD;8075944
Bad Honnef Stadtbahn;8070073
Bad Honnef am Spitzenbach;8070770
Bad Höhenstadt;8000710
Bad Höhenstadt Bahnhof Fürstenzell;541794
Bad Hönningen;8000711
Bad Hönningen KD;8075949
Bad Imnau;8070309
Bad Karlshafen;8003182
Bad Kissingen;8000714
Bad Kleinen;8010018
Bad Kohlgrub;8000716
Bad Kohlgrub Kurhaus;8000717
Bad Kreuznach;8000021
Bad Krozingen;8000718
Bad Krozingen Ost;8007330
Bad König;8000715
Bad König Zell;8006643
Bad Kösen;8010019
Bad Kösen Bahnhof (Bus) Naumburg (Saale);959487
Bad Köstritz;8011074
Bad Kötzting;8003393
Bad Laasphe;8003486
Bad Laasphe-Niederlaasphe;8003493
Bad Langensalza;8010020
Bad Lauchstädt;8011075
Bad Lauchstädt West;8011076
Bad Lausick;8011077
Bad Lauterberg im Harz Barbis;8005324
Bad Liebenwerda;8011078
Bad Liebenzell;8000721
Bad Lobenstein;8013452
Bad Malente-Gremsmühlen;8003829
Bad Mergentheim;8000724
Bad Münder (Deister);8000725
Bad Münster Bahnhof Bad Kreuznach;505383
Bad Münster am Stein;8000726
Bad Münstereifel;8000727
Bad Nauheim;8000728
Bad Nenndorf;8000022
Bad Neuenahr;8000729
Bad Neuenahr Bahnhof Bad Neuenahr-Ahrweiler;458339
Bad Neuenahr-Lohrsdorf In den Auen Bad Neuenahr-A;111300
Bad Neustadt (Saale);8000730
Bad Neustadt (Saale) Busbahnhof;8089251
Bad Niedernau;8000731
Bad Nieuweschans Bahnhof Niederlande;601692
Bad Oeynhausen;8000732
Bad Oeynhausen Süd;8000733
Bad Oldesloe;8000023
Bad Orb Busbf;8089221
Bad Peterstal;8000734
Bad Peterstal Bahnhof Bad Peterstal-Griesbach;750070
Bad Pyrmont;8000735
Bad Rappenau;8000736
Bad Rappenau Busbf R;8070924
Bad Rappenau Kurpark;8000777
Bad Reichenhall;8000737
Bad Reichenhall Hbf;877056
Bad Reichenhall Tiroler Tor;877052
Bad Reichenhall-Kirchberg;8000738
Bad Rodach;8005112
Bad Rotenfels Bf;8005183
Bad Rotenfels Schloss;8005186
Bad Rotenfels Weinbrennerstraße;8005187
Bad Saarow;8011079
Bad Saarow Bahnhof Bad Saarow-Pieskow;278100
Bad Saarow Klinikum;8010028
Bad Saarow-Pieskow;8011080
Bad Sachsa;8000739
Bad Salzdetfurth;8000740
Bad Salzdetfurth Solebad;8000759
Bad Salzhausen;8000741
Bad Salzig Bahnhof/Binger Straße Boppard;373518
Bad Salzig KD;8075959
Bad Salzschlirf;8000743
Bad Salzuflen;8000744
Bad Salzungen;8010021
Bad Sassendorf;8000745
Bad Saulgau;8005301
Bad Schachen;8079006
Bad Schandau;8010022
Bad Schandau-Postelwitz;8071514
Bad Schlema;8012873
Bad Schlema Bahnhof Aue-Bad Schlema;981761
Bad Schmiedeberg;8011081
Bad Schmiedeberg Kurzentrum;8070831
Bad Schussenried;8000746
Bad Schwartau;8000749
Bad Schönborn Süd;8003533
Bad Schönborn-Kronau;8004032
Bad Sebastiansweiler-Belsen;8000750
Bad Segeberg;8000751
Bad Sobernheim;8005583
Bad Soden (Taunus);8000752
Bad Soden-Salmünster;8005261
Bad Sooden-Allendorf;8000753
Bad St. Peter Süd;8000754
Bad St. Peter-Ording;8000755
Bad Staffelstein;8005670
Bad Staffelstein Thermalbad;8089311
Bad Steben;8000756
Bad Suderode;8011084
Bad Suderode Bahnhof (Bus) Quedlinburg;956649
Bad Sulza;8011085
Bad Sulza Nord;8011086
Bad Säckingen;8005255
Bad Teinach-Neubulach;8000757
Bad Tölz;8000758
Bad Tönisstein;8070314
Bad Urach;8006029
Bad Urach Ermstalklinik;8006027
Bad Urach Wasserfall;8070680
Bad Vilbel;8000760
Bad Vilbel Süd;8000761
Bad Vilbel-Gronau;8002382
Bad Waldsee;8000763
Bad Wildbad Bf;8006431
Bad Wildbad Kurpark;8070283
Bad Wildbad Nord;8070281
Bad Wildbad Uhlandplatz;8070282
Bad Wildungen;8000764
Bad Wilsnack;8011088
Bad Wimpfen;8000765
Bad Wimpfen Im Tal;8000706
Bad Wimpfen Parkplatz Seegarten;8070920
Bad Wimpfen-Hohenstadt;8000766
Bad Windsheim;8000767
Bad Wurzach;8000769
Bad Wörishofen;8000768
Bad Zwischenahn;8000770
Baddeckenstedt;8000772
Baddeckenstedt Bf;8082058
Baden (Verden);8000773
Baden Bahnhof Achim b Bremen;616230
Baden-Baden;8000774
Baden-Baden Haueneberstein;8000771
Baden-Baden Rebland;8000775
Baden-Brennet Bahnhof Wehr (Baden);421000
Bagenz;8011097
Bagenz Weg zum Bahnhof Neuhausen/Spree;742172
Bahlingen am Kaiserstuhl;8007293
Bahlingen-Riedlen;8007310
Bahnbrücken;8007144
Bahnbrücken Bahnhof Kraichtal;724269
Bahnhalt Brunnen (Oberbayern);202004
Bahnhalt Eschach Weißenhorn;800439
Bahnhalt Finninger Str Nord Neu-Ulm;800841
Bahnhalt Finninger Str Süd Neu-Ulm;800842
Bahnhalt Heimenkirch;362515
Bahnhalt Klosterlechfeld;207300
Bahnhalt Neuburg a d Kammel;871796
Bahnhalt Obergriesbach;781048
Bahnhaltepunkt Reichenberg (Unterfranken);462454
Bahnhof (Arena) Ludwigsburg (Württ);555774
Bahnhof (Brücke) Hofgeismar;928087
Bahnhof (Bus) Altenburg;201164
Bahnhof (Bus) Annaburg;954266
Bahnhof (Bus) Artern (Unstrut);956970
Bahnhof (Bus) Aschersleben;964355
Bahnhof (Bus) Barleben;964226
Bahnhof (Bus) Beilrode;130511
Bahnhof (Bus) Biederitz;956541
Bahnhof (Bus) Blankenburg (Harz);954250
Bahnhof (Bus) Borna;955522
Bahnhof (Bus) Borsdorf;963960
Bahnhof (Bus) Braunsbedra;962922
Bahnhof (Bus) Bräunlingen;504509
Bahnhof (Bus) Buggingen;367764
Bahnhof (Bus) Coswig (Anhalt);955940
Bahnhof (Bus) Crimmitschau;200553
Bahnhof (Bus) Dahlen;961379
Bahnhof (Bus) Eggingen;360658
Bahnhof (Bus) Eichstetten am Kaiserstuhl;106452
Bahnhof (Bus) Eilenburg;958077
Bahnhof (Bus) Eisleben;954829
Bahnhof (Bus) Erkelenz;585368
Bahnhof (Bus) Flechtingen;959139
Bahnhof (Bus) Freyburg (Unstrut);960589
Bahnhof (Bus) Frohburg;200258
Bahnhof (Bus) Gardelegen;958274
Bahnhof (Bus) Geilenkirchen;585540
Bahnhof (Bus) Geisingen;498277
Bahnhof (Bus) Geithain;200267
Bahnhof (Bus) Genthin;962337
Bahnhof (Bus) Giersleben;956718
Bahnhof (Bus) Gommern;956298
Bahnhof (Bus) Grimma;200389
Bahnhof (Bus) Gößnitz;984393
Bahnhof (Bus) Güsten;959163
Bahnhof (Bus) Harzgerode;955550
Bahnhof (Bus) Heimbach (Eifel);585006
Bahnhof (Bus) Herzogenrath;267203
Bahnhof (Bus) Hettstedt;956727
Bahnhof (Bus) Ilberstedt;954117
Bahnhof (Bus) Ilsenburg (Harz);955138
Bahnhof (Bus) Jessen (Elster);953897
Bahnhof (Bus) Karsdorf;960719
Bahnhof (Bus) Kreuzau;268527
Bahnhof (Bus) Könnern;959185
Bahnhof (Bus) Köthen (Anhalt);957589
Bahnhof (Bus) Langerwehe;585213
Bahnhof (Bus) Langweid a Lech;780900
Bahnhof (Bus) Laucha an der Unstrut;960594
Bahnhof (Bus) Markranstädt;957191
Bahnhof (Bus) Merzenich;268526
Bahnhof (Bus) Mockrehna;962675
Bahnhof (Bus) Narsdorf;200318
Bahnhof (Bus) Naunhof;957654
Bahnhof (Bus) Nebra (Unstrut);960736
Bahnhof (Bus) Nienburg (Saale);959242
Bahnhof (Bus) Oschatz;973232
Bahnhof (Bus) Otterwisch;370240
Bahnhof (Bus) Pegau;957775
Bahnhof (Bus) Quedlinburg;955278
Bahnhof (Bus) Querfurt;957515
Bahnhof (Bus) Regis-Breitingen;200199
Bahnhof (Bus) Schmölln (Thür);201161
Bahnhof (Bus) Schönebeck (Elbe);956677
Bahnhof (Bus) Schönhausen (Elbe);960980
Bahnhof (Bus) Staßfurt;953445
Bahnhof (Bus) Stühlingen;502511
Bahnhof (Bus) Tangerhütte;957777
Bahnhof (Bus) Tangermünde;958551
Bahnhof (Bus) Teuchern;960446
Bahnhof (Bus) Torgau;973224
Bahnhof (Bus) Wegberg;268283
Bahnhof (Bus) Wegeleben;962091
Bahnhof (Bus) Wolmirstedt;959196
Bahnhof (Bus) Wurzen;959931
Bahnhof (Bus) Zell im Wiesental;502168
Bahnhof (Bus) Zerbst/Anhalt;954939
Bahnhof (Bus) Zinnowitz;332483
Bahnhof (Bus) Übach-Palenberg;586030
Bahnhof (Ersatz Ausstieg) Seligenstadt;140499
Bahnhof (Ersatzhalt Bus) Schmölln (Thür);130502
Bahnhof (Flugfeld) Böblingen;556451
Bahnhof (Fähre) Kiel;360901
Bahnhof (Hst 1/A) Unna;902789
Bahnhof (Hst 2/B) Unna;902864
Bahnhof (Hst 3/C) Unna;902788
Bahnhof (Hst 4/D) Unna;902890
Bahnhof (Hst B1/1) Ahaus;901949
Bahnhof (Hst B2/2) Ahaus;901927
Bahnhof (Hst C2/4) Ahaus;901821
Bahnhof (Hst C3/5) Ahaus;901820
Bahnhof (Industriegebiet) Malsch (Kreis Karlsruhe;421213
Bahnhof (Industriestr) Renningen;556471
Bahnhof (Kirchenstraße) Brokstedt;355023
Bahnhof (Mimmenhausen) Salem (Baden);491236
Bahnhof (Nord) Ottersberg;604050
Bahnhof (Nordseite) Eichenau;626338
Bahnhof (Nordseite) Vaterstetten;625300
Bahnhof (Ostseite) Baiersdorf;675867
Bahnhof (Ostseite) Höhenkirchen-Siegertsbrunn;625866
Bahnhof (Ostseite) Kaltenkirchen;701344
Bahnhof (Ostseite) Planegg;625912
Bahnhof (Ostseite) Taufkirchen (Kreis München);620905
Bahnhof (P&R) Holzwickede;908787
Bahnhof (Post) Garmisch-Partenkirchen;374003
Bahnhof (Post) Nürtingen;556288
Bahnhof (Süd) Buxtehude;616406
Bahnhof (Südseite) Eichenau;622240
Bahnhof (Tram/Bus) Bad Dürrenberg;953276
Bahnhof (Tram/Bus) Halberstadt;955944
Bahnhof (UBB) Koserow;124395
Bahnhof (VLG) Calberlah;892805
Bahnhof (Vorplatz) Buxtehude;618529
Bahnhof (West) Karlsfeld;376990
Bahnhof (Westseite) Baiersdorf;463391
Bahnhof (Westseite) Höhenkirchen-Siegertsbrunn;625863
Bahnhof (Westseite) Kaltenkirchen;375777
Bahnhof (Westseite) Planegg;625915
Bahnhof (Westseite) Taufkirchen (Kreis München);625235
Bahnhof (li Pegn) Hersbruck;683064
Bahnhof (li Pegn) Lauf a d Pegnitz;683123
Bahnhof (re Peg) Lauf a d Pegnitz;675158
Bahnhof (rechts Pegnitz) Hersbruck;683067
Bahnhof A Werdohl;879517
Bahnhof ANKUNFT Wiesau;548115
Bahnhof Abensberg;540965
Bahnhof Achern;882004
Bahnhof Adelebsen;614544
Bahnhof Adorf/Vogtl;967548
Bahnhof Agathenburg;627887
Bahnhof Aglasterhausen;505026
Bahnhof Ahaus;412609
Bahnhof Ahlen;364679
Bahnhof Ahrbrück;458829
Bahnhof Ahrensburg;705998
Bahnhof Ahrensburg Ahrensburg;895084
Bahnhof Aichach;781956
Bahnhof Aichstetten;490172
Bahnhof Albersdorf (Holstein);697532
Bahnhof Albersweiler;505040
Bahnhof Albig;378291
Bahnhof Aldingen;498169
Bahnhof Algermissen;635097
Bahnhof Allensbach;501469
Bahnhof Allmendingen;800327
Bahnhof Alpen;136653
Bahnhof Alpirsbach;815024
Bahnhof Alsdorf (Sieg);364177
Bahnhof Alsenz;405629
Bahnhof Alsfeld;713725
Bahnhof Alsheim;505074
Bahnhof Alt Zachun;320461
Bahnhof Altdorf b Nürnberg;682889
Bahnhof Altefähr;952378
Bahnhof Altena;879515
Bahnhof Altenbeken;920046
Bahnhof Altenberg;977963
Bahnhof Altenberge;900347
Bahnhof Altenglan;403688
Bahnhof Altenkirchen (Westerwald);456561
Bahnhof Altenstadt (Hessen);106501
Bahnhof Altenstadt (Iller);800025
Bahnhof Altenstadt a d Waldnaab;544993
Bahnhof Altmittweida;981065
Bahnhof Altomünster;624275
Bahnhof Altona Hamburg;692757
Bahnhof Altshausen;493082
Bahnhof Altötting;875968
Bahnhof Alzey;505120
Bahnhof Amberg (Oberpfalz);682597
Bahnhof Amerang;593666
Bahnhof Amorbach;127001
Bahnhof Amstetten;810022
Bahnhof Andernach;455065
Bahnhof Anderten-Misburg Hannover;615961
Bahnhof Angermünde;738925
Bahnhof Annweiler am Trifels;505156
Bahnhof Ansbach (Mittelfranken);460059
Bahnhof Apensen;301010
Bahnhof Apolda;647385
Bahnhof Appenweier;374120
Bahnhof Arenshausen;860607
Bahnhof Armsheim;405378
Bahnhof Arnsberg;915475
Bahnhof Arnsdorf;975772
Bahnhof Arrach;841305
Bahnhof Arzberg (Oberfranken);547250
Bahnhof Aschau i Chiemgau;593739
Bahnhof Ascheberg (Holstein);702684
Bahnhof August-Thyssen-Straße Hamm (Westf);904721
Bahnhof Aukrug;698167
Bahnhof Aulendorf;490001
Bahnhof Aumund Bremen;608431
Bahnhof Aumühle;702233
Bahnhof Auw an der Kyll;350237
Bahnhof Aying;624307
Bahnhof B Werdohl;879518
Bahnhof B176 Neukieritzsch;200163
Bahnhof B2 Bocholt;910070
Bahnhof B2 Plettenberg;879726
Bahnhof B508 Hilchenbach;415089
Bahnhof Babenhausen (Hessen);108563
Bahnhof Bacharach;455292
Bahnhof Bachstr 1 Julbach;706934
Bahnhof Bad Aibling;620226
Bahnhof Bad Arolsen;716343
Bahnhof Bad Belzig;736080
Bahnhof Bad Bentheim;900378
Bahnhof Bad Bergzabern;505329
Bahnhof Bad Bevensen;317200
Bahnhof Bad Birnbach;706634
Bahnhof Bad Blankenburg;690085
Bahnhof Bad Bodenteich;317900
Bahnhof Bad Brambach;968710
Bahnhof Bad Breisig;454334
Bahnhof Bad Camberg;111128
Bahnhof Bad Doberan;935552
Bahnhof Bad Dürkheim;518080
Bahnhof Bad Elster;371104
Bahnhof Bad Endorf;875026
Bahnhof Bad Fallingbostel;318500
Bahnhof Bad Grönenbach;870880
Bahnhof Bad Harzburg;885233
Bahnhof Bad Herrenalb;720661
Bahnhof Bad Hersfeld;710486
Bahnhof Bad Homburg v d Höhe;104399
Bahnhof Bad Honnef;442736
Bahnhof Bad Hönningen;455357
Bahnhof Bad Karlshafen;920567
Bahnhof Bad Kissingen;465319
Bahnhof Bad Kleinen;322334
Bahnhof Bad Kreuznach;371534
Bahnhof Bad Krozingen;500180
Bahnhof Bad König;111221
Bahnhof Bad Köstritz;262003
Bahnhof Bad Kötzting;541121
Bahnhof Bad Laasphe;415056
Bahnhof Bad Langensalza;645107
Bahnhof Bad Liebenwerda;741601
Bahnhof Bad Liebenzell;828074
Bahnhof Bad Mergentheim;833025
Bahnhof Bad Münder am Deister;265126
Bahnhof Bad Münstereifel;445823
Bahnhof Bad Nauheim;111135
Bahnhof Bad Nenndorf;997221
Bahnhof Bad Neustadt a d Saale;850072
Bahnhof Bad Peterstal-Griesbach;375886
Bahnhof Bad Pyrmont;920671
Bahnhof Bad Rappenau;505384
Bahnhof Bad Rodach;464209
Bahnhof Bad Sachsa;350705
Bahnhof Bad Salzdetfurth;480088
Bahnhof Bad Salzelmen (Bus) Schönebeck (Elbe);955851
Bahnhof Bad Salzschlirf;111194
Bahnhof Bad Salzuflen;922946
Bahnhof Bad Sassendorf;367592
Bahnhof Bad Saulgau;801726
Bahnhof Bad Schussenried;801757
Bahnhof Bad Schwartau;703559
Bahnhof Bad Sobernheim;406917
Bahnhof Bad Soden am Taunus;104299
Bahnhof Bad Soden-Salmünster;111054
Bahnhof Bad Staffelstein;822187
Bahnhof Bad Steben;546314
Bahnhof Bad Teinach/Neubulach Bad Teinach-Zavelst;828107
Bahnhof Bad Tölz;620232
Bahnhof Bad Urach;750088
Bahnhof Bad Vilbel;102402
Bahnhof Bad Waldsee;490109
Bahnhof Bad Wildbad;828111
Bahnhof Bad Wildungen;712449
Bahnhof Bad Wilsnack;737369
Bahnhof Bad Wimpfen;755529
Bahnhof Bad Windsheim;682899
Bahnhof Bad Wörishofen;870378
Bahnhof Baden-Baden;361847
Bahnhof Bahlingen am Kaiserstuhl;496558
Bahnhof Baiersbronn;815043
Bahnhof Balduinstein;286082
Bahnhof Balve;878149
Bahnhof Bamberg;945040
Bahnhof Bammental;505409
Bahnhof Banteln;371636
Bahnhof Bargstedt (Kreis Stade);612868
Bahnhof Bargteheide;702140
Bahnhof Barmstedt;700984
Bahnhof Barnstorf;600557
Bahnhof Barsinghausen;638248
Bahnhof Baruth (Mark);729384
Bahnhof Basdahl;604793
Bahnhof Bassum;600707
Bahnhof Baumholder;405539
Bahnhof Bautzen;307500
Bahnhof Bayerisch Eisenstein;542482
Bahnhof Bayrischzell;592990
Bahnhof Bebra;710829
Bahnhof Beckingen;401025
Bahnhof Bedburg;445940
Bahnhof Bedburg-Hau;136118
Bahnhof Beeskow;278087
Bahnhof Beldorf;705032
Bahnhof Bellenberg;800117
Bahnhof Bellheim;362660
Bahnhof Benningen am Neckar;368880
Bahnhof Bensheim;505473
Bahnhof Bentwisch;936223
Bahnhof Beratzhausen;785122
Bahnhof Berg (Pfalz);720017
Bahnhof Berga (Elster);262900
Bahnhof Bergedorf Hamburg;694417
Bahnhof Bergen (Chiemgau);594464
Bahnhof Bergen auf Rügen;952018
Bahnhof Bergheim (Erft);443461
Bahnhof Bergtheim;820553
Bahnhof Beringstedt;706416
Bahnhof Berkenbrück;738064
Bahnhof Bernau a Chiemsee;591062
Bahnhof Berne;604332
Bahnhof Bernried (Starnberger See);141304
Bahnhof Bernsdorf b Dresden;106921
Bahnhof Bersenbrück;609562
Bahnhof Bertsdorf Olbersdorf;977616
Bahnhof Bestensee;736661
Bahnhof Bestwig;412713
Bahnhof Beuron;362575
Bahnhof Bexbach;838823
Bahnhof Biberach (Baden);882055
Bahnhof Biblis;505529
Bahnhof Bickenbach (Bergstr);111251
Bahnhof Biedenkopf;415070
Bahnhof Bielefelder Str Steinhagen (Westf);927245
Bahnhof Bienenbüttel;317102
Bahnhof Bierbach an der Blies Blieskastel;402075
Bahnhof Biesenthal;738899
Bahnhof Biessenhofen;845125
Bahnhof Billerbeck;904247
Bahnhof Binau;505561
Bahnhof Bindlach;463022
Bahnhof Birkenau;505573
Bahnhof Birkenfeld (Württ);940064
Bahnhof Birkweiler;363952
Bahnhof Bischofswerda;740050
Bahnhof Bisingen;750276
Bahnhof Bismarckstraße Hannover;615828
Bahnhof Blaichach;845036
Bahnhof Blankenbach;425901
Bahnhof Blankenberg (Meckl);309062
Bahnhof Blankenheim (Ahr);446044
Bahnhof Blaubeuren;800189
Bahnhof Blaufelden;833854
Bahnhof Bleckede;600958
Bahnhof Bleichstraße Mosbach;508326
Bahnhof Blindheim;107450
Bahnhof Blumenthal Bremen;364096
Bahnhof Bobingen;781429
Bahnhof Bocholt;160834
Bahnhof Bockenheim an der Weinstraße;505613
Bahnhof Bodelshausen;492102
Bahnhof Bodenfelde;355300
Bahnhof Bodenheim;405301
Bahnhof Bogen;540559
Bahnhof Boizenburg/ Elbe;599723
Bahnhof Bondorf;828162
Bahnhof Boostedt;694903
Bahnhof Bordesholm;698237
Bahnhof Borken (Westf);360831
Bahnhof Borkheide;735884
Bahnhof Bous;836431
Bahnhof Brahlstorf;598801
Bahnhof Brake (Unterweser);768783
Bahnhof Brakel;922957
Bahnhof Bramsche;609355
Bahnhof Brannenburg;591075
Bahnhof Braubach;455395
Bahnhof Breddin;734330
Bahnhof Bredenbek;706352
Bahnhof Breisach am Rhein;421315
Bahnhof Breitenbrunn/Erzgeb;981827
Bahnhof Bremervörde;604798
Bahnhof Brest-Aspe Brest;200413
Bahnhof Bretten;723543
Bahnhof Bretzfeld;833074
Bahnhof Brieskow-Finkenheerd;278224
Bahnhof Brilon Stadt Brilon;901271
Bahnhof Britz;738938
Bahnhof Broderstorf;935213
Bahnhof Brokstedt;700745
Bahnhof Brokstedt (Kirchenstraße) Brokstedt;155023
Bahnhof Bruchköbel;111322
Bahnhof Bruchmühlbach-Miesau;403207
Bahnhof Bruchsal;371856
Bahnhof Bruchweiler-Bärenbach;508241
Bahnhof Bruckberg (Niederbayern);113462
Bahnhof Bruckmühl;624030
Bahnhof Brunnenstraße Barmstedt;700973
Bahnhof Brötzingen Pforzheim;940591
Bahnhof Brück;729889
Bahnhof Brühl (Rheinland);443667
Bahnhof Bst 4 Schmölln (Thür);113062
Bahnhof Buchen (Odenwald);505707
Bahnhof Buchloe;372790
Bahnhof Budenheim;505736
Bahnhof Buggingen;498505
Bahnhof Bullay;255626
Bahnhof Bundenthal;505742
Bahnhof Burbach Saarbrücken;838290
Bahnhof Burg (Dithmarschen);697970
Bahnhof Burg Bremen;598728
Bahnhof Burgbrohl;454979
Bahnhof Burgdorf (Hannover);638288
Bahnhof Burghaun;714608
Bahnhof Burghausen;875129
Bahnhof Burgheim;784506
Bahnhof Burgkunstadt;822008
Bahnhof Burgsinn;462628
Bahnhof Burgstädt;981206
Bahnhof Burgthann;682608
Bahnhof Burladingen;750350
Bahnhof Bussteig 1 Mühlhausen (Thür);369448
Bahnhof Bussteig 1/A Coesfeld;901824
Bahnhof Bussteig 1/A Emsdetten;901609
Bahnhof Bussteig 2 Mühlhausen (Thür);367549
Bahnhof Bussteig 2/B Emsdetten;901384
Bahnhof Bussteig 3 Mühlhausen (Thür);370692
Bahnhof Bussteig 3/C Coesfeld;902206
Bahnhof Bussteig 4 Mühlhausen (Thür);376351
Bahnhof Bussteig 4/D Coesfeld;902360
Bahnhof Bussteig 5 Mühlhausen (Thür);367452
Bahnhof Bussteig 6 Mühlhausen (Thür);371953
Bahnhof Bussteig A/1 Oelde;901818
Bahnhof Bussteig B/2 Ahlen;902008
Bahnhof Bussteig B/2 Oelde;901815
Bahnhof Bussteig D Soest;417481
Bahnhof Bussteig D/4 Ahlen;902004
Bahnhof Bussteig K Neuwied;350175
Bahnhof Bussteig M Neuwied;350172
Bahnhof Busteig C Neuwied;455024
Bahnhof Buttstädt;960516
Bahnhof Butzbach;111133
Bahnhof Bärenstein;983947
Bahnhof Böbingen an der Rems;420217
Bahnhof Böblingen;367100
Bahnhof Bönen;904230
Bahnhof Bönningstedt;895714
Bahnhof Börßum;885216
Bahnhof Bötzingen;503691
Bahnhof Büchen;130028
Bahnhof Büchenbach;682927
Bahnhof Bückeburg;611535
Bahnhof Büdingen;111151
Bahnhof Bühl;723996
Bahnhof Bürstadt;505776
Bahnhof Bützow;935388
Bahnhof C Plettenberg;879543
Bahnhof C Werdohl;879575
Bahnhof C1 Bocholt;910807
Bahnhof Cadenberge;625124
Bahnhof Cadolzburg;682930
Bahnhof Calau;741062
Bahnhof Casekow;740766
Bahnhof Celle;600889
Bahnhof Cham;541038
Bahnhof Cloppenburg;602923
Bahnhof Cochem;456370
Bahnhof Coesfeld;902451
Bahnhof Contwig;509007
Bahnhof Coppenbrügge;265349
Bahnhof Coswig (Sachsen);977968
Bahnhof Creußen;462904
Bahnhof Crossen an der Elster;647157
Bahnhof Cursdorf;690015
Bahnhof Cölbe;714579
Bahnhof D Werdohl;879854
Bahnhof Daaden;456909
Bahnhof Dachau;106800
Bahnhof Dahlem b Kall;446129
Bahnhof Dahlenburg;597995
Bahnhof Dahn;505809
Bahnhof Dallgow-Döberitz;734773
Bahnhof Dammtor Hamburg;694802
Bahnhof Dasing;781986
Bahnhof Dauenhof Westerhorn;700865
Bahnhof Deidesheim;505861
Bahnhof Deining;675873
Bahnhof Denzlingen;365435
Bahnhof Dernau;459636
Bahnhof Dernbach (Westerwald);457134
Bahnhof Detmold;922300
Bahnhof Dettelbach;467125
Bahnhof Dettenhausen;216060
Bahnhof Dettum;886227
Bahnhof Deuben Freital;972694
Bahnhof Deuerling;786803
Bahnhof Deutz/Messe LANXESS arena Köln;400802
Bahnhof Dieburg;108456
Bahnhof Diepholz;600025
Bahnhof Dietmannsried;845277
Bahnhof Dietzenbach;104647
Bahnhof Diez;454235
Bahnhof Dießen a Ammersee;246026
Bahnhof Dillingen (Saar);836642
Bahnhof Dillingen a d Donau;784820
Bahnhof Dingolfing;541375
Bahnhof Dinkelscherben;781430
Bahnhof Dinslaken;366259
Bahnhof Dippoldiswalde;978709
Bahnhof Dirmingen Eppelborn;401408
Bahnhof Dissen am Teutoburger Wald;619059
Bahnhof Ditzingen;561412
Bahnhof Doberlug-Kirchhain;741303
Bahnhof Dohna;973574
Bahnhof Dollern;616794
Bahnhof Dollnstein;855199
Bahnhof Dombühl;112430
Bahnhof Donauwörth;784839
Bahnhof Dorf Mecklenburg;321663
Bahnhof Dorfen;620549
Bahnhof Dormagen;586867
Bahnhof Dornstetten;570354
Bahnhof Drahnsdorf;741197
Bahnhof Drebkau;742159
Bahnhof Drensteinfurt;417523
Bahnhof Ducherow;331167
Bahnhof Dudweiler Saarbrücken;836439
Bahnhof Durmersheim;724005
Bahnhof Dußlingen;491706
Bahnhof Döllstädt;645326
Bahnhof Dörpen;601386
Bahnhof Dörverden;618905
Bahnhof Dülmen;901876
Bahnhof Dürrröhrsdorf-Dittersbach;978026
Bahnhof E Soest;902737
Bahnhof Ebelsbach;945127
Bahnhof Ebensfeld;363428
Bahnhof Eberbach;509479
Bahnhof Ebermannstadt;462935
Bahnhof Ebern;233300
Bahnhof Ebersbach an der Fils;810109
Bahnhof Ebersberg (Oberbayern);624421
Bahnhof Ebertsheim;510509
Bahnhof Echzell;111159
Bahnhof Edenkoben;506013
Bahnhof Ediger-Eller;456387
Bahnhof Efringen-Kirchen;366064
Bahnhof Egelsbach;102706
Bahnhof Eggenfelden;706726
Bahnhof Eggesin;331865
Bahnhof Egling a d Paar;369006
Bahnhof Ehningen;561456
Bahnhof Ehringshausen;111188
Bahnhof Eimeldingen;371128
Bahnhof Einöd Homburg;401974
Bahnhof Eisenberg (Pfalz);506073
Bahnhof Eisenhüttenstadt;278209
Bahnhof Eisfeld;994755
Bahnhof Eislingen (Fils);556572
Bahnhof Eitensheim;378901
Bahnhof Eitorf;444542
Bahnhof Ellerbek Kiel;703759
Bahnhof Ellhofen;421069
Bahnhof Elmschenhagen Kiel;704500
Bahnhof Elmshorn (Holstenplatz) Elmshorn;367069
Bahnhof Elmshorn (Holstenstraße) Elmshorn;367799
Bahnhof Elsterwerda;371760
Bahnhof Eltville am Rhein;111029
Bahnhof Elzach;500153
Bahnhof Elze;635692
Bahnhof Emmelshausen;458154
Bahnhof Emmerich am Rhein;251794
Bahnhof Emmerthal;265308
Bahnhof Emsdetten;901602
Bahnhof Emskirchen;460530
Bahnhof Endingen am Kaiserstuhl;499630
Bahnhof Engelskirchen;441020
Bahnhof Eppelborn;401415
Bahnhof Eppelsheim;506140
Bahnhof Eppingen;756052
Bahnhof Eppstein;104102
Bahnhof Erbach (Donau);492468
Bahnhof Erbach (Odenwald);111223
Bahnhof Erding;622549
Bahnhof Ergoldsbach;541370
Bahnhof Eriskirch;998865
Bahnhof Erlenbach a Main;425638
Bahnhof Erpel;109677
Bahnhof Ersatzhalt Soest;364438
Bahnhof Ersatzverkehr Schwäbisch Gmünd;373300
Bahnhof Erzhausen;104792
Bahnhof Eschborn;102201
Bahnhof Eschede;597736
Bahnhof Eschelbronn;506200
Bahnhof Esens;602031
Bahnhof Espelkamp;922757
Bahnhof Essen (Oldenburg);602965
Bahnhof Essingen (Pfalz);308303
Bahnhof Euskirchen;585196
Bahnhof Eutingen im Gäu;750651
Bahnhof Eystrup;604387
Bahnhof F Soest;902743
Bahnhof Fahrenkrug;701275
Bahnhof Falkenberg (Elster);973308
Bahnhof Falkensee;734774
Bahnhof Falkenstein/Vogtl;967377
Bahnhof Farge Bremen;775635
Bahnhof Faulbach;467047
Bahnhof Feilitzsch;546295
Bahnhof Feldafing;376470
Bahnhof Felde;698269
Bahnhof Fellbach;366500
Bahnhof Feucht;682984
Bahnhof Fichtenberg (Württ);830199
Bahnhof Finsterwalde;741205
Bahnhof Fischbachau;592982
Bahnhof Flensburg;697483
Bahnhof Flieden;111051
Bahnhof Forbach;723770
Bahnhof Frankenberg (Eder);902388
Bahnhof Frankenberg/Sa;981053
Bahnhof Frankenstein (Pfalz);404398
Bahnhof Frankenstein Bahnübergang Oberschöna;983976
Bahnhof Frankfurt (Oder);278118
Bahnhof Freden (Leine);480091
Bahnhof Fredenbeck;598050
Bahnhof Freiberg (Sachsen);973124
Bahnhof Freiberg am Neckar;371503
Bahnhof Freihung;220001
Bahnhof Freilassing;877342
Bahnhof Freinsheim;518097
Bahnhof Freising;625996
Bahnhof Fremersdorf Rehlingen-Siersburg Merzig;836430
Bahnhof Freyung;542607
Bahnhof Frickenhausen (Württ);561911
Bahnhof Fridingen an der Donau;501781
Bahnhof Friedberg (Bayern);781992
Bahnhof Friedberg (Hessen);106401
Bahnhof Friedrichroda;646772
Bahnhof Friedrichsdorf;104303
Bahnhof Friedrichstadt;695621
Bahnhof Friedrichsthal (Saar);839110
Bahnhof Friesenheim (Baden);882140
Bahnhof Fritzlar;712508
Bahnhof Fronhausen;111084
Bahnhof Fröndenberg;878244
Bahnhof Furth im Wald;542970
Bahnhof Föhren;255928
Bahnhof Fürstenberg (Havel);734057
Bahnhof Fürsteneck;542549
Bahnhof Fürstenwalde (Spree);278230
Bahnhof Fürth (Odenwald);506470
Bahnhof Füssen;966017
Bahnhof Gablingen;780534
Bahnhof Gaggenau;373968
Bahnhof Gaimersheim;789261
Bahnhof Gammertingen;750700
Bahnhof Ganderkesee;602297
Bahnhof Garching a d Alz;594423
Bahnhof Garding;697355
Bahnhof Garmisch-Partenkirchen;590314
Bahnhof Gars a Inn;621110
Bahnhof Gartenholz (Westseite) Ahrensburg;895807
Bahnhof Gartenholz Ahrensburg;895760
Bahnhof Gau-Algesheim;406948
Bahnhof Gauting;622023
Bahnhof Geeste;597327
Bahnhof Geiselhöring;541144
Bahnhof Geisenheim;111033
Bahnhof Geldern;136117
Bahnhof Geltendorf;246059
Bahnhof Gemmingen;374811
Bahnhof Gemünden a Main;466152
Bahnhof Gennweiler Illingen (Saar);836360
Bahnhof Gensingen;405540
Bahnhof Georgensgmünd;683015
Bahnhof Germersheim;511090
Bahnhof Gernsbach;724288
Bahnhof Gernsheim;111269
Bahnhof Gerolstein;458512
Bahnhof Gersfeld (Rhön);465442
Bahnhof Gersthofen;780554
Bahnhof Gerstungen;996715
Bahnhof Geseke;922929
Bahnhof Gessertshausen;780581
Bahnhof Gettorf;698422
Bahnhof Giengen an der Brenz;818094
Bahnhof Gießen;111016
Bahnhof Glan-Münchweiler;403750
Bahnhof Glashüttenstraße Eisenhüttenstadt;278184
Bahnhof Glaubitz;975230
Bahnhof Glauchau;200005
Bahnhof Gliesmarode Braunschweig;270059
Bahnhof Glückstadt;700473
Bahnhof Gmund a Tegernsee;592913
Bahnhof Goch;136116
Bahnhof Gokels;131483
Bahnhof Goldenstedt;610657
Bahnhof Golzow (Oderbruch);740317
Bahnhof Golßen;741196
Bahnhof Gomadingen;490516
Bahnhof Goslar;628982
Bahnhof Gottenheim;378667
Bahnhof Gottmadingen;501531
Bahnhof Graben-Neudorf;720807
Bahnhof Grafenwiesen;377714
Bahnhof Grafing b München;204050
Bahnhof Gransee;738023
Bahnhof Grebenstein;713959
Bahnhof Greiz;262127
Bahnhof Greven (Westf);905485
Bahnhof Grevenbroich;367001
Bahnhof Grieben;321835
Bahnhof Grimmen;325469
Bahnhof Gronau (Westf);902604
Bahnhof Groß Kreutz (Havel);735586
Bahnhof Groß Köris;736593
Bahnhof Groß-Gerau;104802
Bahnhof Großbeeren;736518
Bahnhof Großenkneten;614756
Bahnhof Großenlüder;101173
Bahnhof Großheringen;646881
Bahnhof Großkarolinenfeld;592469
Bahnhof Großräschen;728277
Bahnhof Großröhrsdorf;371780
Bahnhof Großschwabhausen;646550
Bahnhof Großschönau;977578
Bahnhof Grub a Forst;115051
Bahnhof Gräfelfing;624570
Bahnhof Gräfenberg;683022
Bahnhof Gräfendorf (Unterfranken);466453
Bahnhof Grävenwiesbach;106308
Bahnhof Grünberg (Hessen);111183
Bahnhof Grünhainichen;980719
Bahnhof Grünsfeld;112503
Bahnhof Grünstadt;506681
Bahnhof Guben;278148
Bahnhof Gummersbach;440981
Bahnhof Gundelfingen (Breisgau);808022
Bahnhof Gundelfingen a d Donau;784840
Bahnhof Gundelsheim (Württ);506702
Bahnhof Guntersblum;506717
Bahnhof Gunzenhausen;460350
Bahnhof Guxhagen;713656
Bahnhof Gärtringen;561457
Bahnhof Gäufelden;751702
Bahnhof Göhren (Rügen);952119
Bahnhof Göppingen;810331
Bahnhof Görlitz;374885
Bahnhof Günzach;845074
Bahnhof Günzburg;780639
Bahnhof Haan;655855
Bahnhof Hachenburg;457291
Bahnhof Hadamar;111020
Bahnhof Hagelstadt;786806
Bahnhof Hainichen (Sachsen);981229
Bahnhof Halbe;370017
Bahnhof Halfing;593526
Bahnhof Hallstadt;707069
Bahnhof Haltern am See;657170
Bahnhof Hammah;599096
Bahnhof Hamminkeln;364619
Bahnhof Hanerau-Hademarschen;698464
Bahnhof Hann Münden;711778
Bahnhof Harburg Hamburg;597106
Bahnhof Hardegsen;355006
Bahnhof Haren (Ems);597681
Bahnhof Harleshausen Kassel;712362
Bahnhof Harpstedt;604960
Bahnhof Harsefeld;614574
Bahnhof Hasbergen;625258
Bahnhof Haslach im Kinzigtal;570928
Bahnhof Hasloch;467065
Bahnhof Hassel St Ingbert;399697
Bahnhof Hasselbrook Hamburg;895301
Bahnhof Haste;612501
Bahnhof Hattingen;658271
Bahnhof Hattorf am Harz;350472
Bahnhof Hatzenport;456151
Bahnhof Hauenstein;368057
Bahnhof Hausach;815217
Bahnhof Hausen im Wiesental;502171
Bahnhof Hausham;592999
Bahnhof Havixbeck;411129
Bahnhof Haßfurt;945249
Bahnhof Haßloch;506866
Bahnhof Hechthausen;607977
Bahnhof Heide;697708
Bahnhof Heidenau (Sachsen);978043
Bahnhof Heiligengrabe;734402
Bahnhof Heilsbronn;683047
Bahnhof Heinzenhausen;403764
Bahnhof Heitersheim;503607
Bahnhof Helmstedt;887585
Bahnhof Hemmingen (Württ);561345
Bahnhof Hemsbach;370471
Bahnhof Henfenfeld;683053
Bahnhof Hennef (Sieg);444720
Bahnhof Heppenheim (Bergstraße);518212
Bahnhof Herbertingen;750908
Bahnhof Herbolzheim;500109
Bahnhof Herdecke;362269
Bahnhof Herford;930085
Bahnhof Hergatz;377522
Bahnhof Heringsdorf (Usedom);331065
Bahnhof Herleshausen;715162
Bahnhof Hermsdorf (Thür);647076
Bahnhof Herne;654972
Bahnhof Herrenkrug (Tram/Bus) Magdeburg;954379
Bahnhof Herrsching a Ammersee;625739
Bahnhof Herzberg (Elster);726103
Bahnhof Herzberg am Harz;350500
Bahnhof Herzhorn;374769
Bahnhof Hessisch Oldendorf;373845
Bahnhof Heusenstamm;104694
Bahnhof Hilbersdorf Chemnitz;982173
Bahnhof Hilpoltstein;682642
Bahnhof Himmelpforten;374907
Bahnhof Himmelreich (Ostseite) Buchenbach;498765
Bahnhof Hinterweidenthal;507119
Bahnhof Hinterzarten;500171
Bahnhof Hirschaid;464583
Bahnhof Hirschhorn (Neckar);507128
Bahnhof Hittfeld Seevetal;693640
Bahnhof Hitzacker (Elbe);316101
Bahnhof Hochdorf (b Horb) Eutingen im Gäu;106149
Bahnhof Hochheim am Main;106998
Bahnhof Hochspeyer;403358
Bahnhof Hochstätten;405627
Bahnhof Hockenheim;518214
Bahnhof Hodenhagen;318737
Bahnhof Hofeld Namborn;835882
Bahnhof Hofgeismar;710548
Bahnhof Hofheim am Taunus;104199
Bahnhof Hohenstein-Ernstthal;983043
Bahnhof Hohenwestedt;143068
Bahnhof Holdorf (Niedersachsen);603421
Bahnhof Holthusen;321144
Bahnhof Holzgerlingen;561341
Bahnhof Holzhausen (Bus) Leipzig;962918
Bahnhof Holzkirchen (Oberbayern);592609
Bahnhof Holzminden;356700
Bahnhof Holzwickede;415601
Bahnhof Horka;978142
Bahnhof Hornberg;571064
Bahnhof Horneburg;598329
Bahnhof Horst (Holstein);701288
Bahnhof Hoyerswerda;978353
Bahnhof Hst 1/3 5 Lage (Lippe);922362
Bahnhof Hst 2 Lage (Lippe);922366
Bahnhof Hude (Oldenburg);602392
Bahnhof Huglfing;590605
Bahnhof Hungen;111141
Bahnhof Husby;697506
Bahnhof Husum (Nordsee);695185
Bahnhof Höchst i Odw;425664
Bahnhof Höchstädt a d Donau;784822
Bahnhof Höfen an der Enz;828553
Bahnhof Hörstel;904413
Bahnhof Hüfingen;500797
Bahnhof Hünfeld;996557
Bahnhof Hüttingen an der Kyll;459550
Bahnhof Ichenhausen;871170
Bahnhof Icking;639149
Bahnhof Idar-Oberstein;507158
Bahnhof Idstein;111318
Bahnhof Igersheim;421574
Bahnhof Ihringen;496526
Bahnhof Illertissen;871187
Bahnhof Illingen (Saar);836755
Bahnhof Illingen (Württ);376561
Bahnhof Immendingen;371242
Bahnhof Immenhausen;719605
Bahnhof Immenreuth;545344
Bahnhof Immenstadt i Allgäu;965104
Bahnhof Imsweiler;405653
Bahnhof Ingelbach;456594
Bahnhof Ingelheim am Rhein;507319
Bahnhof Ingolstadt Audi Ingolstadt;190601
Bahnhof Insheim;507348
Bahnhof Iphofen;461619
Bahnhof Isernhagen;638659
Bahnhof Ispringen;940312
Bahnhof Jacobsdorf;278124
Bahnhof Jagstzell;421319
Bahnhof Jatznick;331879
Bahnhof Jestetten;502645
Bahnhof Jettenbach (Oberbayern);543794
Bahnhof Joachimsthal;727419
Bahnhof Jockgrim;362664
Bahnhof Johanngeorgenstadt;969096
Bahnhof Jungingen;751012
Bahnhof Jübek;147301
Bahnhof Jünkerath;459123
Bahnhof Jüterbog;736287
Bahnhof Kahl a Main;425257
Bahnhof Kahla (Thür);690728
Bahnhof Kaisersesch;454810
Bahnhof Kall;446661
Bahnhof Kamen;902823
Bahnhof Kamenz;374961
Bahnhof Kandel;507412
Bahnhof Kappelrodeck;882258
Bahnhof Karl-Wiechert-Allee Hannover;617212
Bahnhof Karlsfeld;624738
Bahnhof Karlstadt;363511
Bahnhof Karstädt (Prignitz);737371
Bahnhof Kasseler Tor Paderborn;926016
Bahnhof Katzhütte;691239
Bahnhof Kaufbeuren;965553
Bahnhof Kaufering;784887
Bahnhof Kehl;882262
Bahnhof Kelkheim (Taunus);104295
Bahnhof Kellmünz a d Iller;871251
Bahnhof Kelsterbach;102901
Bahnhof Kempen;658074
Bahnhof Kenzingen;503754
Bahnhof Kevelaer;376115
Bahnhof Kiefersfelden;591096
Bahnhof Kinding;461035
Bahnhof Kindsbach;836352
Bahnhof Kirchberg an der Murr;562153
Bahnhof Kirchehrenbach;461512
Bahnhof Kirchen (Sieg);415986
Bahnhof Kirchentellinsfurt;402002
Bahnhof Kirchhain;715310
Bahnhof Kirchheim am Neckar;755230
Bahnhof Kirchheim an der Weinstraße;507504
Bahnhof Kirchseelte;605536
Bahnhof Kirchweidach;595865
Bahnhof Kirchzarten;808328
Bahnhof Kirkel;377001
Bahnhof Kirn;512203
Bahnhof Kirrweiler (Pfalz);508084
Bahnhof Kissing;780792
Bahnhof Kitzingen;465514
Bahnhof Kißlegg;490123
Bahnhof Klanxbüll;695215
Bahnhof Kleefeld Hannover;616036
Bahnhof Klein Bünzow;331173
Bahnhof Klein-Winternheim;405061
Bahnhof Kleinblittersdorf;839424
Bahnhof Kleinheubach;426395
Bahnhof Kleinwallstadt;425587
Bahnhof Klingenberg (Sachsen);978368
Bahnhof Klingenberg a Main;425687
Bahnhof Klingenthal;967661
Bahnhof Klinikum Bremen-Nord Bremen;776235
Bahnhof Klotzsche Dresden;977976
Bahnhof Kobern-Gondorf;455220
Bahnhof Kochel a See;590235
Bahnhof Kodersdorf;977054
Bahnhof Kolbermoor;593783
Bahnhof Kolkwitz;742315
Bahnhof Konstanz;504064
Bahnhof Konz;457809
Bahnhof Kornwestheim;561525
Bahnhof Korschenbroich;658329
Bahnhof Kranichfeld;691111
Bahnhof Kreinsloger Bremen;597272
Bahnhof Kremmen;733843
Bahnhof Krempe Krempe;700598
Bahnhof Kremperheide;365495
Bahnhof Kressbronn am Bodensee;378978
Bahnhof Kronberg im Taunus;102252
Bahnhof Kronweiler;135411
Bahnhof Krumbach (Schwaben);780819
Bahnhof Kröpelin;212108
Bahnhof Kubschütz;367950
Bahnhof Kuppenheim;724050
Bahnhof Kusel;403832
Bahnhof Kutenholz;619342
Bahnhof Kyritz;728506
Bahnhof Käfertörle Mosbach;508328
Bahnhof Königsbrück;978051
Bahnhof Königslutter am Elm;888241
Bahnhof Königstein im Taunus;104230
Bahnhof Königswinter;440415
Bahnhof Körle;711068
Bahnhof Laage;500007
Bahnhof Laberweinting;546169
Bahnhof Lahr (Schwarzwald);372103
Bahnhof Lam;841069
Bahnhof Lambrecht (Pfalz);507681
Bahnhof Lampertheim;518256
Bahnhof Lampertswalde;105440
Bahnhof Landsberg a Lech;246114
Bahnhof Landstuhl;507794
Bahnhof Landsweiler-Reden Schiffweiler;835464
Bahnhof Langelsheim;347911
Bahnhof Langen (Hessen);102705
Bahnhof Langenargen;493522
Bahnhof Langenau (Württ);492589
Bahnhof Langenhahn;457325
Bahnhof Langenhorn;695249
Bahnhof Langenlonsheim;406570
Bahnhof Langenselbold;111061
Bahnhof Langenzenn;683115
Bahnhof Langgöns;111205
Bahnhof Lathen;601529
Bahnhof Lauchhammer;741846
Bahnhof Lauchheim;104817
Bahnhof Lauchringen;502455
Bahnhof Lauenbrück;627435
Bahnhof Lauenburg Lauenburg (Elbe);694258
Bahnhof Lauenförde;377737
Bahnhof Laufen;877248
Bahnhof Lauffen am Neckar;756066
Bahnhof Lauingen (Donau);784770
Bahnhof Laurenburg;455184
Bahnhof Lauscha;210549
Bahnhof Lauta;978391
Bahnhof Lauterecken;407237
Bahnhof Lautzkirchen Blieskastel;402118
Bahnhof Laußnitz;975424
Bahnhof Lebach;401632
Bahnhof Ledeburg Hannover;616153
Bahnhof Legden;904952
Bahnhof Lehe Bremerhaven;769429
Bahnhof Leichlingen (Rheinland);658966
Bahnhof Leiferde;888369
Bahnhof Leingarten;756109
Bahnhof Leinhausen Hannover;617195
Bahnhof Leisnig;984639
Bahnhof Lemförde;924670
Bahnhof Lemgo;363200
Bahnhof Lengenfeld;967416
Bahnhof Lengerich (Westf);905000
Bahnhof Lenggries;592643
Bahnhof Leonberg (Württ);940407
Bahnhof Lesum Bremen;618118
Bahnhof Letschin;728252
Bahnhof Leubsdorf (Rhein);350173
Bahnhof Leubsdorf (Sachsen);980674
Bahnhof Leutenberg;690900
Bahnhof Lich;111139
Bahnhof Lichtenberg/Erzgeb;980560
Bahnhof Lichtenfels (Bayern);464237
Bahnhof Lichtenstein/Sa;983585
Bahnhof Lichtentanne;983690
Bahnhof Limbach Kirkel;399503
Bahnhof Limburgerhof;201917
Bahnhof Lindhorst;611579
Bahnhof Lindow (Mark);734480
Bahnhof Lingenfeld;507945
Bahnhof Linsburg;611924
Bahnhof Linz am Rhein;455048
Bahnhof Lippstadt;925062
Bahnhof Lissendorf;459140
Bahnhof Lohne (Oldenburg);610465
Bahnhof Lohr a Main;466878
Bahnhof Lohsa;978392
Bahnhof Lollar;374085
Bahnhof Lorch (Rheingau);111036
Bahnhof Lorch (Württ);825183
Bahnhof Lorsch;518267
Bahnhof Loxstedt;606086
Bahnhof Luckenwalde;736282
Bahnhof Ludwigsfelde;736515
Bahnhof Ludwigslust;737983
Bahnhof Ludwigsstadt;464521
Bahnhof Luhe-Wildenau;375675
Bahnhof Lunden;697796
Bahnhof Löcknitz;739209
Bahnhof Löffingen;503167
Bahnhof Lübbecke;925246
Bahnhof Lübben (Spreewald);741046
Bahnhof Lübbenau (Spreewald);741114
Bahnhof Lübberstedt;604282
Bahnhof Lübz;109101
Bahnhof Lüdenscheid;881347
Bahnhof Lüdinghausen;905660
Bahnhof Lügde;925268
Bahnhof Magstadt;556183
Bahnhof Mahndorf Bremen;626253
Bahnhof Mainleus;462648
Bahnhof Malching Maisach;624869
Bahnhof Malente;699931
Bahnhof Malsch (Kreis Karlsruhe);721842
Bahnhof Malsfeld;715940
Bahnhof Marbach am Neckar;367503
Bahnhof Marienheide;443257
Bahnhof Markdorf;491290
Bahnhof Markt Bibart;683142
Bahnhof Markt Indersdorf;623569
Bahnhof Marktbreit;467422
Bahnhof Marktl;706196
Bahnhof Marktleuthen;547065
Bahnhof Marktoberdorf;845046
Bahnhof Marktredwitz;545328
Bahnhof Marsberg;905815
Bahnhof Martinstein;407388
Bahnhof Marxzell;720347
Bahnhof Massing;543864
Bahnhof Mauer;510078
Bahnhof Maulburg;502181
Bahnhof Maxhütte-Haidhof;785508
Bahnhof Mechernich;446885
Bahnhof Meckenbeuren;491041
Bahnhof Meckesheim;372835
Bahnhof Meeder;464191
Bahnhof Meerane;200426
Bahnhof Meeschensee Norderstedt;137976
Bahnhof Meine;888667
Bahnhof Meitingen;781267
Bahnhof Melle;608799
Bahnhof Mellrichstadt;465572
Bahnhof Melsungen;710108
Bahnhof Menden (Sauerland);879320
Bahnhof Mengen;751192
Bahnhof Meppen;611519
Bahnhof Mering;782002
Bahnhof Merklingen;334010
Bahnhof Mertingen;780978
Bahnhof Merzig;400902
Bahnhof Messel;111258
Bahnhof Metelen Land Metelen;906307
Bahnhof Mettlach;401148
Bahnhof Metzingen;751205
Bahnhof Meyenburg;737372
Bahnhof Meßkirch;752320
Bahnhof Michelstadt;111222
Bahnhof Michendorf;735278
Bahnhof Miesbach;593045
Bahnhof Miltach;540604
Bahnhof Miltenberg;467033
Bahnhof Mindelheim;372830
Bahnhof Minden (Westf);997059
Bahnhof Mistorf;935137
Bahnhof Mitte Chemnitz;370393
Bahnhof Mitte Dietzenbach;100571
Bahnhof Mitte Dresden;140001
Bahnhof Mitte Hauenstein;509102
Bahnhof Mitte Konz;457806
Bahnhof Mitte Plauen;968701
Bahnhof Mitte Solingen;113818
Bahnhof Mittelherwigsdorf;409700
Bahnhof Mittenwald;590323
Bahnhof Mittweida;980811
Bahnhof Moers;663349
Bahnhof Monreal;111114
Bahnhof Monsheim;508308
Bahnhof Montabaur;454776
Bahnhof Monzingen;406919
Bahnhof Moritzburg;978352
Bahnhof Muhr a See;676735
Bahnhof Mulda/Sa;980542
Bahnhof Munderkingen;800788
Bahnhof Munster;318400
Bahnhof Murg;502418
Bahnhof Murnau a Staffelsee;590214
Bahnhof Murrhardt;364916
Bahnhof Möckmühl;833452
Bahnhof Mögglingen;420224
Bahnhof Mölkau (Bus) Leipzig;956128
Bahnhof Mölln (Meckl);203733
Bahnhof Mölln Mölln (Kreis Hzgt Lauenburg);702398
Bahnhof Mömbris;425897
Bahnhof Mörlenbach;508424
Bahnhof Mössingen;751294
Bahnhof Möttingen;205342
Bahnhof Mücka;208468
Bahnhof Mühlacker;373123
Bahnhof Mühldorf a Inn;875536
Bahnhof Mühlhausen (Thür);375961
Bahnhof Mühlheim an der Donau;501448
Bahnhof Müllheim;367132
Bahnhof Müllrose;363475
Bahnhof Münchberg;546407
Bahnhof Müncheberg;738587
Bahnhof Münchhausen am Christenberg;715176
Bahnhof Münchweiler an der Alsenz;511307
Bahnhof Münchweiler an der Rodalb;508473
Bahnhof Münnerstadt;465581
Bahnhof Münsingen;751300
Bahnhof Nabburg;545020
Bahnhof Nackenheim;130361
Bahnhof Nagold;828424
Bahnhof Naila;546328
Bahnhof Nassau;455180
Bahnhof Nauen;734771
Bahnhof Nauheim;111326
Bahnhof Naundorf Radebeul;974357
Bahnhof Neckargemünd;518405
Bahnhof Neckargerach;508571
Bahnhof Neckarsteinach;422163
Bahnhof Neetze;614635
Bahnhof Neetzka;332190
Bahnhof Nehren (Württ);492077
Bahnhof Neidenstein;508604
Bahnhof Nennhausen;728440
Bahnhof Nersingen;871754
Bahnhof Nesselwang;845149
Bahnhof Nettersheim;446954
Bahnhof Netzschkau;967923
Bahnhof Neu Wulmstorf;617058
Bahnhof Neubukow;936003
Bahnhof Neuburg a d Donau;788711
Bahnhof Neuburg am Rhein;511031
Bahnhof Neuenburg am Rhein;498546
Bahnhof Neuenhaus;618947
Bahnhof Neuenkirchen-Vörden;614765
Bahnhof Neuenmarkt;463996
Bahnhof Neuenrade;881642
Bahnhof Neufahrn b Freising;302660
Bahnhof Neufahrn i NB;541529
Bahnhof Neuffen;561356
Bahnhof Neuhaus a d Pegnitz;675348
Bahnhof Neuhausen/Spree;742378
Bahnhof Neuhof (Kreis Fulda);111050
Bahnhof Neukirchen b Sulzbach-Rosenberg;377900
Bahnhof Neukirchen-Klaffenbach Neukirchen/Erzgeb;982707
Bahnhof Neulußheim;203101
Bahnhof Neumarkt i d Oberpfalz;683168
Bahnhof Neumarkt-St Veit;875552
Bahnhof Neumühle (Elster);262701
Bahnhof Neunkirchen a Sand;460258
Bahnhof Neupetershain;743076
Bahnhof Neusorg;546575
Bahnhof Neustadt (Dosse);734568
Bahnhof Neustadt (Hansastr) Dresden;972169
Bahnhof Neustadt (Hessen);111075
Bahnhof Neustadt Bremen;775649
Bahnhof Neustadt Dresden;373616
Bahnhof Neustadt a d Aisch;683174
Bahnhof Neustadt a d Donau;362895
Bahnhof Neustadt a d Waldnaab;545028
Bahnhof Neustadt b Coburg;464382
Bahnhof Neustadt i Sa;974078
Bahnhof Neusäß;780243
Bahnhof Neutrebbin;739966
Bahnhof Neuwied;350165
Bahnhof Neuzelle;749472
Bahnhof Nidda;111145
Bahnhof Niebüll;695300
Bahnhof Nieder-Olm;308008
Bahnhof Niederau;379120
Bahnhof Niederdreisbach;367187
Bahnhof Niedergebra;248212
Bahnhof Niedergörsdorf;736301
Bahnhof Niederheimbach;511392
Bahnhof Niederlinxweiler St Wendel;836425
Bahnhof Niedermohr;403524
Bahnhof Niedernhausen;106101
Bahnhof Niederorschel;860802
Bahnhof Niederstetten;421785
Bahnhof Niederstotzingen;871824
Bahnhof Nierstein;405274
Bahnhof Niesky;108488
Bahnhof Nittel;255830
Bahnhof Nord Achim b Bremen;603987
Bahnhof Nord Coburg;370166
Bahnhof Nord Lohr a Main;461727
Bahnhof Nordausgang Roth (Mittelfranken);675992
Bahnhof Nordausgang Soest;376256
Bahnhof Nordendorf;781435
Bahnhof Nordenham;768829
Bahnhof Nordhorn;608047
Bahnhof Nordseite Eching (Kreis Freising);620601
Bahnhof Nordseite Flörsheim am Main;104023
Bahnhof Nordseite Goslar;597922
Bahnhof Nordseite Hattersheim am Main;122588
Bahnhof Nordseite Mühlheim am Main;104555
Bahnhof Nordseite Oberasbach;460325
Bahnhof Nordseite Raunheim;114373
Bahnhof Nordstadt Hannover;638957
Bahnhof Nordstemmen;480081
Bahnhof Nordwalde;412164
Bahnhof Norheim;406850
Bahnhof Nünchritz;975859
Bahnhof Nürtingen;378791
Bahnhof Nützen;701442
Bahnhof Ober-Ramstadt;508846
Bahnhof Oberammergau;590382
Bahnhof Oberau;590378
Bahnhof Oberbettingen;458724
Bahnhof Oberboihingen;206339
Bahnhof Oberdachstetten;460223
Bahnhof Oberdorf Olbersdorf;372520
Bahnhof Obererbach (Westerwald);456569
Bahnhof Oberholz (Bus) Großpösna;957507
Bahnhof Oberkirch;367020
Bahnhof Oberkochen;105113
Bahnhof Oberkotzau;546220
Bahnhof Oberneuland Bremen;374741
Bahnhof Oberschleißheim;625590
Bahnhof Oberstaufen;371783
Bahnhof Obertshausen;104690
Bahnhof Oberursel (Taunus);102303
Bahnhof Oberwesel;455298
Bahnhof Oberzissen;454331
Bahnhof Oberzwehren Kassel;710497
Bahnhof Ochsenfurt;820199
Bahnhof Ochtrup;411803
Bahnhof Oebisfelde Oebisfelde-Weferlingen;960856
Bahnhof Oederan;980650
Bahnhof Oelde;901962
Bahnhof Oelsnitz/Erzgeb;983562
Bahnhof Oelsnitz/Vogtl;967727
Bahnhof Offenau;421043
Bahnhof Offingen;871899
Bahnhof Oftersheim;518438
Bahnhof Oker Goslar;626516
Bahnhof Olbernhau;983997
Bahnhof Olching;623703
Bahnhof Oldenbüttel Hambergen;604560
Bahnhof Olsberg;903330
Bahnhof Olsbrücken;508971
Bahnhof Oppenau;571791
Bahnhof Oppenweiler;556454
Bahnhof Ording St Peter-Ording;695392
Bahnhof Ort Dellfeld;509016
Bahnhof Ortrand;978410
Bahnhof Oslebshausen Bremen;612487
Bahnhof Ost (Bus) Calbe (Saale);956957
Bahnhof Ost Allensbach;203002
Bahnhof Ost Fußgängerbrücke Peitz;742391
Bahnhof Ost Hammelburg;461729
Bahnhof Ost Kühlungsborn;935859
Bahnhof Ost Langenlonsheim;130799
Bahnhof Ost Neukirch/Lausitz;976082
Bahnhof Ost Peiting;595367
Bahnhof Ost Schwabach;676878
Bahnhof Ost Weingarten (Baden);722662
Bahnhof Ost Wiesenthau;461078
Bahnhof Ost/Schule Georgensgmünd;164222
Bahnhof Ost/Vorplatz Neckarsulm;756128
Bahnhof Ostbevern;415459
Bahnhof Osterburken;508987
Bahnhof Osterhofen;362960
Bahnhof Osterholz-Scharmbeck;604296
Bahnhof Osterstedt;698742
Bahnhof Osthofen;518461
Bahnhof Ostrach;490045
Bahnhof Ostritz;977297
Bahnhof Ostseite Bad Krozingen;503800
Bahnhof Ostseite Biebesheim am Rhein;114245
Bahnhof Ostseite Eching (Kreis Freising);624141
Bahnhof Ostseite Fronhausen;113218
Bahnhof Ostseite Groß-Rohrheim;506659
Bahnhof Ostseite Neu-Isenburg;103701
Bahnhof Ostseite Unterschleißheim;626195
Bahnhof Ottenhöfen im Schwarzwald;882617
Bahnhof Otterbach;507725
Bahnhof Otterfing;591178
Bahnhof Otterndorf;606295
Bahnhof Otting;783855
Bahnhof Ottweiler;836344
Bahnhof Overath;440024
Bahnhof Owen;562243
Bahnhof Oy-Mittelberg;591656
Bahnhof P+R Buchloe;846788
Bahnhof P+R Fröndenberg;416557
Bahnhof Papenburg;601502
Bahnhof Pappenheim;683360
Bahnhof Parchim;320710
Bahnhof Park&Ride-Platz Feucht;676607
Bahnhof Parsberg;467778
Bahnhof Partenstein;466234
Bahnhof Passow (Uckermark);740900
Bahnhof Patersdorf;548629
Bahnhof Paulinenaue;734968
Bahnhof Paunsdorf (Bus) Leipzig;958416
Bahnhof Pegnitz;545212
Bahnhof Peine;346203
Bahnhof Peißenberg;592312
Bahnhof Penzberg;590684
Bahnhof Petershausen;626127
Bahnhof Pfaffenhausen;871941
Bahnhof Pfaffenhofen a d Ilm;855061
Bahnhof Pfungstadt;124528
Bahnhof Piding;592272
Bahnhof Pinneberg Pinneberg;895003
Bahnhof Pinnow (Uckermark);727456
Bahnhof Pirna;363370
Bahnhof Plattling;542201
Bahnhof Plau am See;106141
Bahnhof Pleinfeld;683369
Bahnhof Plettenberg;879972
Bahnhof Plochingen;561516
Bahnhof Plüschow;322335
Bahnhof Poppenhausen (Unterfranken);105855
Bahnhof Post Sulz am Neckar;306906
Bahnhof Postbauer-Heng;460453
Bahnhof Pressath;544928
Bahnhof Pressig;464783
Bahnhof Prien a Chiemsee;590097
Bahnhof Priestewitz;974924
Bahnhof Pritzier;597521
Bahnhof Pritzwalk;737374
Bahnhof Probstzella;468836
Bahnhof Prüfening Regensburg;374650
Bahnhof Pulheim;447053
Bahnhof Pullach i Isartal;625113
Bahnhof Pulsnitz;106038
Bahnhof Putbus;952444
Bahnhof Pösing;547303
Bahnhof Quakenbrück;609661
Bahnhof Quendorf;619835
Bahnhof Quickborn (Kreis Pinneberg);693932
Bahnhof Quierschied;400738
Bahnhof Rabenau (Sachsen);978705
Bahnhof Radeberg;371740
Bahnhof Radeburg;974471
Bahnhof Rahden;926667
Bahnhof Rahlstedt (Amtsstraße) Hamburg;895161
Bahnhof Rahlstedt (Doberaner Weg) Hamburg;895814
Bahnhof Rain (Lech);783633
Bahnhof Rammingen (Württ);492605
Bahnhof Rangendingen;751547
Bahnhof Rangsdorf;736511
Bahnhof Ranstadt;111146
Bahnhof Rastatt;361844
Bahnhof Rastede;603180
Bahnhof Rastow;321150
Bahnhof Rathenow;735113
Bahnhof Rathmannsdorf;973892
Bahnhof Ratzeburg;706328
Bahnhof Ratzeburg Ratzeburg;705362
Bahnhof Raubling;593627
Bahnhof Ravensburg;492865
Bahnhof Rechenberg-Bienenmühle;980292
Bahnhof Rednitzhembach;683395
Bahnhof Regenstauf;222000
Bahnhof Rehau;546521
Bahnhof Rehfelde;738585
Bahnhof Rehna;321287
Bahnhof Reichelsheim (Wetterau);111157
Bahnhof Reichenbach an der Fils;555033
Bahnhof Reichenbach im Vogtland;967982
Bahnhof Reichenbach/O L;308785
Bahnhof Reichenhain Chemnitz;330106
Bahnhof Reichertshausen;855088
Bahnhof Reil;256019
Bahnhof Reinfeld (Holstein);701982
Bahnhof Reinheim;111229
Bahnhof Reiskirchen;111180
Bahnhof Reitmehring Wasserburg a Inn;623612
Bahnhof Reken Bahnhof Reken;903901
Bahnhof Remagen;453019
Bahnhof Renchen;882188
Bahnhof Renningen;561417
Bahnhof Rentrisch St Ingbert;402363
Bahnhof Reuth (Sachsen);967208
Bahnhof Reuth b Erbendorf;544902
Bahnhof Rheinbach;459452
Bahnhof Rheinberg;587785
Bahnhof Rheinbrohl;455037
Bahnhof Rheine;362846
Bahnhof Rheinsberg;734604
Bahnhof Rheinzabern;721609
Bahnhof Rieseby;698792
Bahnhof Rieste;609876
Bahnhof Rietschen;976872
Bahnhof Rimbach (Odenwald);509279
Bahnhof Ringsheim;882028
Bahnhof Rinteln;997002
Bahnhof Ritterhude;769724
Bahnhof Rockenhausen;405650
Bahnhof Rodalben;509315
Bahnhof Rodenbach b Hanau;111062
Bahnhof Rodewisch;968673
Bahnhof Roding;546767
Bahnhof Roggentin;936637
Bahnhof Rohrbach (Ilm);855055
Bahnhof Rohrbach (Pfalz);308306
Bahnhof Rommerskirchen;447142
Bahnhof Rosbach v d Höhe;111197
Bahnhof Rosenberg (Baden);372789
Bahnhof Rosenheim (Oberbayern);622983
Bahnhof Rot Malsch b Wiesloch;518497
Bahnhof Rot am See;830496
Bahnhof Rotenburg (Wümme);603837
Bahnhof Rotenburg a d Fulda;711986
Bahnhof Roth (Mittelfranken);682729
Bahnhof Rothe Erde (Bus) Aachen;585714
Bahnhof Rothenburg ob der Tauber;374704
Bahnhof Rott a Inn;204121
Bahnhof Rottenacker;801042
Bahnhof Rottenburg am Neckar;751717
Bahnhof Rottendorf;462702
Bahnhof Rottweil;500900
Bahnhof Roßtal;683410
Bahnhof Rudersberg;561351
Bahnhof Rudolstadt;646409
Bahnhof Ruhmannsfelden;840652
Bahnhof Ruhpolding;590003
Bahnhof Ruhstorf a d Rott;541801
Bahnhof Runkel;111112
Bahnhof Ruppach-Goldhausen;457127
Bahnhof Röhrmoos;626145
Bahnhof Röhrnbach;542739
Bahnhof Römisches Theater Mainz;106902
Bahnhof Röslau;215763
Bahnhof Rösrath;440815
Bahnhof Röthenbach a d Pegnitz;683419
Bahnhof Rückersbacher Schlucht Kleinostheim;425318
Bahnhof Rückersdorf b Doberlug-Kirchhain;747293
Bahnhof Rüdesheim am Rhein;111034
Bahnhof Rülzheim;362451
Bahnhof Rüsselsheim;104912
Bahnhof SEV (Freigerichter Str) Kahl a Main;371815
Bahnhof SEV Berkenbrück;278215
Bahnhof SEV Eimeldingen;499475
Bahnhof SEV Meckesheim;379846
Bahnhof SEV Neckargemünd;379847
Bahnhof SEV Nufringen;365775
Bahnhof Saal a d Donau;950802
Bahnhof Sachsen b Ansbach;375227
Bahnhof Sagard;952227
Bahnhof Salach;810524
Bahnhof Salmtal;362726
Bahnhof Salzbergen;608024
Bahnhof Samtens;952230
Bahnhof Sande;364093
Bahnhof Sarstedt;637452
Bahnhof Sasbach am Kaiserstuhl;378465
Bahnhof Saulgrub;590384
Bahnhof Saulheim;405527
Bahnhof Schafbrücke Saarbrücken;837222
Bahnhof Schalkau;465146
Bahnhof Schallstadt;500199
Bahnhof Scharbeutz;702889
Bahnhof Scheeßel;616908
Bahnhof Scheibenberg;981617
Bahnhof Scheidt Saarbrücken;837220
Bahnhof Schelklingen;492557
Bahnhof Schenkenzell;815388
Bahnhof Scheuerfeld;458022
Bahnhof Schifferstadt;507797
Bahnhof Schiffweiler;401549
Bahnhof Schiltach;148110
Bahnhof Schirnding;547251
Bahnhof Schleife;308180
Bahnhof Schleswig;696821
Bahnhof Schliersee;593001
Bahnhof Schluchsee;503183
Bahnhof Schlüchtern;111052
Bahnhof Schnaittach;460263
Bahnhof Schnega;316930
Bahnhof Schnelldorf;460348
Bahnhof Schneverdingen;318100
Bahnhof Schondorf a Ammersee;246234
Bahnhof Schongau;246236
Bahnhof Schonungen;945479
Bahnhof Schopfloch (Kreis Freudenstadt);570344
Bahnhof Schopp;399724
Bahnhof Schorndorf (Württ);367703
Bahnhof Schrobenhausen;788942
Bahnhof Schrozberg;373536
Bahnhof Schwaan;935763
Bahnhof Schwabach;683437
Bahnhof Schwabhausen b Dachau;106880
Bahnhof Schwabmünchen;782005
Bahnhof Schwaig b Nürnberg;682732
Bahnhof Schwaigern;755378
Bahnhof Schwarmstedt;318900
Bahnhof Schwarzenbach b Pressath;545271
Bahnhof Schwarzenbek;702462
Bahnhof Schwarzenbek (Nordseite) Schwarzenbek;185380
Bahnhof Schwarzenfeld;376450
Bahnhof Schwedt (Oder);729367
Bahnhof Schweich;453001
Bahnhof Schweinsburg-Culten Neukirchen/Pleiße;983176
Bahnhof Schwetzingen;518521
Bahnhof Schwieberdingen;562251
Bahnhof Schwindegg;595005
Bahnhof Schwäbisch Gmünd;203077
Bahnhof Schwäbisch Hall;833594
Bahnhof Schöllkrippen;425872
Bahnhof Schönberg (Meckl);321380
Bahnhof Schönborn (Brandenburg);365466
Bahnhof Schönebeck Bremen;605719
Bahnhof Schöneck/Vogtl;967773
Bahnhof Schöngeising;623684
Bahnhof Schönwald (Oberfranken);115772
Bahnhof Schöppenstedt;889954
Bahnhof Schülldorf;698846
Bahnhof Schüttorf;608210
Bahnhof Sebaldsbrück Bremen;615182
Bahnhof Sebnitz;974098
Bahnhof Seckach;509709
Bahnhof Seeg;845144
Bahnhof Seelow;728565
Bahnhof Seelze;638783
Bahnhof Seesen;348300
Bahnhof Seeshaupt;623133
Bahnhof Sehlem b Wittlich;453671
Bahnhof Sehnde;616410
Bahnhof Selb;546747
Bahnhof Selbitz (Oberfranken);546253
Bahnhof Seligenstadt;106601
Bahnhof Selm;902839
Bahnhof Senden (Iller);801113
Bahnhof Seubersdorf i d Oberpfalz;463735
Bahnhof Seybothenreuth;545289
Bahnhof Siegburg;443110
Bahnhof Siegmar Chemnitz;984613
Bahnhof Siersburg Rehlingen-Siersburg;401739
Bahnhof Siershahn;457132
Bahnhof Sigmaringen;801736
Bahnhof Sigmaringendorf;147641
Bahnhof Sindelfingen;363201
Bahnhof Sinzig;454453
Bahnhof Sinzing;786028
Bahnhof Sipplingen;491213
Bahnhof Soest;361246
Bahnhof Sohland a d Spree;976104
Bahnhof Sollstedt;248223
Bahnhof Soltau;318300
Bahnhof Soltendieck;317970
Bahnhof Sondershausen;215592
Bahnhof Sontheim an der Brenz;784804
Bahnhof Sontheim b Memmingen;965792
Bahnhof Sonthofen;965322
Bahnhof Sontra;103696
Bahnhof Sottrum;606552
Bahnhof Spaichingen;422212
Bahnhof Speicher;458199
Bahnhof Spiegelau;840708
Bahnhof Sponholz;333592
Bahnhof Spremberg;202925
Bahnhof Sprendlingen;530202
Bahnhof St Georgen im Schwarzwald;500846
Bahnhof St Goarshausen;455489
Bahnhof St Ingbert;402243
Bahnhof Stadt/Braunschweiger Straße Gifhorn;892828
Bahnhof Stadtallendorf;411076
Bahnhof Stadthagen;997052
Bahnhof Stadtmitte/Löhr-Center Koblenz;286328
Bahnhof Stadtoldendorf;356500
Bahnhof Stadtprozelten;467060
Bahnhof Stadtroda;646954
Bahnhof Stauchitz;975346
Bahnhof Staudernheim;406897
Bahnhof Staufen im Breisgau;503468
Bahnhof Stavenhagen;332702
Bahnhof Steinach (Baden);572140
Bahnhof Steinach (Thür);210023
Bahnhof Steinalben;510046
Bahnhof Steinau an der Straße;111053
Bahnhof Steinbach a Wald;465057
Bahnhof Steinbach-Hallenberg;996322
Bahnhof Steinen (Kreis Lörrach);502243
Bahnhof Steinfeld (Oldenburg);603386
Bahnhof Steinhagen (Westf);927321
Bahnhof Steinheim (Westf);927352
Bahnhof Steinhöring;637564
Bahnhof Steinwenden;403613
Bahnhof Stelle;597792
Bahnhof Stollberg/Erzgeb;982891
Bahnhof Storkow (Mark);278216
Bahnhof Straubing;180013
Bahnhof Straßberg (Hohenz);490550
Bahnhof Sudenburg (Bus) Magdeburg;953499
Bahnhof Suderburg;317700
Bahnhof Suhl;374690
Bahnhof Sulz am Neckar;572168
Bahnhof Sulzbach (Saar);400805
Bahnhof Sulzbach (Taunus);102230
Bahnhof Sulzbach a Main;425254
Bahnhof Sulzbach an der Murr;562260
Bahnhof Sulzbach-Rosenberg;683467
Bahnhof Sutthausen Osnabrück;373525
Bahnhof Syke;605387
Bahnhof Söflingen Ulm;801217
Bahnhof Süd Achim b Bremen;605999
Bahnhof Süd Bad Tölz;374738
Bahnhof Süd Bremervörde;618277
Bahnhof Süd Gifhorn;885214
Bahnhof Süd Lohr a Main;108151
Bahnhof Süd Maisach;636735
Bahnhof Süd Neuenstein (Württ);755302
Bahnhof Süd Ottendorf-Okrilla;978210
Bahnhof Süd Puchheim;364833
Bahnhof Süd Rosenheim (Oberbayern);592363
Bahnhof Süd St Peter-Ording;695393
Bahnhof Süd/MAGGI Singen (Hohentwiel);367285
Bahnhof Südausgang Görlitz;372886
Bahnhof Süderlügum;695419
Bahnhof Südseite Eching (Kreis Freising);620602
Bahnhof Südseite Flörsheim am Main;102062
Bahnhof Südseite Hann Münden;352223
Bahnhof Südseite Hattersheim am Main;122587
Bahnhof Südseite Mühlheim am Main;104556
Bahnhof Südseite Oberasbach;379376
Bahnhof Südseite Raunheim;100081
Bahnhof Südseite Rüsselsheim;101686
Bahnhof Südseite Telgte;908016
Bahnhof Sülstorf;371410
Bahnhof Tamm;561419
Bahnhof Tantow;741012
Bahnhof Tating;697353
Bahnhof Tauberbischofsheim;421618
Bahnhof Tegernsee;592939
Bahnhof Teisendorf;877127
Bahnhof Telgte;903095
Bahnhof Teltow;735276
Bahnhof Templin;738034
Bahnhof Tessin b Rostock;936630
Bahnhof Teterow;936439
Bahnhof Thaleischweiler-Fröschen;403031
Bahnhof Thalheim/Erzgeb;983927
Bahnhof Tharandt;972727
Bahnhof Theisbergstegen;403960
Bahnhof Themar;994175
Bahnhof Therme Überlingen;491209
Bahnhof Timmendorfer Strand;700257
Bahnhof Tonndorf (Tonndorfer Hauptstraße) Hamburg;895947
Bahnhof Tonndorf Hamburg;693189
Bahnhof Tornesch Tornesch;701127
Bahnhof Tostedt;605142
Bahnhof Traben-Trarbach;255724
Bahnhof Trabitz;545275
Bahnhof Trassenheide;333844
Bahnhof Traunreut;591384
Bahnhof Traunstein (Oberbayern);877117
Bahnhof Trebgast;462584
Bahnhof Trechtingshausen;406514
Bahnhof Treis-Karden;457520
Bahnhof Treuchtlingen;683474
Bahnhof Treuen;967514
Bahnhof Treuenbrietzen;736288
Bahnhof Triberg im Schwarzwald;500856
Bahnhof Triptis;691140
Bahnhof Troisdorf;440441
Bahnhof Turnerstraße Bremen;625836
Bahnhof Tutzing;625008
Bahnhof Twistringen;600565
Bahnhof Töging a Inn;541763
Bahnhof Türkheim;872268
Bahnhof Türkismühle Nohfelden;407359
Bahnhof Uder;860390
Bahnhof Uffenheim;683480
Bahnhof Uhingen;810622
Bahnhof Uhldingen-Mühlhofen;491241
Bahnhof Unkel;454663
Bahnhof Unna;909651
Bahnhof Unterföhring;622317
Bahnhof Unterhaching;625293
Bahnhof Untermaßfeld;994154
Bahnhof Unterschwaningen;460517
Bahnhof Untersteinach;379094
Bahnhof Unterwellenborn;690978
Bahnhof Uphusum;695443
Bahnhof Urbach (Rems);375789
Bahnhof Urmersbach;456060
Bahnhof Usch;221750
Bahnhof Usingen;106305
Bahnhof Uslar;355105
Bahnhof Utting a Ammersee;246267
Bahnhof Vaihingen an der Enz;940893
Bahnhof Vallendar;457177
Bahnhof Varel;603206
Bahnhof Vaterstetten;625299
Bahnhof Vechelde;890478
Bahnhof Vegesack Bremen;604116
Bahnhof Veilsdorf;994754
Bahnhof Veitshöchheim;220300
Bahnhof Velten;733674
Bahnhof Ventschow;321068
Bahnhof Veringenstadt;752163
Bahnhof Vetschau (Spreewald);741102
Bahnhof Viersen;663179
Bahnhof Vilsbiburg;541277
Bahnhof Vilshofen an der Donau;541956
Bahnhof Vinnhorst Hannover;616501
Bahnhof Visselhövede;604212
Bahnhof Vlotho;923017
Bahnhof Voerde (Niederrhein);589662
Bahnhof Volkmarsen;927704
Bahnhof Vöhringen (Iller);801387
Bahnhof Völklingen;838144
Bahnhof Wabern;711213
Bahnhof Wachenheim an der Weinstraße;510224
Bahnhof Waghäusel;510231
Bahnhof Wahrenholz;890680
Bahnhof Waiblingen;377604
Bahnhof Waibstadt;510244
Bahnhof Wakendorf I;701612
Bahnhof Waldershof;547899
Bahnhof Waldfischbach-Burgalben;510266
Bahnhof Waldkirch;500219
Bahnhof Waldkirchen (Niederbayern);372491
Bahnhof Waldkraiburg;875865
Bahnhof Waldmünchen;540752
Bahnhof Walheim;379511
Bahnhof Walkenried;350800
Bahnhof Walldürn;106573
Bahnhof Wallersdorf;540071
Bahnhof Wallhausen (Württ);367531
Bahnhof Walsrode;605909
Bahnhof Waltershausen;995931
Bahnhof Wandlitz;729341
Bahnhof Warburg;927782
Bahnhof Warendorf;364534
Bahnhof Warthausen;490615
Bahnhof Wasbek;698938
Bahnhof Wasungen;996337
Bahnhof Weener;601680
Bahnhof Weeze;662410
Bahnhof Wehrheim;106302
Bahnhof Weiden i d Oberpfalz;708508
Bahnhof Weidenberg;676343
Bahnhof Weiherhammer;374987
Bahnhof Weil der Stadt;828720
Bahnhof Weilbach (Unterfranken);426381
Bahnhof Weilerswist;447323
Bahnhof Weilheim i OB;590576
Bahnhof Weingarten (Baden);801853
Bahnhof Weinsberg;371597
Bahnhof Weischlitz;967285
Bahnhof Weisenheim am Sand;518592
Bahnhof Weiterstadt;102926
Bahnhof Weißenburg i Bay;683507
Bahnhof Weißenhorn;801427
Bahnhof Weißenohe;460826
Bahnhof Weißenthurm;459700
Bahnhof Weißwasser/O L;308281
Bahnhof Welgesheim;406714
Bahnhof Wellesweiler Neunkirchen (Saar);835379
Bahnhof Welver;910016
Bahnhof Wendisch Rietz;738052
Bahnhof Wennigsen (Deister);638806
Bahnhof Werdau;210544
Bahnhof Werder (Havel);735284
Bahnhof Werdohl;877622
Bahnhof Werl;377743
Bahnhof Wernau (Neckar);561454
Bahnhof Werne;904231
Bahnhof Werneuchen;738885
Bahnhof Wertheim;467016
Bahnhof Wesel;136918
Bahnhof Wesselburen;697930
Bahnhof West Eggolsheim;461289
Bahnhof West Illertissen;802202
Bahnhof West Kühlungsborn;935860
Bahnhof West Neckarsulm;156038
Bahnhof West Neukirch/Lausitz;307220
Bahnhof West Weingarten (Baden);722663
Bahnhof Westerburg;457054
Bahnhof Westerntor (Bus) Wernigerode;962964
Bahnhof Westerstetten;800182
Bahnhof Westseite Egelsbach;102777
Bahnhof Westseite Garmisch-Partenkirchen;947110
Bahnhof Westseite Klingenberg a Main;950918
Bahnhof Westseite Langen (Hessen);108371
Bahnhof Westseite Neu-Isenburg;117505
Bahnhof Westseite Unterschleißheim;626196
Bahnhof Wetter (Ruhr);658275
Bahnhof Weßling;625835
Bahnhof Wickede (Ruhr);910436
Bahnhof Wiebelskirchen Neunkirchen (Saar);835131
Bahnhof Wiesau;544834
Bahnhof Wiesenburg (Mark);736084
Bahnhof Wiesthal;466666
Bahnhof Wildberg (Württ);828735
Bahnhof Wildeshausen;602329
Bahnhof Wilgartswiesen;510623
Bahnhof Wilhelmshöhe Kassel;715536
Bahnhof Wilhermsdorf;460395
Bahnhof Willebadessen;921897
Bahnhof Willingen (Upland);915826
Bahnhof Windischeschenbach;374848
Bahnhof Windsbach;683526
Bahnhof Winkelhaid;675627
Bahnhof Winnweiler;405660
Bahnhof Winsen (Luhe);377610
Bahnhof Winterberg;910479
Bahnhof Wismar;321499
Bahnhof Wissen;379687
Bahnhof Wittenberge;726473
Bahnhof Wittenhagen;325606
Bahnhof Wittighausen;421677
Bahnhof Wittingen;885177
Bahnhof Wittlingen;211194
Bahnhof Wittmund;607366
Bahnhof Wittstock (Dosse);207324
Bahnhof Witzenhausen;714255
Bahnhof Witzwort;697352
Bahnhof Wolfach;302703
Bahnhof Wolfenbüttel;885208
Bahnhof Wolfhagen;717305
Bahnhof Wolfratshausen;626216
Bahnhof Wolfstein;403986
Bahnhof Wolgast;331092
Bahnhof Worpswede;610757
Bahnhof Wriezen;739530
Bahnhof Wrist;700737
Bahnhof Wusterhausen (Dosse);734743
Bahnhof Wustermark;734769
Bahnhof Wusterwitz;727017
Bahnhof Wutha-Farnroda;996821
Bahnhof Wörrstadt;208006
Bahnhof Wörth a Main;425276
Bahnhof Wünschendorf (Elster);262085
Bahnhof Xanten;137032
Bahnhof Zehdenick;734121
Bahnhof Zeithain;975169
Bahnhof Zell am Harmersbach;882847
Bahnhof Zella-Mehlis;996594
Bahnhof Zellingen;466494
Bahnhof Zierenberg;710777
Bahnhof Zirndorf;683531
Bahnhof Zittau;371550
Bahnhof Zossen;736509
Bahnhof Zwiesel;841288
Bahnhof Zwingenberg (Bergstr);510844
Bahnhof Zwönitz;983987
Bahnhof Zwötzen Gera;647913
Bahnhof Zülpich;585234
Bahnhof am Stadtwald Neumünster;366039
Bahnhof Ötisheim;940963
Bahnhof Übersee;590012
Bahnhof Ückeritz;114374
Bahnhof Ürzig;458444
Bahnhof-/Hedwigschachtstr Oelsnitz/Erzgeb;984198
Bahnhof-/Lutherstr Oelsnitz/Erzgeb;983561
Bahnhof-Güterstraße Saarburg;255866
Bahnhof-Ost Offenburg;570375
Bahnhof/A-Bebel-Str Brieselang;734776
Bahnhof/Am Öferl Weilheim i OB;591135
Bahnhof/Amersham-Platz Bensheim;505503
Bahnhof/Atrium Bamberg;675896
Bahnhof/B101 Wolkenstein;973241
Bahnhof/B107 Wiesenburg (Mark);220381
Bahnhof/B2 Igensdorf;683098
Bahnhof/B85 Stockheim (Oberfranken);464516
Bahnhof/BARMER Straubing;109838
Bahnhof/Bachstraße Straubing;545493
Bahnhof/Bahnstr Brieselang;734798
Bahnhof/Bahnstr Michendorf;370023
Bahnhof/Berliner Platz Lindau (Bodensee);990173
Bahnhof/Brennerstr Bamberg;676429
Bahnhof/Brohltalstraße Niederzissen;454189
Bahnhof/Burg Stein Hartenstein (Sachsen);983294
Bahnhof/Edeka Igensdorf;109604
Bahnhof/Forchheimer Str Igensdorf;109603
Bahnhof/Freeweid Flintbek;698378
Bahnhof/Friedhof Altenahr;372014
Bahnhof/Fuldaer Straße Hammelburg;468288
Bahnhof/Fähre St Goar;455297
Bahnhof/Gleis 1 Nettersheim;444043
Bahnhof/Hauptstraße Asbach-Bäumenheim;377651
Bahnhof/Hauptstraße Handeloh;598318
Bahnhof/Hauptstraße Lehmen;217543
Bahnhof/Hildastraße Bruchsal;721000
Bahnhof/Klinik Rickling;701461
Bahnhof/Lahnbrücke Obernhof;350542
Bahnhof/Landratsamt Bamberg;520035
Bahnhof/Lauenburger Straße Büchen;702254
Bahnhof/Lessingstraße Sömmerda;646008
Bahnhof/Lindenstraße Buchholz (Nordheide);603410
Bahnhof/Ludwigstr Bamberg;676354
Bahnhof/Musikschule Emmendingen;422070
Bahnhof/Niederwaldstraße Rastatt;101844
Bahnhof/Nord Neuenstein (Württ);365614
Bahnhof/Ostseite Friedland (Göttingen);300213
Bahnhof/P+R Platz Fürstenwalde (Spree);278176
Bahnhof/Post Bamberg;707233
Bahnhof/Poststraße Breitscheidt bei Hamm (Sieg);456882
Bahnhof/Quickborner Str Norderstedt;693919
Bahnhof/Rathaus Herdorf;416121
Bahnhof/Rathaus Höxter;924184
Bahnhof/Salzmannstraße Sömmerda;646005
Bahnhof/Schleifmattstraße Haslach im Kinzigtal;572536
Bahnhof/Schranke Ebstorf;317305
Bahnhof/See Mücheln (Geiseltal);963595
Bahnhof/Serpentine Flensburg;697501
Bahnhof/Stadtgarten Pfullendorf;751752
Bahnhof/Stummrigestr Höxter;141392
Bahnhof/Süd Falkensee;360032
Bahnhof/Süd Fürstenwalde (Spree);278214
Bahnhof/Südseite Wunstorf;637833
Bahnhof/Tegelbarg Flensburg;696807
Bahnhof/Vorplatz Buchholz (Nordheide);618422
Bahnhof/Vorplatz Handeloh;612468
Bahnhof/Westseite Bad Lausick;200307
Bahnhof/Westseite Burgdorf (Hannover);638290
Bahnhof/Westseite Friedland (Göttingen);609718
Bahnhof/Winzerverein Mayschoß;458442
Bahnhof/Zentrum Weil am Rhein;499557
Bahnhofsplatz Bad Säckingen;502795
Bahnhofsplatz Nordhausen;248008
Bahnhofsplatz Rödental;464375
Bahnhofsplatz Stockheim (Unterfranken);468654
Bahnhofssteg Göppingen;810276
Bahnhofstr Mainaschaff;425951
Bahnhofstr Neustadt a d Aisch;679173
Bahnhofstr Saarbrücken;838368
Bahnhofstr Trebbin;736496
Bahnhofstr Vetschau (Spreewald);729794
Bahnhofstr/Seelenbinderstr Berlin;733375
Bahnhofstraße Beimerstetten;492771
Bahnhofstraße Elgersburg;645391
Bahnhofstraße Gingen an der Fils;810238
Bahnhofstraße Gnarrenburg;605014
Bahnhofstraße Hohenbrunn;637694
Bahnhofstraße Kaufbeuren;845480
Bahnhofstraße Koserow;333741
Bahnhofstraße Neuenbürg;721868
Bahnhofstraße Orlamünde;646204
Bahnhofstraße Sersheim;555065
Bahnhofstraße Straßkirchen;541756
Bahnhofstraße Wetter (Hessen);710039
Bahnhofsvorplatz Aalen;555758
Bahnhofsvorplatz Celle;600849
Bahnhofsvorplatz Ravensburg;371879
Bahnhofsvorplatz Weida;262319
Bahnhofsweg Ascheberg (Westf);900320
Bahnhofswirtschaft Ellzee;870678
Bahnhofwirtschaft Schwenningen (Kreis Dillingen a;784831
Bahnsdorf;8011098
Bahnübergang Blaibach;540902
Bahnübergang Ebersdorf b Coburg;464123
Bahnübergang Penzberg;590670
Bahnübergang Vettweiß;585259
Bahnübergang Warngau;595786
Baierbrunn;8000781
Baiersbronn Bf;8000782
Baiersbronn Schule;8000789
Baiersdorf;8000783
Baitz;8011100
Baitz Bahnhof Brück;729888
Balbersdorf;8000784
Balbersdorf Bahnhof Waffenbrunn;546953
Baldham;8000785
Baldham Nord Vaterstetten;623835
Baldham Süd (Bahnhofspl) Vaterstetten;623848
Balduinstein;8000786
Balgheim;8000787
Balgstädt;8011103
Balingen (Württ);8000353
Balingen Süd;8000788
Ballstädt (Gotha);8011106
Balteratsried;8070975
Baltersweiler;8000792
Baltrum;8007778
Balve;8000793
Balzholz Rathaus Beuren b Nürtingen;555474
Balzholzer Straße Beuren b Nürtingen;555480
Bamberg;8000025
Bamberg Bahnhof;8089478
Bammental;8000794
Bannemin-Mölschow;8011108
Bansin Bahnhof Heringsdorf (Usedom);333513
Bansin Seebad;8011109
Banteln;8000796
Bantorf;8000797
Bantorf Bahnhof Barsinghausen;638235
Barabein;8079098
Barabein (Bus) Warthausen;490585
Barbarossaplatz Karlsruhe;363003
Barbelroth;8000802
Barbis Bahnhof/Nordseite Bad Lauterberg im Harz;350662
Barchel;8071336
Barchel Bahnhof Oerel;604794
Bardowick;8000801
Bargstedt;8007840
Bargteheide;8000804
Barleben;8011111
Barleber See;8011112
Barmbek Hamburg;693008
Barmen Bahnhof Wuppertal;211130
Barmstedt;8007070
Barmstedt Brunnenstr;8007069
Barnstorf (Han);8000807
Barnten;8000808
Barnten Bahnhof Nordstemmen;597892
Baron-Carl-Straße Adelsheim;505009
Barop Bahnhof Dortmund;651902
Barrien;8000810
Barrien Bahnhof Syke;604866
Barsinghausen;8000812
Bartenwetzerbrücke Melsungen;713727
Barth;8011114
Barthmühle;8011115
Baruth (Mark);8011116
Basbeck Bahnhof Hemmoor;617599
Basdahl Kluste;8070023
Basdorf;8010025
Basdorf Bahnhof Wandlitz;728216
Bassum;8000354
Batzenhäusle;8000821
Batzenhäusle Bahnhof Waldkirch;420950
Batzhausen;8000822
Bauerbach;8000823
Bauernwiesenweg Ronnenberg;637416
Baumholder;8007888
Baumschulenstr/Fähre Berlin;733557
Baunach;8000826
Baunach Raiffeisenbank;8070993
Baunatal-Guntershausen;8000140
Baunatal-Rengershausen;8005039
Bautzen;8010026
Bavendorf;8000827
Bavendorf Bahnhof Altenmedingen;315380
Bayerbach;8000828
Bayerisch Eisenstein;8000830
Bayerisch Gmain;8000831
Bayerisch Gmain Alpgarten;8081923
Bayerischer Bahnhof (Tram/Bus) Leipzig;964449
Bayerwerk;8000832
Bayreuth Hbf;8000028
Bayreuth-St Georgen;8000833
Bayrischzell;8000834
Baywa/Bahnhof Schwabach;680718
Bebitz;8011119
Bebra;8000029
Bechstedt (b Königsee);690374
Bechstedt-Trippstein;8011121
Beckingen (Saar);8000840
Bedburg (Erft);8000030
Bedburg-Hau;8000842
Beelen;8000846
Beelitz (Mark) Stadt Bahnhof;370938
Beelitz Stadt;8013468
Beelitz-Heilstätten;8013467
Beelitz-Heilstätten Bahnhof;8079707
Beerfelden Hetzbach;8002815
Beeskow;8010029
Beetz-Sommerfeld;8011125
Beetz-Sommerfeld Bahnhof Kremmen;733871
Beetz-Sommerfeld Bahnhofstr Kremmen;728463
Beetz-Sommerfeld Bahnhofstraße;8071293
Behrenstr/Wilhelmstr Berlin;746255
Behringersdorf;8000850
Behringersdorf Bahnhof Schwaig b Nürnberg;682602
Behringersmühle;8070319
Beienheim;8000851
Beienheim Bahnhof Reichelsheim (Wetterau);111155
Beiersdorf Veilchenweg Coburg;467787
Beifang Bahnhof Selm;900887
Beilrode;8011131
Beimerstetten;8000858
Beinle Rastatt;361994
Beldorf;8000860
Belgershain;8011132
Belleben;8011133
Belleben (Bus) Könnern;959237
Bellenberg;8000862
Bellevue (Fähre) Kiel;360904
Bellheim Bf;8000863
Bellheim am Mühlbuckel;8000861
Belsen Bahnhof Mössingen;492187
Bempflingen;8000865
Benediktbeuern;8000869
Bengel;8000870
Benndorf (Mansfelder Land) Bahnhof Klostermansfeld;961429
Benneckenstein;8017002
Benneckenstein Bahnhof (Bus) Oberharz am Brocken;959219
Bennemühlen;8000871
Bennewitz;8013362
Bennigsen;8000872
Bennigsen Bahnhof Springe;638271
Benningen (Neckar);8000873
Bennungen;8011138
Bennungen Bahnhof (Bus) Südharz;956159
Benrath S-Bahnhof Düsseldorf;374263
Bensersiel;8006636
Bensersiel NE;8098555
Benshausen;8011139
Bensheim;8000031
Bensheim-Auerbach;8000877
Bentwisch;8011140
Beratzhausen;8000882
Berbisdorf;8011142
Berbisdorf Anbau;8011143
Berchtesgaden Hbf;8000885
Berg (Pfalz);8000890
Berg am Laim München;374230
Berga (Elster);8011144
Berga-Kelbra;8010032
Berga-Kelbra Bahnhof (Bus) Berga (Kyffhäuser);955595
Bergbahn Talstation Künzelsau;755569
Bergeborbeck Bahnhof Essen (Ruhr);109150
Bergen (Oberbay);8000888
Bergen auf Rügen;8010033
Bergenweiler;8000889
Bergenweiler Rathaus Sontheim an der Brenz;492620
Bergfelde (b Berlin);8080100
Bergfelde Ahornallee Hohen Neuendorf;733813
Bergfelde Glienicker Str Hohen Neuendorf;727395
Bergfelde Schule Hohen Neuendorf;733814
Berggeist Murnau a Staffelsee;590451
Berghausen (Baden);8000893
Berghausen (Baden) Bahnhof Pfinztal;723979
Berghausen (Pfalz);8000894
Berghausen (b Wittgenstein);8000892
Berghausen Am Stadion Pfinztal;371634
Berghausen Pfinzbrücke;8007863
Berghausen S-Bahnhof Langenfeld (Rheinland);658846
Berghausen am Stadion;8007864
Bergheim (Erft);8000355
Bergisch Gladbach;8000899
Bergsdorf;8011149
Bergstation Augustusburg;170004
Bergtheim;8000902
Bergwitz;8011150
Beringhausen;8000904
Beringstedt;8000905
Berkaer Bahnhof Weimar (Thür);646282
Berkenbrück;8011154
Berkersheim Bahnhof Frankfurt a M;102491
Berkersheim Mitte Frankfurt a M;101427
Berlin;8096003
Berlin Alexanderplatz;8011155
Berlin Alexanderplatz (S);8089001
Berlin Alt-Reinickendorf;8089103
Berlin Anhalter Bf;8089002
Berlin Attilastraße;8089003
Berlin Baumschulenweg;8089004
Berlin Bellevue;8089005
Berlin Berliner Straße/Sundgauer Straße;8071911
Berlin Betriebsbf Rummelsburg;8089006
Berlin Betriebsbf Schöneweide;8089007
Berlin Beusselstraße;8089118
Berlin Bornholmer Straße;8089008
Berlin Botanischer Garten;8089009
Berlin Brandenburger Tor;8089044
Berlin Buckower Chaussee;8089010
Berlin Bundesplatz;8089107
Berlin Busbf (ZOB) am Funkturm;8089160
Berlin Eichborndamm;8089101
Berlin Feuerbachstraße;8089012
Berlin Flughafen BER - Terminal 1-2;8011201
Berlin Flughafen BER - Terminal 5 (Schönefeld);8010109
Berlin Flughafen Tegel;8096030
Berlin Frankfurter Allee;8089013
Berlin Friedrichstr;8011306
Berlin Gehrenseestraße;8089014
Berlin Gesundbrunnen;8011102
Berlin Gesundbrunnen (S);8089015
Berlin Greifswalder Str;8089011
Berlin Grünbergallee;8089016
Berlin Hackescher Markt;8089017
Berlin Hbf;8011160
Berlin Hbf (Europaplatz);8070952
Berlin Hbf (S-Bahn);8089021
Berlin Hbf (Washingtonplatz);8071068
Berlin Hbf (tief);8098160
Berlin Heerstraße;8089329
Berlin Heidelberger Platz;8089112
Berlin Hermannstraße;8089105
Berlin Hohenzollerndamm;8089108
Berlin Humboldthain;8089018
Berlin Innsbrucker Platz;8089106
Berlin Jannowitzbrücke;8089019
Berlin Julius-Leber-Brücke;8089537
Berlin Jungfernheide;8011167
Berlin Jungfernheide (S);8089100
Berlin Kaiser-Friedrich-/Kantstraße;8071005
Berlin Karl-Bonhoeffer-Klinik;8089102
Berlin Köllnische Heide;8089104
Berlin Landsberger Allee;8089020
Berlin Lessingbrücke;8073106
Berlin Mehrower Allee;8089022
Berlin Messe Nord/ICC (Witzleben);8089110
Berlin Messe Süd (Eichkamp);8089328
Berlin Mexikoplatz;8089023
Berlin Nordbahnhof;8089024
Berlin Nöldnerplatz;8089026
Berlin Olympiastadion;8089330
Berlin Oranienburger Straße;8089027
Berlin Osdorfer Straße;8089473
Berlin Ostbahnhof;8010255
Berlin Ostkreuz;8011162
Berlin Ostkreuz;8089028
Berlin Plänterwald;8089030
Berlin Poelchaustraße;8089031
Berlin Potsdamer Platz;8011118
Berlin Potsdamer Platz (S);8089032
Berlin Prenzlauer Allee;8089033
Berlin Priesterweg;8089034
Berlin Raoul-Wallenberg-Straße;8089035
Berlin Rathaus Steglitz;8089036
Berlin Savignyplatz;8089037
Berlin Schichauweg;8089038
Berlin Schönhauser Allee;8089039
Berlin Sonnenallee;8089327
Berlin Springpfuhl;8089040
Berlin Storkower Str;8089041
Berlin Sundgauer Str;8089042
Berlin Südende;8089115
Berlin Südkreuz;8011113
Berlin Südkreuz (S);8089073
Berlin Südkreuz Bus;8089067
Berlin Treptower Park;8089043
Berlin Wannsee;8010405
Berlin Warschauer Straße;8089045
Berlin Westend;8089111
Berlin Westhafen;8089116
Berlin Westkreuz;8089047
Berlin Wollankstraße;8089048
Berlin Wuhletal;8089049
Berlin Yorckstraße (S1);8089051
Berlin Yorckstraße (S2);8089050
Berlin Zoologischer Garten;8010406
Berlin-Adlershof;8089052
Berlin-Altglienicke;8089054
Berlin-Biesdorf;8089055
Berlin-Blankenburg;8089056
Berlin-Buch;8089057
Berlin-Charlottenburg;8010403
Berlin-Friedenau;8089058
Berlin-Friedrichsfelde Ost;8089059
Berlin-Friedrichshagen;8089060
Berlin-Frohnau;8089061
Berlin-Grunewald;8089062
Berlin-Grünau;8089063
Berlin-Halensee;8089109
Berlin-Heiligensee;8089025
Berlin-Hermsdorf;8089064
Berlin-Hirschgarten;8089065
Berlin-Hohenschönhausen;8011901
Berlin-Karlshorst;8010035
Berlin-Karow;8011046
Berlin-Kaulsdorf;8089068
Berlin-Köpenick;8089069
Berlin-Lankwitz;8089114
Berlin-Lichtenberg;8010036
Berlin-Lichtenrade;8089070
Berlin-Lichterfelde Ost;8011041
Berlin-Lichterfelde Ost (S);8089113
Berlin-Lichterfelde Süd;8089472
Berlin-Lichterfelde West;8089071
Berlin-Mahlsdorf;8011343
Berlin-Mahlsdorf (S);8089072
Berlin-Marienfelde;8089074
Berlin-Marzahn;8089075
Berlin-Neukölln;8089077
Berlin-Nikolassee;8089078
Berlin-Oberspree;8089079
Berlin-Pankow;8089080
Berlin-Pankow-Heinersdorf;8089081
Berlin-Pichelsberg;8089331
Berlin-Rahnsdorf;8089082
Berlin-Rummelsburg;8089084
Berlin-Schlachtensee;8089085
Berlin-Schulzendorf;8089000
Berlin-Schöneberg;8089474
Berlin-Schönefeld Flughafen SEV Schönefeld;130081
Berlin-Schöneweide;8010041
Berlin-Schöneweide;8089168
Berlin-Schönholz;8089087
Berlin-Spandau;8010404
Berlin-Spandau (S);8089083
Berlin-Spindlersfeld;8089088
Berlin-Staaken;8013021
Berlin-Stresow;8089053
Berlin-Tegel (S);8089089
Berlin-Tempelhof;8089090
Berlin-Tiergarten;8089091
Berlin-Waidmannslust;8089092
Berlin-Wartenberg;8089093
Berlin-Wedding;8089131
Berlin-Wilhelmshagen;8089094
Berlin-Wilhelmsruh;8089095
Berlin-Wittenau (Wilhelmsruher Damm);8089096
Berlin-Wuhlheide;8089097
Berlin-Zehlendorf;8089098
Berliner Platz Hochheim am Main;405193
Berliner Str Hohen Neuendorf;733693
Berliner Straße Böblingen;555689
Berliner Tor Hamburg;694996
Berlingen URh;8506159
Bermatingen-Ahausen;8000909
Bernau (b Berlin);8013470
Bernau Bahnhofsplatz (ggü alte Post);8079708
Bernau am Chiemsee;8000911
Bernau-Friedenstal;8089099
Bernburg;8010043
Bernburg-Friedenshall;8011168
Bernburg-Roschwitz;8011605
Bernburg-Strenzfeld;8011169
Bernburg-Waldau;8011170
Berne;8000913
Bernhausen Bahnhof Filderstadt;562223
Bernlappstraße Freiburg im Breisgau;808125
Bernried;8000918
Bernsbachplatz Chemnitz;982263
Bernterode;8011172
Bersenbrück;8000919
Berthelsdorf (Erzgeb);8010044
Berthelsdorf (Erzgebirge) Ort;8017219
Berthelsdorf Bahnhof Weißenborn/Erzgeb;980344
Berthelsdorf Bahnübergang Weißenborn/Erzgeb;980346
Bertolt-Brecht-Straße Rostock;939552
Bertsdorf;8010045
Berufsschule Wörth am Rhein;510748
Berufsschulzentrum Geislingen an der Steige;810193
Berzhahn;8000921
Berzhahn Ortsmitte;8071529
Besch;8000923
Besigheim;8000925
Besseringen;8000926
Bestenheid Bahnhof Glashütte Wertheim;422554
Bestensee;8011173
Bestwig;8000927
Betriebshof Hohenstücken Brandenburg an der Havel;737304
Bettmannsäge;8000928
Betzdorf (Sieg);8000034
Betzingen Bahnhof Reutlingen;750229
Betzingen Bahnhof Wendeplatte Reutlingen;376861
Betzingen Hoffmannstraße Reutlingen;750235
Betzingen Mitte Reutlingen;374435
Beucha;8010046
Beucha Bahnhof (Bus) Brandis;960404
Beuchow;8013539
Beuel Bahnhof Bonn;441834
Beuggen;8000932
Beuggen Bahnhof Rheinfelden (Baden);502059
Beuna (Geiseltal);8011177
Beuna (Geiseltal) Bahnhof (Bus) Merseburg;962435
Beuren;8011178
Beuren Mitte Leinefelde-Worbis;860838
Beuron;8000933
Beutelsbach;8000934
Beutelsbach Bahnhof Weinstadt;366381
Beutersitz;8011179
Beutersitz Bahnhof/Berliner Str Uebigau-Wahrenbr;741600
Beutersitz Bahnhof/Wildgruber Str Uebigau-Wahren;727664
Beutersitz Bahnhof/Wildgruber Straße;8079710
Bexbach;8000941
Beyendorf;8011181
Bibelöd;8000946
Bibelöd Ruhpolding;378842
Biberach (Baden);8000942
Biberach (Riß);8000943
Biberach (Riß) Süd;8000944
Biblis;8000503
Bibra;8011183
Bichl;8000945
Bichtlingen;8077777
Bickenbach (Bergstr);8000948
Bieber Bieber Waldhof Offenbach am Main;100039
Bieber S-Bahn-Station Offenbach am Main;100424
Biebesheim;8000951
Biebrich Bahnhof Wiesbaden;111131
Biebrich Bahnhof Wiesbaden Ost Wiesbaden;106906
Biedenkopf;8000952
Biedenkopf-Schulzentrum;8000954
Biederitz;8010047
Biehla Bahnhof Elsterwerda;741347
Bielefeld Hbf;8000036
Bielefeld Ost;8000953
Bielefeld-Quelle Albertstraße;8076133
Bielefeld-Senne;8000956
Biendorf;8011184
Bienenbüttel;8000955
Bienenmühle;8011185
Bienenmühle Bahnhof Rechenberg-Bienenmühle;202007
Bierbach;8000357
Bieren Bahnhof Rödinghausen;928174
Bieren-Rödinghausen;8000957
Bieringen (b Horb);8000959
Biersdorf (Westerw);8007076
Biersdorf-Ort (Ww);8007113
Biesenrode;8011187
Biesenrode (Bus) Mansfeld;955596
Biesenthal;8011188
Biessenhofen;8000962
Bietigheim (Baden);8000963
Bietigheim (Baden) Bahnhof;724095
Bietigheim Bahnhof Bietigheim-Bissingen;371400
Bietigheim Ellental Bietigheim-Bissingen;555282
Bietigheim Ellentalgymnasien Bietigheim-Bissingen;555211
Bietigheim-Bissingen;8000038
Bietingen;8000965
Bigge;8000966
Bigge Bahnhof Olsberg;901021
Bilderstöckchen Geldernstr/Parkgürtel Köln;441298
Bildstock;8000967
Bilfingen;8000968
Bilk S-Bahnhof Düsseldorf;218249
Bilk S-Bahnhof/Elisabethstraße Düsseldorf;653674
Billenhausen;8000969
Billerbeck;8000970
Bimbach Am Sägewerk Großenlüder;120400
Binau;8000973
Bindfelde;8011190
Bindlach;8000974
Bingen (Rhein) Hbf;8000039
Bingen (Rhein) KD;8075968
Bingen (Rhein) Stadt;8000976
Bingen-Gaulsheim;8000975
Bingerbrück Bingen Hauptbahnhof Bingen am Rhein;406509
Binolen;8000978
Binsfeld;8071257
Binz LB;8011193
Binzen;8070323
Birach;8007102
Birkelbach;8000983
Birkelbach Bahnhof L720 Erndtebrück;414944
Birkenau;8000984
Birkenbringhausen;8000985
Birkenbringhausen Behringerstr Burgwald;713344
Birkenfeld (Enz);8000986
Birkengrund;8080170
Birkengrund Am Birkengrund;8071940
Birkengrund Bahnhof Ludwigsfelde;727104
Birkenmoor;8017003
Birkenstein;8070002
Birkenweg Nordhausen;248183
Birkenweg Sassnitz;952488
Birkenwerder (b Berlin);8080190
Birkenwerder Hauptstraße;8079415
Birkesdorf Im großen Tal (Bus) Düren;267949
Birkungen;8010048
Birkwitz Fährstelle Pirna;973532
Birresborn;8000989
Bischheim-Gersdorf;8011199
Bischofswerda;8010049
Bischofswiesen;8000997
Bischweier;8000998
Bisingen;8000999
Bissendorf;8001000
Bissendorf Bahnhof Wedemark;638277
Bissierstraße Freiburg im Breisgau;808072
Bitburg;8001001
Bitburg-Erdorf;8001828
Bittelbronn;8001002
Bittelbronn Bahnübergang Horb am Neckar;815066
Bitterfeld;8010050
Bitterfeld Bahnhof (Bus) Bitterfeld-Wolfen;956369
Bitterfeld Busbahnhof;8071740
Bitzfeld;8001005
Bitzfeld Bahnhof Bretzfeld;219601
Blaibach (Oberpf);8001003
Blaichach (Allgäu);8001004
Blanke Bahnhof Nordhorn;373813
Blankenbach;8007282
Blankenberg (Meckl);8010051
Blankenberg (Sieg);8001006
Blankenburg (Harz);8013439
Blankenese (Fähre) Hamburg;692612
Blankenese (Schiffsanleger) Hamburg;895798
Blankenfelde (S);8089186
Blankenfelde (Teltow-Fläming);8010053
Blankenfelde Moselstraße/Karl-Marx-Straße;8071820
Blankenfelde Mozartweg;8079711
Blankenheim (Sangerhausen);8010054
Blankenheim (Wald);8001008
Blankenheim Ort;8071349
Blankenloch;8001009
Blankenloch Bahnhof Stutensee;720324
Blankenloch Kirche Stutensee;370031
Blankenloch Mühlenweg Stutensee;362776
Blankenloch Nord Stutensee;132033
Blankenloch Süd Stutensee;720338
Blankenloch Tolna-Platz Stutensee;721228
Blankensee (Meckl);8011205
Blankenstein (Saale);8011206
Blaubeuren;8001013
Blaufelden;8001014
Blaustein;8001015
Blechhammer (Bushaltestelle) Sonneberg;210019
Blechhammer (Thür);8011208
Bleckede;8070329
Bleibach;8001017
Bleibach Bahnhof Gutach im Breisgau;500137
Bleiche Bad Herrenalb;720099
Bleichenbach (Oberh);8001018
Bleicherode Ost;8010055
Bleicherode Ost Bahnhof;248022
Blens;8007827
Blexen Fähranleger Nordenham;614535
Blieskastel-Lautzkirchen;8001027
Blindheim;8001028
Blumberg (b Berlin);8011211
Blumberg Bahnhof Ahrensfelde-Blumberg;738887
Blumberg-Rehhahn;8011064
Blumberg-Riedöschingen;8001029
Blumberg-Zollhaus;8006669
Blumenau;8011212
Blumenau Bahnhof Olbernhau;981472
Blumenberg;8010056
Blumenhagen;8011213
Blumenkamp;8001030
Blumenrath Montanstr/Poststraße Alsdorf (Rheinla;267070
Blumenthal (Mark);8011214
Blumenthal Fähranleger Bremen;376314
Blönsdorf;8011210
Blönsdorf Bahnhof Niedergörsdorf;736302
Bobenheim;8001032
Bobenheim Bahnhof Bobenheim-Roxheim;505600
Bobingen;8001033
Bobitz;8011215
Bobitz Schule;8079712
Bobstadt;8001034
Bocholt;8000040
Bochum Hbf;8000041
Bochum Hbf (Buddenbergplatz);8070979
Bochum West;8006711
Bochum-Dahlhausen;8001038
Bochum-Ehrenfeld;8001039
Bochum-Hamme;8006710
Bochum-Langendreer;8000358
Bochum-Langendreer West;8004474
Bochum-Riemke;8001035
Bockenheim-Kindenheim;8001043
Bockenheimer Warte Frankfurt a M;101201
Bockhorst Güstrow;935602
Bockum-Hövel;8001045
Bockum-Hövel Bahnhof Hamm (Westf);906894
Bodelsberg;8001046
Bodelsberg Bahnhof Sulzberg;965935
Bodelshausen;8001047
Bodenburg;8001048
Bodenburg Bahnhof Bad Salzdetfurth;635420
Bodenfelde;8001050
Bodenheim;8000359
Bodenmais;8001051
Bodenrode;8011219
Bodensee-Airport Friedrichshafen;494607
Bodenwöhr Nord;8001054
Bodenwöhr Nord Bahnhof;785139
Bodetal/Talstation Kabinenseilbahn Thale;366756
Bodetal/Talstation Sessellift Thale;376757
Bogen;8001069
Bohmte;8001071
Boisheim;8001072
Boisheim Bahnhof Viersen;663726
Boizenburg (Elbe);8011230
Bokholt;8007067
Boltersen;8070645
Boltersen Bahnhof Rullstorf;613895
Bondorf (b Herrenberg);8001080
Bonn Bertha-von-Suttner-Platz;8070195
Bonn Brühler Straße;8070741
Bonn Bundesrechnungshof/Auswärtiges Amt;8070738
Bonn Flughafen Terminal 1 Köln;443495
Bonn Hbf;8000044
Bonn Hbf (tief);8098044
Bonn Helmholtzstraße;8001081
Bonn Heussallee/Museumsmeile;8070026
Bonn Hochkreuz/Deutsches Museum Bonn;8070757
Bonn Juridicum;8070196
Bonn KD;8075941
Bonn Konrad-Adenauer-Platz;8070075
Bonn Max-Löbner-Straße/Friesdorf;8070758
Bonn Museum Koenig;8070739
Bonn Obere Wilhelmstraße;8070746
Bonn Robert-Schuman-Platz;8070759
Bonn Stadthaus;8070107
Bonn UN Campus;8001091
Bonn Universität/Markt;8070769
Bonn West;441936
Bonn-Bad Godesberg;8001082
Bonn-Bad Godesberg Bahnhof;8071082
Bonn-Bad Godesberg KD;8075942
Bonn-Bad Godesberg Plittersdorfer Straße;8070756
Bonn-Bad Godesberg Stadthalle;8070231
Bonn-Beuel;8001083
Bonn-Beuel Bahnhof;8071083
Bonn-Beuel Rathaus;8070745
Bonn-Duisdorf;8001084
Bonn-Endenich Nord;8001088
Bonn-Gronau Deutsche Telekom / Ollenhauerstraße;8070743
Bonn-Gronau Deutsche Telekom /Olof-Palme-Allee;8070742
Bonn-Hochkreuz Rheinaue;8070744
Bonn-Limperich;8070752
Bonn-Limperich Küdinghoven;8070751
Bonn-Limperich Nord;8070771
Bonn-Mehlem;8001085
Bonn-Oberkassel;8001086
Bonn-Oberkassel Mitte;8070754
Bonn-Oberkassel Nord;8070753
Bonn-Oberkassel Süd/Römlinghoven;8070028
Bonn-Plittersdorf Wurzerstraße;8070755
Bonn-Ramersdorf;8070027
Bonn-Ramersdorf Schießbergweg;8070772
Bonn-Vilich;8070750
Bonn-Vilich-Müldorf;8070749
Bonn-Vilich-Rheindorf Adelheidisstraße;8070748
Bookholzberg;8001089
Bookholzberg Bahnhof Ganderkesee;602407
Boomgarden Fahrenkrug;701273
Boostedt;8007061
Bopfingen;8001090
Boppard Hbf;8000045
Boppard KD;8075957
Boppard Süd;8000324
Boppard-Bad Salzig;8000742
Boppard-Buchholz;8001235
Boppard-Fleckertshöhe;8002004
Boppard-Hirzenach;8002861
Borbeck Bahnhof Essen (Ruhr);109158
Borbeck Süd Bahnhof Essen (Ruhr);360159
Bordesholm;8001092
Boren-Lindaunis Schleibrücke Nord;8075385
Borgeln;8001093
Borgeln Bahnhof Welver;901153
Borgeln Hattropholser Str Welver;901157
Borgholzhausen;8001095
Borghorst Bahnhof Steinfurt;907958
Borgsdorf;8080200
Borgsdorf Berliner Chaussee;8073526
Bork (Westf);8001097
Borken (Hess);8001098
Borken (Westf);8000346
Borkheide;8011238
Borkum (Nordseebad);8007764
Borkum Flugplatz;8007784
Borkum Reede;8079115
Born (Darß) Waldschänke;8081534
Borna (Leipzig);8011242
Borsdorf (Hess);8001104
Borsdorf (Sachs);8010059
Bosserode Bahnhof Wildeck;996961
Bottrop Hbf;8000047
Bottrop-Boy;8001107
Bottrop-Vonderort;8001108
Bous (Saar);8001110
Boxberg-Wölchingen;8001111
Boy Bahnhof Bottrop;657667
Brachbach;8001112
Brachbach Bahnhof/Industriestraße Mudersbach;416027
Brachelen;8001113
Brachelen Unterführung Hückelhoven;268038
Brackel S-Bahnhof Dortmund;651935
Brackel S-Bahnhof Westfälische Straße Dortmund;658818
Brackwede;8000048
Brackwede Bahnhof Bielefeld;105059
Brackwede Bahnhof/Eisenbahnstraße Bielefeld;110576
Braderup (Wenningstedt);8084100
Brahlstorf;8011248
Brake (Unterweser);8001120
Brake (b Bielefeld);8001118
Brake Bahnhof Bielefeld;923027
Brake Lüttfeld Lemgo;378397
Brakel (Höxter);8001121
Bramsche;8001122
Bramstedt (b Syke);8001123
Brand (Niederlausitz);8011250
Brand Tropical Islands Bahnhof Halbe;736595
Brandenburg Altstadt;8011252
Brandenburg Betriebshof Hohenstücken;8079627
Brandenburg Hbf;8010060
Brandenburgplatz Berlin;733400
Brandoberndorf;8001126
Brandoberndorf Bahnhof Waldsolms;121766
Brandstätt;8001128
Brannenburg;8001129
Braubach;8001130
Braubach KD;8075956
Braunsbedra;8011255
Braunsbedra Ost;8011256
Braunschweig Hbf;8000049
Braunschweig-Gliesmarode;8001134
Braunsdorf Bahnhof Braunsdorf-Lichtenwalde Nieder;980662
Braunsdorf-Lichtenwalde;8011257
Breddin;8011258
Bredelar;8001137
Bredelar Bahnhof Marsberg;901250
Bredenbek;8001136
Bredstedt;8001139
Bredstedt Bahnhof;8071139
Brehna;8011260
Brehna Markt;8071739
Brehna Markt Sandersdorf-Brehna;959912
Breinig;8079063
Breisach;8001143
Breisgaustr/S-Bahnhof Karlsruher Str Leipzig;964133
Breitbrunn Schiffsanleger Herrsching a Ammersee;620370
Breitenbrunn (Erzg);8011263
Breitenbrunn (Schwab);8001147
Breitendiel;8001148
Breitendorf;8011264
Breitengüßbach;8001149
Breitengüßbach Ortsmitte;8071027
Breitscheidt (Altenkirchen Ww);8001153
Breitungen (Werra);8011265
Breitwiese Sontra;715270
Bremen Hbf;8000050
Bremen Kreinsloger;8007896
Bremen Mühlenstraße;8007895
Bremen Neustadt;8001155
Bremen Turnerstraße;8007897
Bremen-Aumund;8007892
Bremen-Blumenthal;8007894
Bremen-Burg;8001156
Bremen-Farge;8007898
Bremen-Hemelingen;8001157
Bremen-Lesum;8001159
Bremen-Mahndorf;8001160
Bremen-Oberneuland;8001161
Bremen-Oslebshausen;8001162
Bremen-Schönebeck;8001163
Bremen-Sebaldsbrück;8001164
Bremen-St Magnus;8001165
Bremen-Vegesack;8001166
Bremen-Walle;8001167
Bremerhaven Fischereihafen;8070215
Bremerhaven Flugplatz;8070176
Bremerhaven Hbf;8000051
Bremerhaven Seebäderkaje;8070030
Bremerhaven-Lehe;8001168
Bremerhaven-Wulsdorf;8001170
Bremervörde;8007800
Bremthal Bahnhof Eppstein;111503
Brenk;8071651
Brennet Bahnhof Nord Wehr (Baden);421433
Breslauer Platz Berlin;731687
Breslauer Platz/Hauptbahnhof Köln;444919
Brest-Aspe;8007841
Breternitz;8011267
Bretleben;8010061
Bretten;8000053
Bretten Kupferhälde;8070093
Bretten Rechberg;8001138
Bretten Schulzentrum;8001144
Bretten Stadtmitte;8001152
Bretten Wannenweg;8079060
Bretten-Ruit;8001131
Brettorf;8001176
Bretzenheim (Nahe);8001177
Bretzfeld;8001178
Breyell;8001180
Brieselang;8013472
Briesen (Mark);8011269
Brigachtal Kirchdorf;8003339
Brigachtal Klengen;8003336
Brillit;8071333
Brillit Bahnhof Gnarrenburg;604983
Brilon Stadt;8001182
Brilon Wald;8000054
Brilon Wald Bahnhof;712800
Britz;8010064
Brocken;8017004
Brockhöfe;8001185
Brockhöfe Abzw Bahnhof Wriedel;317353
Brodenbach KD;8075980
Broderstorf;8011270
Brohl;8001186
Brohl (Brohltalbahn);8070338
Brohl Bahnhof Brohl-Lützing;454072
Brohl Schweppenburg Brohl-Lützing;454983
Broistedt Bahnhof Lengede;885923
Brokstedt;8001190
Brombach Bahnhof Brombach/Hauingen Lörrach;502274
Bruchenbrücken;8001196
Bruchenbrücken Bahnhof Friedberg (Hessen);106499
Bruchenbrücken Mitte Friedberg (Hessen);101874
Bruchhausen (b Ettlingen);8001198
Bruchhausen-Vilsen;8070340
Bruchköbel;8001199
Bruchmühlbach-Miesau;8001200
Bruchmühlen;8001201
Bruchmühlen Bahnhof Melle;608920
Bruchsal;8000055
Bruchsal Bildungszentrum;8001197
Bruchsal Schlachthof;8070009
Bruchsal Schloßgarten;8085001
Bruchsal Sportzentrum;8001212
Bruchsal Stegwiesen;8085002
Bruchsal Tunnelstraße;8070008
Bruchsal am Mantel;8001214
Bruchweiler;8079080
Bruck Bahnhof Erlangen;676123
Bruckberg;8001203
Brucken;8001205
Bruckmühl;8001207
Bruckwiesen Bubenreuth;368364
Brunau-Packebusch;8011277
Brunau-Packebusch Bahnhof (Bus) Kalbe (Milde);366714
Brunnen (Oberbay);8001265
Bruno-Bürgel-Weg Berlin;733563
Bräunlingen Bahnhof;8001119
Bräunlingen Industriegebiet;8070999
Bräustüberl (Schiff) Tegernsee;966960
Brötzingen Mitte;8004799
Brötzingen Sandweg;8070274
Brötzingen Wohnlichstraße;8070275
Brötzingen Wohnlichstraße Pforzheim;425107
Brück (Mark);8011271
Brück Bahnhof (Bus) Nideggen;267955
Brücke Gutach im Breisgau;500164
Brücke Walsleben b Neuruppin;726338
Brückenstr/Freie Presse Chemnitz;982250
Brügge (Prign);8011273
Brügge (Westf);8001213
Brügge Bahnhof Halenbeck Rohlsdorf;737433
Brügge Bahnhof Lüdenscheid;879535
Brühl;8001215
Brühl (Rheinland) Mitte;442283
Bubach;8001221
Bubendey-Ufer (Fähre) Hamburg;371017
Bubendey-Ufer Hamburg;693416
Bubenheim;8071229
Bubenreuth;8001223
Buch Schiffsanleger Inning a Ammersee;620389
Buchbrunn-Mainstockheim;8001225
Buchbrunn-Mainstockheim (SEV);8071313
Buchen (Odenw);8001227
Buchen Ost;8001226
Buchenau (Lahn);8001228
Buchenau (Lahn) Bahnhof Dautphetal;111091
Buchenau (Oberbay);8001229
Buchenau Fürstenfeldbruck;624353
Buchenbach Bahnhof Himmelreich (Westseite) Kirchza;500168
Buchenhain;8001231
Buchenhorst;8011281
Buchenweg Agathenburg;372206
Bucher Chaussee/Achillesstr Berlin;732941
Buchforst S-Bahn Köln;446745
Buchholz (Baden);8001234
Buchholz (Hunsr) Bahnhof Boppard;455607
Buchholz (Nordheide);8000056
Buchholz (Zauche);8011282
Buchholz Bahnhof/Bundesstr Boppard;455606
Buchholz Feuerwehr Beelitz (Mark);735716
Buchholz Kirche Waldkirch;500145
Buchholz S-Bahnhof Duisburg;652716
Buchloe;8000057
Buchschlag Bahnhof Dreieich;102702
Buchwäldchen Ortsmitte Luckaitztal;741091
Buckow (Beeskow);8011284
Buddenhagen;8011286
Buddenhagen (Bus) Wolgast;332455
Budenheim;8001237
Buer Nord Bahnhof Gelsenkirchen;206673
Buer Süd Bahnhof Gelsenkirchen;375159
Buer Südbahnhof Gelsenkirchen;655125
Bufleben;8010067
Bufleben Bahnhof Nessetal;646462
Buggingen;8001262
Buir;8001264
Buir Bahnhof Kerpen (Rheinland);446699
Buldern;8001266
Buldern Bahnhof Dülmen;901382
Bullay (DB);8001267
Buna Werke;8013473
Bundenthal-Rumbach;8079087
Bunsenstraße Ettlingen;720758
Burbach (Kr Siegen);8001268
Burbach (Kr Siegen) Post;8071145
Burbach Mitte;8001302
Burg (Dillkr) Nord;8001271
Burg (Dithm);8001273
Burg (Magdeburg);8011294
Burg Bahnhof Fehmarn;699527
Burg Stargard (Meckl);8011293
Burg- und Nieder-Gemünden;8000061
Burg-und Nieder Gemünden Bahnhof Gemünden (Felda);111187
Burgau (Schwab);8001276
Burgbernheim;8001277
Burgbernheim-Wildbad;8001278
Burgbrohl;8070342
Burgdorf;8001279
Burgfarrnbach Regelsbacher Straße Fürth (Bayern);676317
Burggaillenreuth;8070343
Burghaun (Hünfeld);8001283
Burghausen (Oberbay);8001284
Burgheim;8001285
Burgholzhausen Rodheimer Straße Friedrichsdorf;103254
Burgholzhausen vor der Höhe;8001287
Burgkemnitz;8011296
Burgkemnitz S-Bahnhof (Bus) Muldestausee;957691
Burgkirchen;8001288
Burgkunstadt;8001289
Burglauer;8001290
Burgsinn;8001293
Burgsolms Bahnhof Solms;120890
Burgstall (M) Bahnhof Burgstetten;407500
Burgstall (Murr);8001296
Burgsteinfurt Bahnhof Steinfurt;901433
Burgstädt;8011297
Burgthann;8001297
Burgwedel (Bus) Hamburg;692442
Burgweiler;8001281
Burgweinting Bahnhof Nord Regensburg;370339
Burgweinting Bahnhof Süd Regensburg;785693
Burhafe (Ostfriesl);8001301
Burhafe (Ostfriesl) Bahnhof Wittmund;607407
Burkhardswalde Bahnhof Müglitztal;973600
Burkhardswalde Talstraße (Bf) Müglitztal;973602
Burkhardswalde-Maxen;8011298
Burkhardtsdorf;8011299
Burkhardtsdorf Mitte;8011303
Burkheim-Bischoffingen;8007289
Burkheim-Bischoffingen Bahnhof Bahnhof Vogtsburg;379674
Burladingen;8007226
Burladingen West;8070022
Burow;332628
Bus Grabow;369013
Busch Bahnhof (Bus) Alsdorf (Rheinland);268084
Buschmühle;8011301
Buschow;8011302
Buschow Bahnhof Märkisch Luch;728555
Buschow Dorf;8084093
Busenbach;8007000
Busenbach Bahnhof Waldbronn;723551
Busenberg-Schindhard;8079118
Bushaltestelle Rechtenstein;800999
Bushaltstelle Etzbach;286300
Bustreff Bahnhof Lippstadt;904277
Buswendeplatz Barbelroth;505420
Buttenheim;8001310
Buttenheim Bahnhof Altendorf (Kreis Bamberg);464466
Buttstädt;8011304
Butzbach;8001312
Buxtehude;8001315
Bärenhecke Bahnhof Glashütte;978397
Bärenhecke-Johnsbach;8011091
Bärenklau;8011093
Bärenklau Bahnhof Oberkrämer;734234
Bärenklau Wendemarker Weg;8079714
Bärenlauchstr Berlin;733425
Bärenstein (Annaberg);8011094
Bärenstein (b Glashütte Sachs);8011095
Bärenstein Bahnhof Altenberg;301865
Bärental Ortsmitte Feldberg (Schwarzwald);503153
Bärnsdorf;8011096
Bäumenheim;8000778
Bäumenheim Bahnhalt Asbach-Bäumenheim;783611
Böbig Neustadt an der Weinstraße;518429
Böbingen (Rems);8005979
Böblingen;8001055
Böblingen Danziger Str;8085005
Böblingen Heusteigstr;8085007
Böblingen Südbf;8085006
Böblingen Zimmerschlag;8085008
Böbrach;8070667
Böckingen Sonnenbrunnen;8070159
Böckingen Sonnenbrunnen West Heilbronn;275010
Böckingen West;8070158
Bödigheim;8001056
Böhl Bahnhof Nordseite Böhl-Iggelheim;505766
Böhl Bahnhof Südseite Böhl-Iggelheim;505767
Böhl-Iggelheim;8001057
Böhlen (Leipzig);8013471
Böhlen Bahnhof (Bus);8071945
Böhlen Werke;8011222
Böhmhof;8001058
Böhringen Bahnhof Radolfzell am Bodensee;503508
Böhringen-Rickelshausen;8001059
Bölzke;8011225
Bölzke Bahnhof Pritzwalk;737422
Bönen;8001061
Bönningstedt;8007047
Börnecke (Harz);8011226
Börßum;8001063
Bösdorf (Sachs-Anh);8011228
Bösensell;8001065
Bösensell Bahnhof Senden (Westf);904415
Bösperde;8001066
Bösperde Bahnhof Menden (Sauerland);879509
Bötzingen;8007296
Bötzingen Mühle;8007297
Bövinghausen Bahnhof Dortmund;651965
Bübingen;8001238
Bübingen Bahnhof Saarbrücken;839428
Büchen;8000058
Büchenbach;8001242
Büches-Düdelsheim;8001244
Büchig Stutensee;362372
Büchsenstraße Stuttgart;373069
Bückeburg;8001245
Bücklestraße Konstanz;504080
Büdesheim Nachtweide Schöneck (Hessen);126716
Büdingen (Oberhess);8001250
Büdingen (Westerw);8001249
Bühl (Baden);8001252
Bülzig;8011290
Bülzig Kindergarten;8071192
Bülzig Kindergarten Zahna-Elster;953530
Bünde (Westf);8000059
Bürgeln;8001256
Bürgerhaus Kriftel;102103
Bürstadt;8098360
Büsenbachtal;8001258
Büsingen;8079011
Büsingen (Fähre);8079838
Büsum;8001259
Büsum (Hafen);8071259
Büttgen;8001261
Büttgen S-Bahnhof Kaarst;587038
Bützow;8010066
CITTI-Park Kiel;692003
Cadenberge;8001316
Cadolzburg;8001317
Cainsdorf;8011305
Calau (Nl);8010069
Calbe (Saale) Ost;8010070
Calbe (Saale) Stadt;8011323
Calbe (Saale) West;8010071
Calberlah;8001318
Caldern;8001319
Caldern Bahnhof Lahntal;111092
Caldern Bahnhof/B62 Lahntal;119814
Calmbach Bahnhof;8001320
Calmbach Bahnhof Bad Wildbad;828354
Calmbach Birkenhof/Bahnhof Bad Wildbad;828193
Calmbach Parkanlage Bad Wildbad;828198
Calmbach Süd;8070280
Calmbach Taubenäckersiedlung Bad Wildbad;720545
Calw;8000063
Camburg (Saale);8013474
Cammin (Meckl);8011307
Cammin Bahnhof Burg Stargard;332150
Capelle (Westf);8001323
Capelle Bahnhof Nordkirchen;901534
Capelle Dorf Nordkirchen;901536
Cappel Öhringen;370546
Caputh Schule;8081754
Caputh Schwielowsee;8012957
Caputh Schwielowsee Bahnhof Schwielowsee;735486
Caputh-Geltow;8011308
Carl-Petersen-Straße Hamburg;694845
Carossastraße Bayerbach (Rott);366490
Casekow;8011311
Castrop-Rauxel Hbf;8001327
Castrop-Rauxel Süd;8001328
Castrop-Rauxel-Merklinde;8001329
Castroper Str/Mengede Bahnhof Dortmund;371296
Celle;8000064
Ceska Kubice;5400123
Cham (Oberpf);8001330
Chamerau;8001331
Charlottenhof Bahnhof Potsdam;736091
Charlottenhof Bahnhof/Geschw-Scholl-Str Potsdam;365013
Cheb (Gr);8005353
Chemnitz Albert-Schenk-Straße;8071806
Chemnitz Alt Chemnitz Center;8017400
Chemnitz Altchemnitzer Straße;8071812
Chemnitz Annenstraße;8071804
Chemnitz Bahnhofstr;8071738
Chemnitz Bernsbachplatz;8017475
Chemnitz Bruno-Salzer-Straße;8071814
Chemnitz Brückenstraße/Freie Presse;8017476
Chemnitz Erdmannsdorfer Straße;8017402
Chemnitz Erfenschlag;8011975
Chemnitz Friedrichstraße;8071174
Chemnitz Gustav-Freytag-Straße;8017403
Chemnitz Hbf;8010184
Chemnitz Kinderwaldstätte;8011970
Chemnitz Küchwald;8017050
Chemnitz Lothringer/Elsasser Str;8071815
Chemnitz Mitte;8011971
Chemnitz Mitte Zwickauer/Reichsstraße;8071922
Chemnitz Moritzhof;8017407
Chemnitz Omnibusbahnhof;8089295
Chemnitz Riemenschneiderstraße;8017401
Chemnitz Rosenbergstraße;8017480
Chemnitz Roter Turm;8017410
Chemnitz Rösslerstraße;8017409
Chemnitz Scheffelstraße;8017411
Chemnitz Schillerplatz;8017412
Chemnitz Schneeberger Straße;8017413
Chemnitz Schule Altchemnitz;8017414
Chemnitz Stadlerplatz;8017478
Chemnitz Stefan-Heym-Platz;8071816
Chemnitz Süd;8010185
Chemnitz TU Campus;8017479
Chemnitz Technopark;8017481
Chemnitz Theaterplatz;8017416
Chemnitz Treffurthstraße;8017417
Chemnitz Uhlestraße;8017418
Chemnitz Zentralhaltestelle;8017419
Chemnitz-Altchemnitz;8017420
Chemnitz-Borna Hp;8011974
Chemnitz-Erfenschlag Ost;8071827
Chemnitz-Harthau;8011977
Chemnitz-Harthau Alte Harth;8071805
Chemnitz-Hilbersdorf;8013450
Chemnitz-Reichenhain;8011978
Chemnitz-Schönau;8011979
Chemnitz-Schönau CVAG-Wendeanlage;8071737
Chemnitz-Schönau Zwickauer Straße;8071331
Chemnitz-Siegmar;8011980
Chiemseebahn Bahnhof Prien a Chiemsee;844013
Chorin;8011314
Chorin Dorf;8079715
Chorweiler Köln;443418
Clarholz;8001335
Clarholz Bahnhof Herzebrock-Clarholz;922998
Clausnitz;8011315
Clausnitz Bahnhof Rechenberg-Bienenmühle;980230
Cloppenburg;8001337
Coburg;8001338
Coburg Bahnhof/ZOB;8089249
Coburg Nord;8001334
Coburg-Beiersdorf;8001333
Coburg-Neuses;8001339
Cochem (Mosel);8001340
Cochem (Mosel) KD;8075983
Coesfeld (Westf);8000066
Coesfeld Schulzentrum;8001343
Collenberg;8005028
Commerzbank Schwarzenbach a d Saale;546224
Contwig;8001341
Copitz Fährstelle Pirna;973773
Coppenbrügge;8001342
Coppiplatz S-Bahnhof Leipzig;954631
Coschen;8011319
Cossebaude;8011320
Cossebaude Bahnhof Dresden;361450
Cossengrün Wende;8070941
Coswig (Anh);8011322
Coswig (Dresden);8010072
Cottbus;8010073
Cottbus Spreewaldbahnhof;8071016
Cottbus-Merzdorf;8012341
Cottbus-Sandow;8011318
Cottbus-Willmersdorf Möbeldorf;8079717
Cottbus-Willmersdorf Nord;8081688
Cottbuser Bahnhof Großenhain;975303
Crailsheim;8000067
Cranz (Fähre) Hamburg;693508
Cranz Hamburg;693431
Cranzahl;8010074
Cranzahl Bahnhof Sehmatal;981586
Creidlitz;8001347
Creidlitz Bahnhof Coburg;464117
Creußen (Oberfr);8001348
Crimmitschau;8011325
Crivitz;8011326
Crossen Ort;8011312
Crossen an der Elster;8010196
Cunnertswalde;8011331
Cursdorf;8011332
Cuxhaven;8001352
Cuxhaven (Alte Liebe);8071353
Cuxhaven (Fährhafen);8071352
Cuxhaven/Nordholz Flugplatz;8074460
Cölbe;8000065
DJH/Krankenhaus Sigmaringen;751881
Daaden;8007077
Dabendorf;8011334
Dabendorf Bahnhof Zossen;736510
Dachau Bahnhof;8001354
Dachau Stadt;8001355
Dachrieden;8011335
Dachrieden Bahnhof Unstruttal;215026
Dachwig;8011336
Dagebüll Kirche;8077770
Dagebüll Mole;8007769
Daglfing Bahnhof Ost München;370704
Daglfing Bahnhof West München;621774
Dahl;8001357
Dahlbruch;8001358
Dahlem (Eifel);8001359
Dahlen (Sachs);8011339
Dahlenburg;8001360
Dahlerbrück;8001362
Dahlerbrück Schalksmühle;881592
Dahlewitz;8011340
Dahlewitz Bahnhof Blankenfelde-Mahlow;736512
Dahlhausen Bahnhof Bochum;375418
Dahn;8079085
Dahn Süd;8079081
Daimlerstraße Holzgerlingen;206533
Dalheim;8001365
Dalheim Bahnhof (Bus) Wegberg;585485
Dallau;8001366
Dallau Bahnhof Elztal;510784
Dallgow-Döberitz;8080260
Damgarten Bahnhof Ost Ribnitz-Damgarten;370025
Dammerstock Karlsruhe;201206
Dammweg/Sonnenallee Berlin;732076
Dannenberg Ost;8001372
Dannenwalde (Gransee);8011344
Dannenwalde (Gransee) Kirche;8070962
Darching;8001373
Darching Bahnhof Valley;595705
Darlingerode;8011346
Darmstadt Hbf;8000068
Darmstadt Nord;8001375
Darmstadt Ost;8001376
Darmstadt Süd;8001377
Darmstadt TU-Lichtwiese;8001386
Darmstadt-Arheilgen;8001378
Darmstadt-Eberstadt;8001379
Darmstadt-Kranichstein;8001380
Darmstadt-Wixhausen;8006528
Darmstadt-Wixhausen Messeler-Park-Straße;8071170
Dasing;8001382
Dasselstr/Südbahnhof Köln;444501
Dattenfeld (Sieg);8001384
Dattenfeld Bahnhof Windeck;445174
Dauenhof;8001387
Daufenbach;8001388
Daufenbach Bahnhof Zemmer;378214
Dausenau;8001389
Davensberg;8001390
Davensberg Bahnhof Ascheberg (Westf);410908
Daxlanden Ankerstraße Karlsruhe;379903
Daxlanden Dornröschenweg Karlsruhe;300206
Daxlanden Hammweg Karlsruhe;370305
Daxlanden Karl-Delisle-Straße Karlsruhe;373205
Daxlanden Kirchplatz Karlsruhe;364304
Daxlanden Mauerweg Karlsruhe;363302
Daxlanden Nussbaumweg Karlsruhe;365609
Daxlanden Thomas-Mann-Straße Karlsruhe;370204
Daxlanden Waidweg Karlsruhe;300306
Dechenhöhle (Bus) Iserlohn;878744
Dedenhausen;8001392
Dedenhausen Bahnhof Uetze;638305
Dedensen-Gümmer;8001393
Dedinghausen;8001394
Deezbüll;8079022
Degerloch B27 Stuttgart;192688
Degerloch Stuttgart;406165
Deggendorf Hbf;8001397
Deidesheim;8001399
Deining (Oberpf);8001400
Deinste;8070349
Deisenhofen;8001404
Deisenhofen Oberhaching;302340
Deißlingen Mitte;8001405
Delitzsch;8096001
Delitzsch ob Bf;8080280
Delitzsch unt Bf;8010076
Dellbrück S-Bahn Köln;441989
Dellfeld;8001406
Dellfeld Ort;8001407
Dellwig Bahnhof Essen (Ruhr);379197
Delmenhorst;8000070
Delmenhorst-Annenheide;8070302
Delmenhorst-Hasporter Damm;8070426
Delmenhorst-Süd;8070350
Demitz-Thumitz;8011354
Demker;8011355
Demker S-Bahnhof (Bus) Tangerhütte;957889
Demmin;8011356
Denkmal Neutrebbin;321636
Densborn;8001414
Denzlingen;8001415
Derendingen Bahnhof Tübingen;750410
Derendorf S Düsseldorf;368285
Derkum;8001416
Derkum Bahnhof Weilerswist;379585
Dernau;8001417
Dernbach (Westerw);8001418
Derne Bahnhof Dortmund;651980
Derneburg (Han);8000071
Derneburg Bahnhof Holle;331110
Dessau Adria;8011362
Dessau Hauptbahnhof (Tram/Bus) Dessau-Roßlau;953806
Dessau Hauptbahnhof/Westausgang Dessau-Roßlau;115876
Dessau Hbf;8010077
Dessau Hbf (SEV);8071761
Dessau Süd;8011361
Dessau Süd Tempelhofer Straße;8071887
Dessau Tempelhofer Str Dessau-Roßlau;953752
Dessau-Alten;8011363
Dessau-Mosigkau;8011364
Dessau-Waldersee;8070259
Detmold;8001420
Dettelbach Bahnhof;8001421
Dettelbach Ort;8096032
Dettenhausen;8085015
Dettingen (Main);8001427
Dettingen (Teck);8001428
Dettingen Bahnhof Karlstein a Main;425244
Dettingen Freibad;8001424
Dettingen Gsaidt;8001426
Dettingen Lehen;8001422
Dettingen Mitte Bahnhof Dettingen an der Erms;491926
Dettingen an der Erms Mitte;750430
Dettingen-Mitte;8070679
Dettum;8001429
Dettum Kirche;8071799
Deuben (Zeitz);8010078
Deuerling;8001430
Deuten;8001432
Deuten Bahnhof Dorsten;411283
Deutschenbora;8011370
Deutz Bahnhof Messeplatz Köln;441716
Deutzen;8011371
Deutzen Markt;8071114
Deutzen Markt Neukieritzsch;200072
Diebach;8001435
Dieburg;8000362
Diedelsheim;8070012
Diedelsheim Bretten;721619
Diedelsheim Rathaus Bretten;720587
Diedorf (Schwab);8001439
Diedorf Bahnhof Diedorf Markt;780428
Diekjen-Deel;8084077
Dienheim;8001448
Diepholz;8001443
Diepoltsdorf;8102065
Dieringhausen;8000363
Dieringhausen Bahnhof Gummersbach;440766
Diesbar-Seußlitz Fährstelle Nünchritz;975212
Dieskau;8011376
Dietersheim;8001450
Dietesheim S-Bahnhof Mühlheim am Main;104530
Dietmannsried;8001454
Dietrichsdorf (Fähre) Kiel;360951
Dietzelbach;8007335
Dietzenbach Bahnhof;8001456
Dietzenbach Mitte;8001455
Dietzenbach-Steinberg;8001459
Dietzhausen;8011378
Diez;8001457
Diez Ost;8001458
Diez Wilhelmstraße/Bahnhof Nassau;515739
Dießen;8001447
Dillbrecht;8001460
Dillbrecht Ewersbacher Straße Haiger;121025
Dillenburg;8000074
Dillingen (Donau);8001463
Dillingen (Saar);8000075
Dillweißenstein Bahnhof Weißenstein Pforzheim;940592
Dillweißenstein Steinbergsguts Pforzheim;376343
Dingden;8001465
Dingelsdorf;8079008
Dingolfing;8001466
Dinkelsbühl Bf;8070352
Dinkelscherben;8001468
Dinslaken;8001469
Dippoldiswalde;8011382
Dirmingen;8001470
Dissen-Bad Rothenfelde;8001471
Distelhausen;8001472
Ditfurt;8011383
Dittersbach;8011385
Dittersdorf;8011386
Dittersdorf Bahnhof Amtsberg;982640
Dittigheim;8001474
Ditzingen;8001476
Doberlug-Kirchhain;8010079
Doberschütz;8011387
Doberschütz B87;8079718
Dockland (Fischereihafen) Hamburg;895611
Dodendorf;8011388
Dodendorf Bahnhof (Bus) Sülzetal;956255
Dodenhof;8007148
Dogern;8001491
Dohna (Sachs);8011398
Dollbergen;8001492
Dollbergen Bahnhof Uetze;638309
Dollbergen Bahnhof/Nordseite Uetze;637931
Dollern;8001493
Dollnstein;8001495
Dom/Hauptbahnhof Köln;440404
Dombühl;8000365
Domnitz (Saalkr);8011402
Domsühl;8011403
Domsühl (Bus);320771
Donaueschingen;8000077
Donaueschingen Allmendshofen;8001479
Donaueschingen Aufen;8001482
Donaueschingen Grüningen;8001483
Donaueschingen Mitte/Siedlung;8001485
Donauwörth;8000078
Donndorf (Unstrut);8011404
Donnersbergerbrücke München;623759
Dorf Mecklenburg;8012321
Dorf Mecklenburg B106;8071525
Dorfchemnitz;8011405
Dorfen Bahnhof;8001499
Dorfmark;8001502
Dorfmark Bahnhof Bad Fallingbostel;318560
Dorfprozelten;8001503
Dorfstraße Echem;617930
Dorfstraße Reinsbüttel;703145
Dorfstraße Wiesenau;740730
Dorfstraße/Bahnhof Langenbach (Kreis Freising);202895
Dorfteich Großenbrode;699714
Dorheim (Wetterau);8001504
Dorheim Bahnhof Friedberg (Hessen);111176
Dormagen;8001506
Dormagen Bayerwerk;8001507
Dornberg Bahnhof Ostseite Groß-Gerau;103268
Dornberg Bahnhof Westseite Groß-Gerau;103538
Dornburg (Saale);8011406
Dornheim Rathausplatz Groß-Gerau;114048
Dornstetten;8001512
Dornstetten-Aach;8001510
Dornstetten-Aach Grüntaler Straße;8071249
Dorschbergstraße Wörth am Rhein;510752
Dorsten;8006709
Dorsten Bahnhof Dorsten;363868
Dorstfeld S-Bahnhof Dortmund;651993
Dortelweil;8001514
Dortelweil Hohemarkstraße Bad Vilbel;123720
Dortmund Hbf;8000080
Dortmund Knappschaftskrankenhaus;8001517
Dortmund Möllerbrücke;8001518
Dortmund Signal Iduna Park;8001522
Dortmund Stadthaus;8001520
Dortmund Tierpark;8001521
Dortmund Universität;8004419
Dortmund West;8003946
Dortmund-Aplerbeck;8001523
Dortmund-Aplerbeck Süd;8001524
Dortmund-Asseln Mitte;8001526
Dortmund-Barop;8001527
Dortmund-Brackel;8001529
Dortmund-Bövinghausen;8001528
Dortmund-Derne;8001530
Dortmund-Dorstfeld;8000081
Dortmund-Dorstfeld Süd;8004230
Dortmund-Germania;8001540
Dortmund-Huckarde;8001505
Dortmund-Huckarde Nord;8001532
Dortmund-Hörde;8000961
Dortmund-Kirchderne;8001533
Dortmund-Kirchhörde;8001534
Dortmund-Kley;8004269
Dortmund-Kruckel;8001536
Dortmund-Kurl;8001537
Dortmund-Körne;8001535
Dortmund-Körne West;8003916
Dortmund-Löttringhausen;8001538
Dortmund-Lütgendortmund;8001516
Dortmund-Lütgendortmund Nord;8001539
Dortmund-Marten;8001541
Dortmund-Marten Süd;8001542
Dortmund-Mengede;8001543
Dortmund-Nette/Oestrich;8001519
Dortmund-Oespel;8004288
Dortmund-Rahm;8001544
Dortmund-Scharnhorst;8001515
Dortmund-Somborn;8001549
Dortmund-Sölde;8001545
Dortmund-Westerfilde;8001525
Dortmund-Wickede;8001546
Dortmund-Wickede West;8003936
Dortmund-Wischlingen;8001531
Dorum (Weserm);8001547
Dorum Bahnhof Wurster Nordseeküste;610829
Dossow (Prign);8011408
Dossow Dorfstr Wittstock (Dosse);734356
Dossow Dorfstraße;8079705
Dottenheim;8001548
Dotternhausen-Dormettingen;8029358
Drahnsdorf;8011409
Drahtzug;8017005
Drebkau;8011414
Drei Annen Hohne;8017006
Drei Annen Hohne Bahnhof (Bus) Wernigerode;953979
Dreieich-Buchschlag;8001236
Dreieich-Dreieichenhain;8001554
Dreieich-Götzenhain;8002315
Dreieich-Offenthal;8004653
Dreieich-Sprendlingen;8005636
Dreieich-Weibelfeld;8079151
Dreikirchen;8004538
Dreikirchen Hauptstraße;8074480
Dreileben-Drackenstedt;8011415
Dreileben-Drackenstedt Bahnhof (Bus) Wanzleben-Bö;955009
Dremmen Bahnhof (Bus) Heinsberg;585694
Drensteinfurt;8001558
Dresden Bischofsplatz;8011416
Dresden Flughafen;8011399
Dresden Freiberger Straße;8011431
Dresden Grenzstraße;8011417
Dresden Hbf;8010085
Dresden Hbf Strehlener Straße;8013449
Dresden Industriegelände;8011418
Dresden Industriegelände B97;8070851
Dresden Mitte;8013444
Dresden-Cotta;8011419
Dresden-Dobritz;8011420
Dresden-Friedrichstadt;8013475
Dresden-Kemnitz;8011421
Dresden-Kemnitz Flensburger Straße;8071195
Dresden-Kemnitz Zschonergrundstraße;8071196
Dresden-Klotzsche;8010088
Dresden-Neustadt;8010089
Dresden-Neustadt Gleis 10;8098089
Dresden-Niedersedlitz;8011422
Dresden-Pieschen;8011423
Dresden-Plauen;8013476
Dresden-Plauen Altplauen;8071995
Dresden-Reick;8011424
Dresden-Stetzsch;8011425
Dresden-Stetzsch Am Urnenfeld;8071087
Dresden-Strehlen;8011426
Dresden-Trachau;8011427
Dresden-Zschachwitz;8011428
Dresden-Zschachwitz Fritz-Schreiter-Str;8013446
Dreye;8001561
Dreye Bahnhof Weyhe;603939
Drohndorf-Mehringen;8011433
Ducherow;8011438
Ducherow Gaststätte;8079719
Duckterath;8001566
Dudenhofen Bahnhof Rodgau;104643
Dudweiler;8001570
Duisburg Entenfang;8005272
Duisburg Hbf;8000086
Duisburg-Bissingheim;8001599
Duisburg-Buchholz;8001600
Duisburg-Großenbaum;8001602
Duisburg-Hochfeld Süd;8001605
Duisburg-Meiderich Ost;8001607
Duisburg-Meiderich Süd;8000367
Duisburg-Obermeiderich;8001608
Duisburg-Rahm;8001609
Duisburg-Ruhrort;8001611
Duisburg-Schlenk;8001596
Duisburg-Wedau;8001612
Duisdorf Bahnhof Bonn;441418
Durach;8001614
Durlach Bahnhof (Bus) Karlsruhe;723560
Durlach Bahnhof Karlsruhe;110802
Durlach Hubstraße Karlsruhe;724001
Durlach Untermühlstraße Karlsruhe;372010
Durlacher Straße Bruchsal;723361
Durlacher Tor/KIT-Campus Süd (U) Karlsruhe;301001
Durlacher Tor/KIT-Campus Süd Karlsruhe;372509
Durmersheim;8001616
Durmersheim Nord;8070170
Dutenhofen (Wetzlar);8001618
Dutenhofen Bahnhof Wetzlar;103946
Dutzendteich Bahnhof Nürnberg;682654
Dußlingen;8001617
Döbeln Hbf;8010080
Döbeln Zentrum;8011389
Döberitz;8011390
Döberitz Rathenower Str Premnitz;735183
Döggingen;8001480
Döggingen Bahnhof (Bus) Bräunlingen;503520
Döggingen Freiburger Straße Bräunlingen;503155
Döhlau;8001481
Dölau Bahnhof Greiz;968201
Döllstädt;8010081
Dörfles-Esbach;8001484
Dörpen;8001486
Dörrberg;8011397
Dörverden;8001489
Dülken;8001571
Dülken Bahnhof Viersen;367229
Dülmen;8000083
Dünsen DHE;8070358
Düren;8000084
Düren Annakirmesplatz;8007818
Düren Renkerstraße;8007832
Düren im Großen Tal;8007836
Düren-Kuhbrücke;8007833
Düren-Lendersdorf;8007819
Dürrenbüchig;8001576
Dürrenhof Nürnberg;682657
Dürrenwaid Bahnhof;8070805
Dürrenzimmern;8071102
Dürrnhaar;8001578
Dürrröhrsdorf;8010091
Düsseldorf Flughafen;8000082
Düsseldorf Flughafen;8096014
Düsseldorf Flughafen Terminal;8001580
Düsseldorf Friedrichstadt;8001579
Düsseldorf Hbf;8000085
Düsseldorf Hbf ZOB;8089323
Düsseldorf Volksgarten;8001581
Düsseldorf Völklinger Straße;8001603
Düsseldorf Wehrhahn;8001582
Düsseldorf-Benrath;8001584
Düsseldorf-Bilk;8001585
Düsseldorf-Derendorf;8001586
Düsseldorf-Eller;8001587
Düsseldorf-Eller Mitte;8001308
Düsseldorf-Eller Süd;8001588
Düsseldorf-Flingern;8001598
Düsseldorf-Garath;8001589
Düsseldorf-Gerresheim;8001590
Düsseldorf-Hamm;8001597
Düsseldorf-Hellerhof;8004920
Düsseldorf-Oberbilk;8001591
Düsseldorf-Rath;8001592
Düsseldorf-Rath Mitte;8001593
Düsseldorf-Reisholz;8001594
Düsseldorf-Unterrath;8001595
Düsseldorf-Zoo;8001583
Dütschow;8011442
Ebelsbach-Eltmann;8001619
Ebenhausen (Unterfr);8001620
Ebenhausen-Schäftlarn;8001621
Ebenhausen-Schäftlarn Bahnhof Schäftlarn;623254
Ebenhofen;8001622
Ebensfeld;8001623
Eberbach;8000369
Ebermannstadt;8001627
Ebermergen;8001628
Ebern;8001629
Ebern Parkplatz Mittelschule;8070996
Ebersbach (Fils);8001632
Ebersbach (Sachs);8010092
Ebersbach Bahnhof Ebersbach-Neugersdorf;109285
Ebersberg (Oberbay);8001634
Ebersbrunn;8011446
Ebersbrunn Eisenbahnhaltepunkt Lichtentanne;967356
Ebersbrunn Gasthof Löwe;8071753
Ebersbrunn Gh zum Löwen Lichtentanne;983260
Ebersdorf (b Coburg);8001636
Ebersdorfer Str Grub a Forst;464121
Eberstadt Bahnhof Darmstadt;111321
Eberswalde Busbahnhof;8079720
Eberswalde Hbf;8010093
Eberswalde Markt;8071488
Ebertsheim;8001638
Ebertstraße Karlsruhe;130091
Ebing;8001640
Ebing Bahnhof Rattelsdorf (Oberfranken);464279
Ebingen Bahnhof Südausgang Albstadt;376179
Ebingen Lerchenbrücke Albstadt;750537
Ebingen Schalksburgschule Albstadt;750556
Ebingen West Albstadt;751479
Ebitzweg Stuttgart;363594
Ebnath Ortsmitte;8089239
Ebringen;8001643
Ebstorf (Uelzen);8001645
Echem;8001646
Eching;8001647
Echterdingen;8001650
Echterdingen Bahnhof Leinfelden-Echterdingen;561504
Echterdingen Stadionstraße Leinfelden-Echterdinge;107180
Echzell;8001648
Eckardtsleben;8011449
Eckartsberga (Thür);8011450
Eckartshausen-Ilshofen;8001651
Eckartshausen-Ilshofen Bahnhof Ilshofen;830171
Eckenerstraße Karlsruhe;366901
Eckernförde;8001654
Eckersmühlen;8001655
Eddersheim;8001659
Eddersheim An der Lache Hattersheim am Main;122611
Eddersheim Bahnhof Hattersheim am Main;104998
Edelfingen;8001660
Edenkoben;8001663
Ederbringhausen Bahnhof Vöhl;711987
Ederbringhausen Burg Hessenstein Vöhl;714633
Edermünde-Grifte;8002374
Ederpromenade Frankenberg (Eder);372125
Edesheim (Pfalz);8001665
Edhof Abzw Bahnhof Hebertsfelden;547405
Ediger-Eller;8001666
Edingen (Wetzlar);8001668
Edle Krone;8011451
Edling;8001669
Effelder (Thür);8011453
Effolderbach;8001670
Efringen-Kirchen;8001671
Egelsbach;8001672
Egersdorf;8001674
Egestorf (Deister);8001675
Egestorf Bahnhof Barsinghausen;638313
Eggenfelden;8001677
Eggenfelden Mitte;8001676
Eggenstein;8007173
Eggenstein Schweriner Straße Eggenstein-Leopoldsh;720701
Eggenstein Spöcker Weg Eggenstein-Leopoldshafen;720702
Eggenstein Süd Eggenstein-Leopoldshafen;720703
Eggersdorf;8011455
Eggesin;8011456
Eggingen;8070866
Egglkofen;8001678
Eggmühl;8001679
Eggmühl Bahnhof Schierling;786804
Eggolsheim;8001680
Eglharting;8001682
Eglharting Kirchseeon;624429
Egling;8001683
Ehingen (Donau);8001684
Ehlenbruch;8001686
Ehlenbruch Bahnhof Lage (Lippe);363566
Ehlershausen;8001687
Ehlershausen Bahnhof Burgdorf (Hannover);638315
Ehm-Welk-Straße Rostock;939551
Ehningen (b Böblingen);8001689
Ehr;8001690
Ehrang;8000370
Ehrang Bahnhof Trier;255075
Ehrang Ort;8001688
Ehrenbreitstein Bahnhof Koblenz;455968
Ehrenbreitstein Bahnhof/B42 Koblenz;453660
Ehrenfeld Bahnhof Köln;446752
Ehrenfeld Bochum;376700
Ehrenfeld S-Bahnhof Bochum;659462
Ehringen;8001691
Ehringhausen (Kr Lippstadt);8001692
Ehringhausen Bahnhof Geseke;908018
Ehringshausen (Kr Wetzlar);8001694
Ehringshausen (Oberhess);8001693
Eibach Bahnhof Nürnberg;683201
Eibau;8010094
Eibau Bahnhofstraße;8071568
Eiberg S-Bahnhof Essen (Ruhr);654402
Eibsee Zugspitzbahn Grainau;966906
Eich (Sachs);8011458
Eichen (Kr Siegen);8001700
Eichen Nidderau-Eichen Bahnhof Nidderau;364543
Eichen Obergasse Nidderau;115564
Eichenau (Oberbay);8001702
Eichenberg;8000090
Eichenberg Bahnhof Neu-Eichenberg;710033
Eichendorffstraße Nürtingen;558039
Eichenwaldstraße Pinzberg;461219
Eichenzell;8001704
Eichenzell Fuldaer Straße;8071379
Eichhagen;8001706
Eicholzheim;8001707
Eicholzheim Bahnhof Schefflenz;108204
Eichstedt (Altm);8011460
Eichstetten am Kaiserstuhl;8007295
Eichstätt Bahnhof;8001708
Eichstätt Stadt;8001709
Eichwalde;8080340
Eickendorf;8011462
Eidelstedt Zentrum (Bus) Hamburg;895186
Eiferding;8101834
Eilenburg;8010095
Eilenburg Ost;8010161
Eilendorf;8001712
Eilsleben (b Magdeburg);8010096
Eilvese;8001713
Eilvese Bahnhof Neustadt am Rübenberge;638317
Eimeldingen;8001715
Einbeck BBS/PS-Speicher;8001719
Einbeck Mitte;8001717
Einbeck Otto-Hahn-Straße;8001723
Einbeck Salzderhelden;8005264
Einfeld;8001718
Einfeld Bahnhof Neumünster;699213
Einruhr Schiffsanleger Simmerath;268578
Einsiedel;8011466
Einsiedel August-Bebel-Platz;8071828
Einsiedel August-Bebel-Platz Chemnitz;230114
Einsiedel Bahnhof Chemnitz;448201
Einsiedel Brauerei;8071781
Einsiedel Brauerei Chemnitz;120061
Einsiedel Gymnasium Chemnitz;363115
Einsiedel Hp Gymnasium;8011464
Einsiedlerhof;8001720
Einsiedlerhof Bahnhof Kaiserslautern;506069
Einöd (Saar);8000371
Eisdorf Bahnhof (Bus) Teutschenthal;962374
Eisenach;8010097
Eisenach Opelwerke Hp;8010105
Eisenach West;8011468
Eisenbach-Matzenbach;8001727
Eisenbahn Nagold;828775
Eisenbahnstraße Schliengen;499460
Eisenberg (Pfalz);8001728
Eisenheim;8070856
Eisenhüttenstadt;8011471
Eisenärzt;8001725
Eisenärzt Bahnhof Siegsdorf;591497
Eiserfeld (Sieg);8001729
Eiserfeld Abzw Bahnhof Siegen;415220
Eisfeld;8011472
Eisfelder Talmühle;8017007
Eislingen (Fils);8001731
Eiswoog;8001732
Eiswoog Ramsen;509129
Eitensheim;8001734
Eitorf;8001736
Elbbrücken Hamburg;371943
Elbkai Bad Schandau;978309
Elbperle Lutherstadt Wittenberg;962828
Elbphilharmonie Hamburg;895799
Elend;8017008
Elfershausen-Trimberg;8001742
Elgersburg;8011476
Ellefeld;8011477
Ellefeld Rathaus;8070984
Ellental;8001746
Ellentalgymnasien Bietigheim-Bissingen;555523
Eller Mitte S-Bahnhof Düsseldorf;218259
Eller S Düsseldorf;118743
Eller S-Bahnhof Düsseldorf;378188
Eller Südbahnhof Düsseldorf;378570
Ellerau;8007050
Ellhofen;8001747
Ellikon am Rhein;8500161
Ellingen (Bay);8001749
Ellrich;8011480
Ellwangen;8001751
Ellzee;8001752
Elmenhorst;8011481
Elmenhorst Schule;8079721
Elmenhorster Weg Rostock;939511
Elmshorn;8000092
Elpersheim;8001754
Elpersheim Bahnhof Weikersheim;366042
Elsfleth;8001760
Elsholz;8011482
Elsholz B2/Fischerstr Beelitz (Mark);735682
Elsnigk (Anh);8011484
Elstal;8080370
Elstal Bahnhof Wustermark;729387
Elster (Elbe);8011486
Elster Bahnhof Zahna-Elster;958845
Elsterberg;8011487
Elsterberg Gasthof Linde;8070942
Elsterberg-Kunstseidenwerk;8011488
Elsterwerda;8010099
Elsterwerda;8096010
Elsterwerda-Biehla;8010100
Eltersdorf;8001762
Eltersdorf Bahnhof Erlangen;682965
Eltville;8001763
Eltville KD;8075970
Elxleben;8011489
Elz (Limburg/Lahn);8001764
Elz (Limburg/Lahn) Mitte;8071536
Elz (Limburg/Lahn) Süd;8001765
Elz Mitte;454293
Elzach;8001766
Elze (Han);8000093
Elze Am Bahndamm Wedemark;635331
Elze Am Bahnhof/L190 Wedemark;638269
Emden Außenhafen;8001767
Emden Flugplatz;8070177
Emden Hbf;8001768
Emmelshausen;8001770
Emmendingen;8001771
Emmerich;8001773
Emmerich (Gr);8001774
Emmerich-Elten;8001776
Emmerke;8001775
Emmerke Bahnhof Giesen;480006
Emmerthal;8001777
Empel Bahnhof Rees;140024
Empel-Rees;8001780
Empelde;8001781
Empelde Bahnhof Ronnenberg;636119
Emsdetten;8001782
Emskirchen;8001783
Endenich Nord Bahnhof Bonn;443984
Endersbach;8001785
Endersbach Bahnhof Weinstadt;561423
Endersbach Stetten-Beinstein Weinstadt;562253
Endersbach Stettener Straße Weinstadt;561125
Endingen (Württ);8029356
Endingen am Kaiserstuhl;8007285
Engeln;8070368
Engeln Bahnhof Kempenich;374801
Engelsburg/Rheinfähre Oberwesel;455838
Engelsdorf;8011491
Engelsdorf Riesaer Straße;8071465
Engelsdorf Werkstätten;8011495
Engelskirchen;8001789
Engen;8001790
Engen Busbahnhof;501477
Engers;8000094
Engers Bahnhof Neuwied;457172
Engertsham;8001792
Engstingen Schulzentrum;8003335
Engstlatt;8001794
Enkenbach;8000372
Enkenbach Bahnhof Enkenbach-Alsenborn;506116
Ennepetal;8001795
Ennepetal Ennepetal (Gevelsberg) Bahnhof;408132
Ensdorf (Saar);8001799
Enspel;8001801
Entenfang Karlsruhe;150051
Entringen;8001802
Entringen Bahnhof Ammerbuch;556119
Entringen Hauffstraße;8071802
Entringen Obere Straße;8070864
Enzberg;8001803
Enzberg Bahnhof Mühlacker;940184
Enzisweiler;8001806
Enzisweiler Einkaufszentrum Bodolz;492108
Enzstraße Birkenfeld (Württ);422102
Epe (Westf);8001808
Epe Zum Bahnhof Gronau (Westf);412269
Epfenhofen;8070369
Eppelborn;8001812
Eppelsheim (Rheinhess);8001813
Eppertshausen;8001814
Eppingen;8000373
Eppingen West;8079077
Eppstein;8001815
Eppstein-Bremthal;8001816
Erbach (Odenw);8001817
Erbach (Odenw) Nord;8001811
Erbach (Rheingau);8001818
Erbach (Württ);8001820
Erbach Nistertal-Bad Marienberg Bahnhof Nistertal;457305
Erbprinz/Schloss Ettlingen;201223
Erbstorf;8070370
Erbstorf Ziegelei;8070643
Erdeborn;8011496
Erding;8001825
Erdkauter Weg Gießen;114731
Erdmannhausen-Rielingshausen;8001827
Erdmannsdorf Bahnhof Augustusburg;984023
Erdmannsdorf Talstation;8080061
Erdmannsdorf Talstation Augustusburg;270011
Erdmannsdorf-Augustusburg;8011497
Erdmannsdorfer Str Chemnitz;330034
Erdorf Bahnhof Bitburg;457972
Erdweg;8001829
Erftstadt;8003671
Erfurt Busbahnhof;8089375
Erfurt Hbf;8010101
Erfurt Hbf IC-Hotel;8071357
Erfurt Nord;8010102
Erfurt Ost;8011500
Erfurt-Bischleben;8011502
Erfurt-Gispersleben;8011503
Ergenzingen;8001833
Ergenzingen Bahnhof Rottenburg am Neckar;573472
Ergoldsbach;8001835
Ergste;8001836
Ergste Bahnhof Schwerte;880260
Erholungsheim Pracht;446571
Erich-Weinert-Str Halberstadt;954311
Eriskirch;8001838
Erkelenz;8001839
Erkersreuth;8001840
Erkner;8013477
Erkrath;8001841
Erkrath S Erkrath;368972
Erkrath-Nord;8001842
Erkrath-Nord Stadthalle;8071231
Erla;8011505
Erlabrunn (Erzgeb);8011506
Erlabrunn Bahnhof Breitenbrunn/Erzgeb;981846
Erlangen;8001844
Erlangen Busbahnhof;8089292
Erlangen Hauptbahnhof Erlangen;682614
Erlangen Paul-Gossen-Straße;8001846
Erlangen-Bruck;8001845
Erlau (Sachs);8011507
Erlenbach (Main);8001848
Erlenstegen Nürnberg;460247
Ermstalklinik Bad Urach;750114
Erndtebrück;8001851
Erndtebrück Flughafen/Messe;8087019
Ernsgaden;8001853
Ernst-August-Schleuse (Fähre) Hamburg;693402
Ernst-August-Schleuse Hamburg;895865
Ernst-Bauer-Platz Renningen;558449
Ernsthausen;8001854
Ernsthausen Bahnhof Burgwald;711302
Ernsthausen Marburger Straße Burgwald;715999
Ernstthal Bahnhofsplatz Lauscha;210069
Ernstthal am Rennsteig;8011512
Erpel (Rhein);8001858
Erpel Rheinfähre Unkel;441205
Erpolzheim;8001860
Ersingen;8001861
Ersingen West;8079090
Erzbergerstraße Kassel;714220
Erzhausen;8001864
Erzingen (Baden);8001865
Erzingen (Württ);8029357
Eschborn;8001870
Eschborn Süd;8001871
Eschede;8001872
Eschelbronn;8007443
Eschelbronn Post;8071141
Eschenau (Mittelfr);8001875
Eschenau (b Heilbronn);8001874
Eschenau Bahnhof Eckental;682976
Eschenau Bahnhof Obersulm;422832
Eschenbach (b Markt Erlbach);8001877
Eschenlohe;8001880
Escherndorf;8070857
Eschersheim Bahnhof Frankfurt a M;101376
Eschhofen;8001883
Eschhofen Bahnhofstraße;8071340
Eschhofen Bahnhofstraße Limburg a d Lahn;116388
Eschwege;8001884
Eschwege-Niederhone;8001895
Eschwege-Niederhone Am Steg;8071220
Eschweiler Hbf;8001886
Eschweiler Talbahnhof;8001888
Eschweiler-Nothberg;8001889
Eschweiler-St Jöris;8001917
Eschweiler-Weisweiler;8001893
Eschweiler-West;8001887
Eschweiller;8096020
Esens (Ostfriesl);8001890
Esens Bahnhofstraße;8000460
Esens ZOB;8000458
Espelkamp;8001894
Espenau-Mönchehof;8004060
Essel;8071334
Essen (Oldb);8001899
Essen (Ruhr) West;369643
Essen Hbf;8000098
Essen Stadtwald;8001896
Essen Süd;8001897
Essen West;8001898
Essen-Altenessen;8001900
Essen-Bergeborbeck;8001901
Essen-Borbeck;8001902
Essen-Borbeck Süd;8005031
Essen-Dellwig;8001903
Essen-Dellwig Ost;8001904
Essen-Eiberg;8001905
Essen-Frohnhausen;8001906
Essen-Gerschede;8001907
Essen-Holthausen;8006514
Essen-Horst;8006194
Essen-Hügel;8001908
Essen-Kray Nord;8001910
Essen-Kray Süd;8001911
Essen-Kupferdreh;8001912
Essen-Steele;8000099
Essen-Steele Ost;8001913
Essen-Werden;8001915
Essen-Zollverein Nord;8001909
Essen-Überruhr;8001914
Essenweinstraße Karlsruhe;360626
Esslingen (Neckar);8001920
Esslingen-Mettingen;8001921
Esslingen-Zell;8006642
Esting;8001996
Esting Bahnhof Olching;623715
Etelsen;8001924
Ettenhausen;8011519
Etterzhausen;8001925
Etterzhausen Bahnhof Nittendorf;785248
Ettlingen Stadt;8007007
Ettlingen Stadt Bahnhof;724016
Ettlingen West;8001926
Ettlingenweier Eisenstock Ettlingen;720794
Ettlinger Tor/Staatstheater (U) Karlsruhe;131012
Ettlinger Tor/Staatstheater Karlsruhe;140071
Etzbach;8001928
Etzelwang;8001929
Etzenbach;8007334
Etzenbach Bahnhof Staufen im Breisgau;499646
Etzenricht;8001932
Etzenrot;8007008
Etzenrot Bahnhof Waldbronn;724018
Etzleben;8011520
Eubigheim;8001933
Eubigheim Bahnhof Ahorn (Baden);371576
Euerdorf;8001935
Europa Platz/HBF Bielefeld;930283
Europahalle/Europabad (Schleife) Karlsruhe;722003
Europahalle/Europabad Karlsruhe;721357
Europaplatz/Postgalerie (U) Karlsruhe;140060
Europaplatz/Postgalerie Karlsruhe;170037
Europastraße Gammertingen;750701
Euskirchen;8000100
Eutin;8001941
Eutiner Straße Rostock;939523
Eutingen (Baden);8001942
Eutingen Bahnhof Pforzheim;940036
Eutingen Nord;8001944
Eutingen Rößlestaffel Pforzheim;940214
Eutingen im Gäu;8000101
Eutingen im Gäu Nord;377975
Eutzsch;8011522
Evershagen Süd Rostock;365488
Eyach;8001946
Eyach Bahnhof Eutingen im Gäu;750654
Eyachbrücke Neuenbürg;720816
Eystrup;8001949
Eßleben;8001919
Fa Mahle Rottweil;499766
Fa Wolman Sinzheim;722442
Fachingen (Lahn);8001950
Fahrenkrug;8001953
Fahrnau;8001954
Fahrnau Ost Schopfheim;502197
Falckenstein (Fähre) Kiel;370909
Falkenau (Sachs) Hp;8011528
Falkenau (Sachs) Süd;8011529
Falkenberg (Elster);8010103
Falkenberg (Mark);8011531
Falkenberg (Mark) Bus;8081086
Falkenbusch Bahnhof Dellfeld;403121
Falkenhagen Gewerbepark Prignitz;8017346
Falkensee;8013479
Falkensee ZOB;8079724
Falkenstein (Vogtl);8010106
Falkstraße Frankfurt a M;101230
Fallersleben;8001957
Fallersleben Bahnhof Wolfsburg;627799
Fangschleuse;8011533
Fangschleuse Bahnhof Grünheide (Mark);148839
Fangschleuse Tesla Süd;8079310
Farchant;8001961
Farge Fähranleger Bremen;374517
Fasanenpark;8001963
Fasanenpark Unterhaching;624435
Fasanerie München;360310
Fasangarten München;131120
Faulbach (Main);8001964
Faurndau;8001965
Faurndau Bahnhof Göppingen;810176
Favoritepark;8001967
Fehmarn-Burg;8001274
Feilitzsch;8001969
Feldafing;8001970
Feldberg-Bärental;8001971
Felde;8001977
Felden Schiffsanleger Bernau a Chiemsee;844009
Feldhausen;8001972
Feldhausen Bahnhof Bottrop;663056
Feldkirchen (Kreis München);625847
Feldkirchen (b München);8001973
Feldmoching Bahnhof Ost München;370368
Feldmoching München;370320
Feldolling;8001966
Feldwies Dampfersteg Übersee;591562
Feldwies Schiffsanleger Übersee;844008
Fellbach;8001974
Felsberg-Altenbrunslar;8000520
Felsberg-Gensungen;8002236
Felsberg-Wolfershausen;8006546
Ferch-Lienewitz;8013480
Ferchland Fährstelle Elbe-Parey;106986
Ferdinandshof;8011536
Ferienpark Schöneck/Vogtl;967774
Fermerswalde;8011537
Fermerswalde Bahnhof Herzberg (Elster);365464
Ferndorf (Siegen);8001976
Festplatz Dernau;459415
Festplatz Mayschoß;459325
Feucht;8001978
Feucht Ost;8001988
Feucht-Moosbach;8002520
Feuchtwangen Bf;8070601
Feudingen;8001980
Feudingen Am Bahnhof Bad Laasphe;160550
Feuerbach Bosch Stuttgart;559274
Feuerbach Stuttgart;561590
Feuersee SEV Stuttgart;366221
Feuersee Stuttgart;561554
Feuerwehr Heiligengrabe;205103
Feuerwehrhaus Balingen;750149
Feuerwehrhaus Puschendorf;205271
Fichtenberg;8001982
Filderstadt;8001984
Filsen;8001983
Filsen Rheinfähre Kamp-Bornhofen;286325
Finanzamt Heilbronn;720744
Finkenheerd;8011540
Finkenheerd Lindenstraße;8079725
Finkenkrug;8011541
Finkenkrug Bahnhof Falkensee;734775
Finkenwerder Hamburg;693434
Finnentrop;8000102
Finningerstraße;8001985
Finsterwald;8007889
Finsterwalde (Niederlausitz);8011542
Firma Bohemia Selb;542564
Fischach Bhf Schwab;8001986
Fischbach (Nürnberg);8001989
Fischbach Bahnhof Nürnberg;682659
Fischbach Bahnhof Wende Nürnberg;679359
Fischbach-Camphausen;8001990
Fischbach-Weierbach;8001991
Fischbach-Weierbach Bahnhof Idar-Oberstein;407111
Fischbachau;8001992
Fischen;8001995
Fischhaus;8070806
Fischhaus Bahnhof Ruderting;542436
Fischhausen-Neuhaus;8001998
Fischhausen/Neuhaus Bahnhof Schliersee;593109
Fischmarkt Halberstadt;953851
Fischweier Karlsbad;201302
Fladungen;8002001
Flechtingen;8011544
Fleetmark;8011545
Fleetmark Bahnhof (Bus) Arendsee (Altmark);964222
Flehingen;8002005
Flehingen Bahnhof Oberderdingen;721962
Flehingen Industriegebiet Oberderdingen;401561
Flehingen Ortsmitte Oberderdingen;720826
Flensburg;8000103
Flensburg (Gr);8002007
Flensburg-Weiche;8070006
Flensungen Mücke Bahnhof Mücke;111210
Flerrentwiete (Nord) Hamburg;181119
Flieden;8002010
Flingern S-Bahnhof Düsseldorf;378010
Flintbek;8002011
Flintsbach;8002012
Flomersheim;8002014
Flomersheim Bahnhof Frankenthal (Pfalz);506283
Floßmühle;8011548
Flughafen (Bus) Lübeck;695945
Flughafen BER - Terminal 1-2 (S-Bahn);8089201
Flughafen BER - Terminal 1-2 Schönefeld;736589
Flughafen BER - Terminal 5 Schönefeld;373374
Flughafen BER T1-2 (Fernbusparkplatz);8071657
Flughafen Bahnhof Düsseldorf;368488
Flughafen Dresden;972326
Flughafen Leipzig/Halle Zentralgebäude Schkeuditz;961888
Flughafen Terminal 1 Frankfurt a M;102932
Flughafen Terminal A/B Düsseldorf;118493
Flughafen Terminal A/B/C Düsseldorf;666293
Flöha;8010108
Flöha-Plaue;8010128
Flörsheim (Main);8002013
Fohrde;8011550
Fohrde Dorf;8081065
Fohrde Landstr Havelsee;729894
Forbach;8002022
Forchheim (Oberfr);8002024
Forchheim (b Karlsruhe);8002023
Forchheim Hallenbad Rheinstetten;377212
Forchheim Hauptstraße Rheinstetten;200213
Forchheim Leichtsandstr/Messe Karlsruhe Rheinste;720841
Forchheim Leichtsandstraße/Messe Karlsruhe Rheins;371210
Forchheim Oberfeldstraße Rheinstetten;300214
Fornsbach;8002026
Fornsbach Alte Straße Murrhardt;556277
Forschungszentrum Bahnhof (Bus) Jülich;268633
Forst (Gr);8089122
Forst (Lausitz);8010111
Forsthaus;8002027
Forsthaus Ückeritz;332498
Forsting;8002028
Forth;8002029
Forth Bahnhof Eckental;461435
Frahelsbruck;8007344
Frankenberg (Eder);8000104
Frankenberg (Sachs);8011553
Frankenberg (Sachs) Süd;8011554
Frankenberg-Goßberg;8002033
Frankenberg-Viermünden;8006082
Frankenberg/Sa Süd;984428
Frankenstadion Nürnberg;110536
Frankenstein (Pfalz);8002036
Frankenstein (Sachs);8011556
Frankenthal Hbf;8000332
Frankenthal Süd;8002025
Frankfurt (M) Flughafen;8000281
Frankfurt (M) Flughafen Fernbf;8070003
Frankfurt (M) Flughafen Regionalbf;8070004
Frankfurt (M) Galluswarte;8006690
Frankfurt (M) Hauptwache;8006692
Frankfurt (M) Hbf Stuttgarter Straße;8089211
Frankfurt (M) Konstablerwache;8004429
Frankfurt (M) Lokalbahnhof;8002038
Frankfurt (M) Mühlberg;8002034
Frankfurt (M) Ostendstraße;8002058
Frankfurt (M) Stresemannallee;8002059
Frankfurt (M) Taunusanlage;8006691
Frankfurt (Main);8096021
Frankfurt (Main) Bockenheimer Warte (SEV);8071655
Frankfurt (Main) Gateway Gardens;8002060
Frankfurt (Main) Hbf;8000105
Frankfurt (Main) Messe;8079632
Frankfurt (Main) Ost;8002039
Frankfurt (Main) Stresemannallee/Mörfelder Landstr;8071169
Frankfurt (Main) Süd;8002041
Frankfurt (Main) West;8002042
Frankfurt (Oder);8010113
Frankfurt (Oder) (Gr);8089124
Frankfurt (Oder) Bahnhof;8071291
Frankfurt (Oder) Neuberesinchen;8011557
Frankfurt (Oder) Rosengarten;8011559
Frankfurt Hbf (tief);8098105
Frankfurt am Main - Stadion;8002040
Frankfurt-Berkersheim;8002043
Frankfurt-Eschersheim;8002045
Frankfurt-Frankfurter Berg;8002044
Frankfurt-Griesheim;8002046
Frankfurt-Höchst;8000106
Frankfurt-Höchst Farbwerke;8002051
Frankfurt-Louisa;8002047
Frankfurt-Mainkur;8002048
Frankfurt-Nied;8002049
Frankfurt-Niederrad;8002050
Frankfurt-Rödelheim;8002052
Frankfurt-Sindlingen;8002053
Frankfurt-Sossenheim;8002054
Frankfurt-Unterliederbach;8007158
Frankfurt-Zeilsheim;8002055
Frankfurter Berg S-Bahn-Station Frankfurt a M;101391
Frankleben;8011560
Frauenalb - Schielberg Bahnhof Marxzell;720458
Frauenalb-Schielberg;8007010
Frauenau;8002057
Frauenhain;8011563
Frauenhain Bahnhof Röderaue;975273
Fraueninsel Hauptsteg Chiemsee;844003
Fraueninsel Nordsteg Chiemsee;844005
Frauentor Wangen im Allgäu;191313
Fraunhofer-Forschungspark Alzenau i UFr;425457
Frechen-Königsdorf;8002389
Freckleben;8011564
Freckleben (Bus) Aschersleben;956440
Freden (Leine);8002063
Fredenbeck;8071335
Fredersdorf (b Berlin);8080440
Fredersdorf Bahnhof Nordseite Fredersdorf-Vogelsd;738581
Fredersdorf Bahnhof Südseite Fredersdorf-Vogelsdo;728691
Freibad Böblingen;555698
Freibad Dettingen an der Erms;750425
Freibad Neuenbürg;721871
Freiberg (Neckar);8002065
Freiberg (Sachs);8010115
Freiburg (Breisgau) Hbf;8000107
Freiburg (Breisgau) ZOB;8089362
Freiburg Klinikum;8002077
Freiburg Messe/Universität;8000453
Freiburg West;8002066
Freiburg-Herdern;8002067
Freiburg-Littenweiler;8002068
Freiburg-St Georgen;8002069
Freiburg-Wiehre;8002070
Freiburg-Zähringen;8002071
Freienohl;8002073
Freienohl Bahnhof Meschede;417145
Freienorla;8011567
Freihalden;8002074
Freiham Bahnhof (Süd) München;201760
Freiham München;639160
Freihung;8002076
Freihöls;8002075
Freihöls Bahnhof Fensterbach;371777
Freilassing;8000108
Freilassing Bahnhof (Vorplatz);8081063
Freilassing Salzburger Platz;8081104
Freilassing-Hofham;8002085
Freimersheim (Rheinh);8000340
Freinsheim;8000374
Freising;8002078
Freital-Coßmannsdorf;8011568
Freital-Deuben;8011569
Freital-Hainsberg;8010116
Freital-Hainsberg West;8011570
Freital-Potschappel;8013445
Freizeit- und Erholungszentrum Berlin;733438
Freizeitzentrum Rülzheim;371745
Frellstedt;8002080
Frelsdorf;8007804
Frelsdorf Bahnhof Beverstedt;609993
Fremdingen Bf;8070392
Fremersdorf;8002083
Frenz;8011571
Frenz (Großpaschleben) Ortsmitte Osternienburger;955494
Fresenburg;8002086
Fresenburg Bahnhof Bad Oldesloe;480675
Fretzdorf;8011572
Fretzdorf Dorf;8079726
Fretzdorf Dorf Wittstock (Dosse);734368
Freudenberg-Kirschfurt;8002089
Freudenberg-Kirschfurt Bahnhof Collenberg;428030
Freudenstadt Hbf;8000110
Freudenstadt Industriegebiet;8002087
Freudenstadt Schulzentrum;8002090
Freudenstadt Stadt;8002091
Freusburg Siedlung;8002092
Freyburg (Unstrut);8011573
Freyung Bf;8002094
Frickenhausen;8007446
Frickenhausen Kelterstraße;8090022
Frickhofen;8002095
Frickhofen Bahnhof Dornburg (Westerwald);111018
Fridingen (b Tuttlingen);8002096
Fridolfing;8002097
Friedberg (Augsburg);8002099
Friedberg (Hess);8000111
Friedberg Süd;8002105
Friedelhausen;8002100
Friedensdorf (Lahn);8002101
Friedensdorf Bahnhof Dautphetal;111090
Friedensplatz Bahlingen am Kaiserstuhl;499648
Friedensplatz Heilbronn;720745
Friedersdorf (Königs Wusterhausen);8011574
Friedersdorf Bahnhof Heidesee;727440
Friedewald (Kr Dresden) Bad;8011575
Friedewald (Kr Dresden) Hp;8011576
Friedewald Bad Moritzburg;974444
Friedhof Halberstadt;953963
Friedhof Immenhausen;711940
Friedhof Trochtelfingen;752060
Friedland (Han);8002102
Friedland Bahnhof Westseite;8071125
Friedlos Bahnhof Ludwigsau;713398
Friedlos Raiffeisenbank Ludwigsau;716046
Friedrich Wilhelmshütte;8002104
Friedrich-Wilhelms-Hütte Bahnhof Troisdorf;440452
Friedrichroda;8011578
Friedrichsdorf (Taunus);8002108
Friedrichsfeld (Niederrhein);8002109
Friedrichsfeld Bahnhof Voerde (Niederrhein);588187
Friedrichsfeld Südbahnhof Mannheim;508073
Friedrichsgabe;8079024
Friedrichshafen Busbahnhof;493511
Friedrichshafen Flughafen;8002120
Friedrichshafen Fähre;8070112
Friedrichshafen Hafen;8002110
Friedrichshafen Hafen (Schiff);8072110
Friedrichshafen Landratsamt;8002122
Friedrichshafen Ost;8002030
Friedrichshafen Stadt;8000112
Friedrichshafen-Fischbach;8002111
Friedrichshafen-Kluftern;8003345
Friedrichshafen-Manzell;8003850
Friedrichshöhe;8017009
Friedrichsort (Fähre) Kiel;360908
Friedrichsplatz Kassel;712894
Friedrichsruh;8002113
Friedrichsruhe (Meck);8011582
Friedrichsruhe Hof;320749
Friedrichssegen;8002114
Friedrichssegen Bahnhof Lahnstein;453154
Friedrichstadt;8002115
Friedrichstadt S Düsseldorf;663692
Friedrichstal (Baden);8002116
Friedrichstal Bahnhof/St-Riquier-Platz SEV Stute;370281
Friedrichstal Bahnübergang Baiersbronn;815185
Friedrichstal Mitte Stutensee;721310
Friedrichstal Nord Stutensee;721312
Friedrichstal Saint-Riquier-Platz Stutensee;721301
Friedrichstal bei Freudenstadt;8002126
Friedrichsthal (Saar);8002117
Friedrichsthal (Saar) Mitte;8002132
Friedrichsthal (b Bayreuth);8002118
Friedrichswalde (bei Eberswalde);8011583
Friesack (Mark);8011585
Friesack (Mark) Bahnhof;734986
Friesdorf;8011586
Friesdorf (Bus) Mansfeld;956170
Friesdorf Ost;8011587
Friesenheim (Baden);8002123
Frimmersdorf;8002127
Fritzlar;8002129
Frohburg;8011588
Frohnhausen S-Bahnhof Essen (Ruhr);654432
Frommern;8002133
Frommern Bahnhof Balingen;750681
Frommern Rosengarten/Bahnhof Balingen;751226
Fronhausen (Lahn);8002134
Frose;8010119
Frömern;8002130
Frömern Bahnhof Fröndenberg;132850
Fröndenberg;8000113
Fröttstädt;8010118
Fulda;8000115
Fuldatal-Ihringshausen;8003053
Furschenbach;8007005
Furth (b Deisenhofen);8002161
Furth Bahnhof Oberhaching;636610
Furth Oberhaching;202330
Furth im Wald;8002159
Furth im Wald (Gr);8000003
Fähranleger (Bus) Norderney;614284
Fähranleger Berne;367945
Fähranleger Bremerhaven;768574
Fähranleger Lemwerder;379917
Fähranleger Nordstrand;695607
Fähranleger Wittdün auf Amrum;696065
Fährbrücke;8011524
Fähre Altrip;505112
Fähre Königswinter;442904
Fähre Linz am Rhein;112214
Fähre Veckerhagen Reinhardshagen;203715
Fähre/Elbeparkplatz Pirna;973711
Fährhafen Sassnitz;952174
Fährhafen Seebäderbrücke Cuxhaven;619334
Fährstelle Buckau Magdeburg;964624
Fährstelle Coswig-Kötitz Coswig (Sachsen);974317
Fährstelle Halbestadt Königstein (Sächs Schw);973804
Fährstelle Heidenau (Sachsen);973537
Fährstelle Johannstadt Dresden;972259
Fährstelle Kleinzschachwitz Dresden;972255
Fährstelle Kreuzhorst Magdeburg;964625
Fährstelle Königstein (Sächs Schw);973803
Fährstelle Laubegast Dresden;972257
Fährstelle Neustadt Dresden;972260
Fährstelle Niederpoyritz Dresden;972258
Fährstelle Niederrathen Rathen;973940
Fährstelle Oberrathen Rathen;973941
Fährstelle Pillnitz Dresden;972256
Fährstelle Promnitz Riesa;975145
Fährstelle Riesa;975143
Fährstelle Stadtpark Magdeburg;964623
Fährstelle Strehla;975160
Fährstelle Westerhüsen Magdeburg;964626
Fährstelle am Bahnhof Stadt Wehlen;973945
Fährstelle am Markt Stadt Wehlen;973946
Föhren;8002018
Förbau;8002019
Förderstedt;8011549
Förderstedt Bahnhof (Bus) Staßfurt;964397
Förtha (Eisenach);8010110
Förtschendorf;8002020
Förtschendorf Bahnhof Pressig;465056
Fürfurt;8002137
Fürfurt Ortsmitte;8071347
Fürfurt Ortsmitte Weinbach;128354
Fürstenberg (Havel);8010399
Fürsteneck;8070809
Fürstenfeldbruck;8002141
Fürstenwald;8002145
Fürstenwald Bahnhof Calden;711001
Fürstenwalde (Spree);8010120
Fürstenwalde Süd;8011591
Fürstenwalde ZOB;8079727
Fürstenzell;8002146
Fürstenzell Aspertsham;8071456
Fürth (Bay) Hbf;8000114
Fürth (Odenw);8002150
Fürth Westvorstadt;8002149
Fürth-Burgfarrnbach;8002152
Fürth-Dambach;8002153
Fürth-Unterfarrnbach;8002154
Fürth-Unterfürberg;8002155
Füssen;8002156
Fützen;8070394
Gablingen;8002162
Gadebusch;8011592
Gadebusch Rehnaer Straße;8079450
Gadebuscher Str Lützow;321028
Gaggenau Bf;8002167
Gaggenau Mercedes-Benz Werk;8006733
Gaienhofen;8079012
Gaildorf West;8002168
Gaimersheim;8002171
Gaisbergstraße Heidelberg;506922
Gaißach;8002173
Galgenschanze;8002175
Gallin;8011593
Galluswarte Frankfurt a M;100101
Gamburg (Tauber);8002177
Gamburg Bahnhof Werbach;505672
Gammertingen;8007229
Gammertingen Europastraße;8070382
Ganderkesee;8002179
Gangloffsömmern;8011594
Garath S Ostseite Düsseldorf;378598
Garath S-Bahnhof Ostseite Düsseldorf;653533
Garath S-Bahnhof Westseite Düsseldorf;653534
Garbeck;8002180
Garbenteich;8002182
Garching (Alz);8002184
Gardelegen;8011596
Garding;8002185
Garding Mitte;8071060
Garding Mitte/Bahnhof;695112
Garftitz;8011597
Garmisch-Partenkirchen;8002187
Garmisch-Partenkirchen Hausberg;8002188
Gars (Inn);8002189
Gaschwitz;8011598
Gaskessel Bernau bei Berlin;739620
Gasseldorf;8070397
Gasthaus Egger Schechen;593591
Gasthaus Linde Elsterberg;967040
Gaststätte Ducherow;331159
Gaststätte Reddelich;936125
Gaststätte Utzedel;333444
Gatersleben;8011599
Gatersleben Bahnhof (Bus) Seeland;958838
Gateway Gardens Frankfurt a M;350017
Gau Algesheim;8000375
Gau Bickelheim;8002191
Gaubüttelbrunn;8002195
Gaubüttelbrunn Bahnhof Wittighausen;214116
Gauernitz Fährstelle Klipphausen;974613
Gausbach;8002197
Gausbach Rathaus Forbach;720937
Gauselfingen;8007227
Gauselfingen Bahnhof Burladingen;750707
Gauting;8002198
Gebra (Hainleite);8011602
Geeste;8002203
Geestenseth;8007805
Geestenseth Bahnhof Schiffdorf;605760
Geestgottberg;8010121
Geestgottberg Bahnhof (Bus) Seehausen (Altmark);964084
Gehlberg;8011603
Gehlberg Bahnhof Suhl;645775
Gehlsdorf Fähre Rostock;936351
Geigant;8002205
Geilenkirchen;8002206
Geilhausen;8002207
Geilhausen Bahnhof Windeck;108215
Geiselhöring;8002209
Geisenbrunn;8002210
Geisenhausen;8002211
Geisenheim;8002212
Geising;8011609
Geising Bahnhof Altenberg;978398
Geising Hartmannmühle Altenberg;978348
Geisingen;8002214
Geisingen-Aulfingen;8002200
Geisingen-Hausen;8002204
Geisingen-Kirchen;8002213
Geisingen-Leipferdingen;8002215
Geislingen (Steige);8002218
Geislingen (Steige) West;8002217
Geitau;8002220
Geitau Ort Bayrischzell;592986
Geithain;8010122
Gelbensande;8011611
Geldern;8002222
Gelnhausen;8000117
Gelsenkirchen Hbf;8000118
Gelsenkirchen Zoo;8002223
Gelsenkirchen-Buer Nord;8002224
Gelsenkirchen-Buer Süd;8002225
Gelsenkirchen-Hassel;8002226
Gelsenkirchen-Rotthausen;8002227
Geltendorf;8000119
Gemeindeverwaltung Jatznick;729813
Gemmingen;8002228
Gemmingen West;8071001
Gemünden (Main);8000120
Genderkingen;8002233
Gendorf;8002234
Gengenbach;8002235
Genhausen Mönchengladbach;659900
Gennweiler;8002238
Genshagener Heide;8080460
Gensingen-Horrweiler;8000121
Gensungen Bahnhof Felsberg;715428
Genthin;8010123
Georg-Schumann-/Lindenthaler Str Leipzig;957155
Georg-Schumann-/Lützowstr Leipzig;955254
Georgensgmünd;8002237
Gera Hbf;8010125
Gera Ost;8011617
Gera Süd;8010126
Gera-Langenberg;8011619
Gera-Liebschwitz;8011620
Gera-Zwötzen;8011623
Geraberg;8011624
Geraberg Bahnhof Geratal;645393
Geradstetten;8002240
Geradstetten Bahnhof SEV Remshalden;379902
Geradstetten Mitte Remshalden;562152
Gerhausen;8002242
Gerichshain;8011626
Gerichshain S-Bahnhof (Bus) Machern;964767
Gerlachsheim;8002243
Gerlachsheim Bahnhof Lauda-Königshofen;421611
Gerlenhofen;8002244
Gerlenhofen Bahnhof Neu-Ulm;800460
Germania S-Bahnhof Dortmund;656423
Germering-Unterpfaffenhofen;8006006
Germersheim;8000376
Germersheim Mitte/Rhein;8002239
Germersheim Süd/Nolte;8002241
Gernlinden;8002247
Gernlinden Bahnhof Maisach;621286
Gernrode (Harz);8010127
Gernrode (Harz) Bahnhof (Bus) Quedlinburg;957198
Gernrode-Niederorschel;8012492
Gernsbach Bf;8002248
Gernsbach Mitte;8002250
Gernsheim;8002249
Geroldshausen;8002251
Gerolstein;8000123
Gerresheim S-Bahnhof Düsseldorf;363217
Gerschede Essen (Ruhr);654445
Gersdorf (Görlitz);8011628
Gersdorf Bahnhof Haselbachtal;377361
Gersdorf Bahnhof Markersdorf;308807
Gersfeld (Rhön);8002254
Gerstetten;8007075
Gersthofen;8002256
Gerstungen;8011629
Gertenbach;8002259
Gertenbach Brückenstraße;8071210
Gertenbach Ortsmitte Witzenhausen;712081
Gerwisch;8011630
Geseke;8002262
Geseke Bahnhof;922965
Gessertshausen;8002263
Gettenau-Bingenheim;8002265
Gettenau-Bingenheim Bahnhof Echzell;111158
Gettorf;8002266
Gevelsberg Bahnhof Ennepetal;654061
Gevelsberg Hbf;8002267
Gevelsberg West;8002268
Gevelsberg-Kipp;8002509
Gevelsberg-Knapp;8001943
Gewerbegebiet Weinsberg;424213
Gewerbegebiet/Bahnhof Süd Lindhorst;371000
Gh Adler Nonnenhorn;990148
Giengen (Brenz);8002272
Giersleben;8011632
Giesing München;623929
Gießen;8000124
Gießen Erdkauter Weg;8001826
Gießen Licher Str;8003674
Gießen Oswaldsgarten;8002269
Gießen Volkshalle;8071837
Gießerei Ueckermünde;331741
Gifhorn;8000185
Gifhorn Stadt;8002274
Gifhorn Stadt (Bahnhof);886888
Gilching-Argelsried;8002275
Gingen (Fils);8002278
Girod;8002280
Gittelde Bahnhof Bad Grund (Harz);350133
Gittelde/Bad Grund (Harz);8002281
Gladbeck Ost;8002283
Gladbeck West;8000125
Gladbeck West Bahnhof Vorplatz;374466
Gladbeck-Zweckel;8002284
Glan-Münchweiler;8002286
Glanzstoffwerke;8002287
Glanzstoffwerke Elsenfeld;199307
Glashütte (Sachs);8011636
Glauberg Enzheimer Straße Glauburg;122969
Glaubitz (Riesa);8011637
Glauburg-Glauberg;8002288
Glauburg-Stockheim;8000347
Glauchau (Sachs);8010129
Glauchau-Schönbörnchen;8010130
Gleisberg-Marbach;8011638
Gleißhammer Bahnhof Nürnberg;683225
Glemstal Schwieberdingen;561016
Glesch;8002290
Glossen (b Oschatz);8070199
Glöwen;8011641
Glöwen Bahnhof (Bus) Plattenburg;960941
Glückauf;8011643
Glückstadt;8002293
Gmund (Tegernsee);8007631
Gnadau;8010084
Gnadau Ort;8071242
Gnadau Ort Barby;963762
Gnarrenburg;8007114
Gnarrenburg Nord;8070036
Gnevkow;8011646
Gnevkow Wendeschleife;8079728
Goch;8002296
Gochsheim (Baden);8007143
Goddelau Lessingstraße (Ersatz) Riedstadt;140501
Godelheim;8002299
Godelheim Driburger Straße;8071935
Godramstein;8002300
Goethestr Rangsdorf;728823
Goethestraße Bad Doberan;935630
Gokels;8002319
Gokels Süd;698430
Goldbeck (Osterburg);8011665
Goldberg (P+R) Böblingen;379147
Goldberg (Württ);8005201
Goldberg Böblingen;561451
Goldenstedt (Oldb);8002320
Goldhausen;8002321
Goldmorgen Dettingen unter Teck;555880
Goldshöfe;8000380
Goldshöfe Bahnhof Aalen;420315
Gollmitz (Niederlausitz);8011667
Golm;8013481
Golm Bahnhof Potsdam;735285
Goltzstr/Lichtenrader Damm Berlin;732025
Golzow (BAR) Bahnhof Chorin;728807
Golzow (Eberswalde);8011671
Golzow (Oderbruch);8011672
Golßen (Niederlausitz);8011668
Golßen (Niederlausitz) Bahnhofstraße;8071038
Gomadingen;8070400
Gommern;8011673
Gondelsheim (Baden);8002326
Gondelsheim (Baden) Bahnhof;723745
Gondelsheim Graf-Douglas-Straße;8071512
Gondelsheim Marktplatz;8071736
Gondelsheim Schloßstadion;8070011
Gonsenheim Bahnhof Mainz;111332
Gorgast;8011674
Gorgast Bahnhof Küstriner Vorland;740318
Gosberg;8002329
Gosberg Kirche;8071079
Gosberg Kirche Pinzberg;461092
Goslar;8000130
Gotha;8010136
Gotha Ost;8011678
Gottenheim;8002334
Gottesauer Platz/BGV Karlsruhe;372406
Gotteszell;8002335
Gotteszell Bahnhof Zachenberg;840251
Gottfriedstr Berlin;732969
Gottmadingen;8002337
Goßberg Frankenberg (Eder);902395
Goßdorf-Kohlmühle;8011676
Goßdorf-Kohlmühle Waitzdorfer Kreuz;8070799
Goßfelden;8002332
Goßmannsdorf;8002333
Goßmannsdorf Bahnhaltepunkt;8071316
Goßmannsdorf Bahnhaltepunkt Ochsenfurt;467292
Graal-Müritz;8012583
Graal-Müritz Koppelweg;8012584
Graal-Müritz Ostseering;8070163
Graal-Müritz Süd;935548
Graben Gewerbepark Lechfeld;8002346
Graben-Neudorf;8000131
Graben-Neudorf Nord;8002345
Grabow (Meckl);8011681
Grafenaschau;8002343
Grafenaschau Murnau a Staffelsee;592291
Grafenau;8002344
Grafeneck Gomadingen;751170
Grafenwiesen;8007339
Grafing Bahnhof;8002347
Grafing Stadt;8002348
Grafing b München Stadt;638587
Grafling-Arzting;8002349
Grafrath;8002351
Grambeker Weg Mölln (Kreis Hzgt Lauenburg);705309
Grambow;8011689
Grambow (Gr);8089123
Gransee;8011691
Grauschwitz Flocke;8070660
Grebenstein;8002358
Greifswald;8010139
Greifswald Süd;8011694
Greiz;8010140
Greiz-Dölau;8011697
Gremberghoven Frankfurter Str S-Bahnhof Köln;441401
Gremberghoven Steinstr S-Bahn Köln;441252
Gremsmühlen Bahnhof Malente;706580
Grenzach;8002365
Grenzach Bärenfelsstraße;8079220
Grenzach Gleusen;8079263
Grenzach Grenzacher Horn;8079217
Grenzach Hornrain;8079219
Grenzach Seidenweg;8079221
Grenzach Sparkasse;8079222
Grenzach Turnhalle;8079264
Grenzach im Rippel;8079218
Greppin;8011699
Greußen;8011700
Greven;8002369
Grevenbroich;8000133
Grevenbrück Bahnhof Lennestadt;413396
Grevesmühlen;8010141
Grevesmühlener Str Berlin;732998
Grieben (Meckl);8011702
Grieben Fährstelle Tangerhütte;106985
Griebo;8011703
Griebo An der B187;8071641
Griebo B187 Lutherstadt Wittenberg;961625
Griefstedt;8084070
Griesen (Oberbay);8017041
Griesheim Bahnhof Frankfurt a M;100110
Griesheim Bahnhof/Eichenstraße Frankfurt a M;100147
Grießen (Baden);8002373
Grießen Bahnhof Klettgau;502461
Grifte Bahnhof Edermünde;712367
Grimma ob Bf;8011705
Grimmelfingen Haltepunkt Donautal Ulm;800486
Grimmen;8011707
Grimmenthal;8010142
Grobau;8011709
Grombach;8002380
Grombach Bahnhof Bad Rappenau;506650
Grombach Kirchhardter Straße;8070922
Gronau (Westf);8000382
Gronau (Westf) Gr;8080132
Gronau Bahnhof Bad Vilbel;102440
Gronau Vilbeler Straße Bad Vilbel;126349
Gronsdorf;8002383
Gronsdorf Haar;620127
Groß Ammensleben;8011714
Groß Brütz;8011718
Groß Dalzig;8013447
Groß Düngen;8002405
Groß Düngen Bahnhof Bad Salzdetfurth;121761
Groß Gerau;8000136
Groß Gerau;8096016
Groß Gerau-Dornberg;8002386
Groß Gerau-Dornheim;8001511
Groß Gerau-Dornheim Rathausplatz;8071654
Groß Gräfendorf;8011721
Groß Ippener DHE;8070403
Groß Karben;8002388
Groß Kiesow;8011723
Groß Kiesow (Bus);331570
Groß Kreutz;8011725
Groß Köris;8013109
Groß Laasch;8011726
Groß Langerwisch;8011727
Groß Lüsewitz;8011729
Groß Mackenstedt DHE;8070404
Groß Pankow;8011730
Groß Quassow;8011731
Groß Quassow Bahnhof Userin;105773
Groß Quenstedt;8011732
Groß Rohrheim;8002391
Groß Schwaß;8011735
Groß Schwaß Bahnhof Kritzmow;200067
Groß Schönebeck;8011734
Groß Schönebeck Bahnhof Schorfheide;727362
Groß Umstadt Mitte Bahnhof;111218
Groß-Karben Bahnhof Karben;104401
Groß-Umstadt Klein-Umstadt;8003315
Groß-Umstadt Mitte;8002393
Groß-Umstadt Wiebelsbach;8000384
Großarmschlag;8002399
Großauheim (Kr Hanau);8002400
Großbahnhof Binz;952053
Großbeeren;8011740
Großbeeren Märkische Allee Süd;8071939
Großbothen;8010144
Großburgwedel;8002403
Großburgwedel Bahnhof Burgwedel;638337
Großbüllesheim;8002402
Großbüllesheim Bahnhof Euskirchen;446375
Großdeuben;8011745
Großdeuben S-Bahnhof (Bus) Böhlen (Sachsen);958194
Großen Buseck;8002409
Großen Linden;8002410
Großen-Buseck Bahnhof Buseck;111175
Großen-Linden Bahnhof Linden (Hessen);111130
Großenaspe;8007060
Großenbaum Bahnhof Ost Duisburg;652607
Großenbaum Bahnhof West Duisburg;652608
Großenbrode;8002411
Großengottern;8011746
Großengstingen Trochtelfinger Str (HP) Engstinge;750770
Großenhain Cottb Bf;8011749
Großenkneten;8002412
Großenlüder;8002413
Großfurra;8011750
Großfurra Bahnhof Sondershausen;964007
Großgeschaidt;8002416
Großharthau;8011751
Großhelfendorf;8002420
Großheringen;8010145
Großhesselohe Isartalbf;8002422
Großkarolinenfeld;8002424
Großkorbetha;8010146
Großkrotzenburg;8002425
Großkugel;8011752
Großkugel Beuditzer Weg;8071177
Großkugel Beuditzer Weg Kabelsketal;963390
Großkugel S-Bahnhof/Glesiener Str Kabelsketal;130834
Großlehna;8011753
Großlehna Bahnhof (Bus) Markranstädt;955505
Großneuhausen;8011754
Großpösna;8011755
Großrudestedt;8011759
Großräschen;8011756
Großröhrsdorf;8011758
Großsachsenheim Sachsenheim;561353
Großschwabhausen;8011762
Großschönau (Sachs);8011761
Großsteinberg;8011763
Großstädteln S-Bahnhof/Hauptstr Markkleeberg;130960
Großstädteln S-Bahnhof/Zöbigker Str Markkleeberg;958309
Großwalbur;8002432
Großwalbur Abzw Bahnhof Meeder;464195
Großwerther Bahnhof Werther b Nordhausen;248199
Großwudicke;8011766
Grub (Oberbay);8002435
Grub (Oberpf);8002436
Grub (Oberpf) Bahnhof Waldmünchen;540019
Grub Nord Poing;625485
Grub Süd Poing;625486
Grub am Forst;8002434
Gruiten;8000138
Gruiten Bahnhof Haan;655869
Gruiten Haan;213970
Grunbach;8002448
Grunbach Bahnhof Remshalden;561318
Grund-/Realschule Ebern;460595
Grunow (Niederlausitz);8010150
Grunow Bahnhof Grunow-Dammendorf;278190
Gräfelfing;8002339
Gräfenberg;8002340
Gräfendorf;8002341
Gräfenhainichen;8011683
Gräfenroda;8010137
Gräfenroda Bahnhof Geratal;645360
Gräfenroda Dörrberg Geratal;645325
Gräfenstuhl-Klippmühle;8011685
Gräfentonna;8011687
Gräfentonna Bahnhof Tonna;645831
Gräveneck;8002342
Gräveneck Bahnhof Weinbach;373117
Gräveneck Ortsmitte;8071348
Gräveneck Ortsmitte Weinbach;128356
Grävenwiesbach;8000132
Gröbenzell;8002377
Gröbers;8011711
Gröbers S-Bahnhof (Bus) Kabelsketal;964740
Gröbers Sparkasse;8071113
Gröbers Sparkasse Kabelsketal;963389
Gröditz (Riesa);8011712
Gröperstr Halberstadt;953805
Gröpertor Halberstadt;954304
Grötzingen;8000381
Grötzingen Karlsruhe;201521
Grötzingen Krappmühlenweg;8007861
Grötzingen Oberausstraße;8079057
Grüna (Sachs) Hp;8011770
Grüna HP Chemnitz;377887
Grüna Poststr Chemnitz;982903
Grüna Poststraße;8071612
Grünbach (Vogtl);8011773
Grünberg (Oberhess);8002439
Grünebach Hauptstraße;8071132
Grünebach Ort;8002441
Grünebacherhütte;8002442
Grünebacherhütte Alsdorf Bahnhof;8071131
Grüneberg;8011776
Grüneberg Bahnhof Löwenberger Land;734200
Grüner Weg Friedberg (Hessen);123734
Grünewald Solingen;213869
Grünhainichen-Borstendorf;8011777
Grünsfeld;8002447
Grünstadt;8000137
Grünstadt Nord;8002444
Grünstädtel;8011779
Grüntal Schachenäcker Freudenstadt;570868
Grüntal-Wittlensweiler;8002445
Grünthal Bahnhof Olbernhau;981489
Gsaidt Dettingen an der Erms;750427
Gstadt (Wanderbahn);8070669
Guben;8010357
Gubin;5101281
Gummersbach;8002462
Gumpenried Geiersthal;840288
Gumpenried-Asbach;8070599
Gundelfingen (Bay);8002466
Gundelfingen (Breisgau);8002465
Gundelsdorf;8002467
Gundelsdorf Kronach (Oberfranken);464496
Gundelshausen;8002468
Gundelshausen Bahnhof Kelheim;950250
Gundelsheim (Neckar);8002470
Gundersheim (Rheinhess);8002473
Guntersblum;8002474
Guntershausen Bahnhof Baunatal;711728
Gunzen;8011787
Gunzenhausen;8000385
Gupfen Deißlingen;500892
Gussenstadt;8007074
Gustav-Freytag-Str Chemnitz;982241
Gustavsburg Am Alten Fährhaus Ginsheim-Gustavsbur;129161
Gustorf;8002477
Gustorf Bahnhof Grevenbroich;587131
Gutach (Breisgau);8002478
Gutach Freilichtmuseum;8002480
Gutenfürst;8011790
Gutenfürst Bahnhof Weischlitz;370495
Guthmannshausen;8011791
Gutspark Marienfelde Berlin;726304
Guxhagen;8002484
Gärtringen;8002165
Gäufelden;8002166
Göbelnrod;8002301
Göhrde;8002304
Göhrde Bahnhof Nahrendorf;371688
Göhren (Rügen);8011651
Göllheim-Dreisen;8070257
Gölshausen;8002307
Gölshausen Industriegebiet;8002306
Göppingen;8000127
Görden;8011654
Görden Bahnhof Brandenburg an der Havel;737314
Görlitz;8010131
Görlitz-Rauschwalde;8012869
Görlitz-Weinhübel;8011656
Görlitz-Weinhübel Johannes Robert Becher-Straße;8070852
Görsbach;8011657
Görschnitz;8002312
Görschnitz Staatsstraße Weidenberg;463105
Göschwitz Bahnhof Jena;646747
Götschendorf;8011659
Götschendorf Mitte;8087069
Göttingen;8000128
Göttingen Albaniplatz (SEV);8089480
Götz;8011662
Götz Bahnhof Groß Kreutz (Havel);737110
Götzenhain Bahnhof Westseite Dreieich;100958
Gößnitz;8010134
Gößweinstein;8070401
Güldenwerth Bahnhof Remscheid;661835
Gültstein;8070604
Gündlkofen;8002457
Gündlkofen Bahnhof Bruckberg (Niederbayern);372451
Güntersberge;8017011
Güntersberge Bahnhof (Bus) Harzgerode;954876
Günzach;8002458
Günzburg;8000139
Günzburg Legoland;8070269
Güsen (b Genthin);8010151
Güsten;8010152
Güstrow;8010153
Gütchen Mittelherwigsdorf;977754
Güterglück;8010154
Güterglück Bahnhof (Bus) Zerbst/Anhalt;961505
Güterglück Moritzer Str Zerbst/Anhalt;958082
Gütersloh Hbf;8002461
HBF Kanalstraße Coburg;370821
HBF Süd/Arcaden Regensburg;785765
HBF/Kirchenallee Hamburg;694840
HELIOS Klinikum Bad Saarow-Pieskow;738091
Haagen/Messe Lörrach;496669
Haan;8002490
Haar;8002491
Haarhausen;8011792
Hachenburg;8002494
Hackerbrücke München;363007
Hadamar;8002495
Hadamar Stadtmitte;8071533
Hademarschen;8002496
Hadmersleben;8011794
Hadmersleben Bahnhof (Bus) Oschersleben (Bode);954733
Hafen Stralsund;361349
Hafen Wyk auf Föhr;696104
Hafenbahnhof Friedrichshafen;493510
Hafenplatz Bad Karlshafen;920569
Haffkrug;8002504
Haffkrug Bahnhof Scharbeutz;699733
Hagebök;8011797
Hagebök Neubau B105;8079731
Hagebök Neubau Neuburg (Meckl);321563
Hagelstadt;8002506
Hagen (Han);8002507
Hagen (Han) Zum Bahnhof Neustadt am Rübenberge;635966
Hagen (Kr Stade);8071337
Hagen Hbf;8000142
Hagen-Heubing;8002512
Hagen-Oberhagen;8002514
Hagen-Vorhalle;8000977
Hagen-Wehringhausen;8006712
Hagen-Westerbauer;8004440
Hagenau im Innkreis;8100914
Hagenau im Innkreis Landesstraße/Abzw Bahnhst;8174342
Hagenbach;8002515
Hagenbüchach;8002517
Hagenbüchach Bahnhof;8071319
Hagenow Land;8010156
Hagenow Land Bahnhof Hagenow;320186
Hagenow Stadt;8011798
Hagenwerder;8011799
Hagenwerder Bahnhof Görlitz;308992
Hagnau (Bodensee);8006820
Hagsfeld Bahnhof Karlsruhe;362172
Hagsfeld Geroldsäcker Karlsruhe;366233
Hagsfeld Jenaer Straße Karlsruhe;367441
Hagsfeld Reitschulschlag (Schleife) Karlsruhe;721084
Hagsfeld Reitschulschlag Karlsruhe;373013
Hagsfeld Süd Karlsruhe;370231
Hahn Flughafen Terminal 2;8002518
Hahnenfurth/Düssel Wuppertal;111519
Haid Haidkapelle Bahnhof Trochtelfingen;751776
Haidenaab-Göppmannsbühl;8002523
Haidenaab-Göppmannsbühl Bahnhof Speichersdorf;545321
Haidkapelle;8070414
Haiger;8000386
Haiger Obertor;8002524
Haigerloch;8070415
Hailer Bahnhof Gelnhausen;111059
Hailer-Meerholz;8002526
Hainburg Hainstadt;8002531
Haine Neue Straße Allendorf (Eder);712446
Hainersdorf Haltepunkt Amtshainersdorf Sebnitz;974115
Hainewalde;8011801
Hainewalde Gemeindeamt;8071054
Hainhausen Bahnhof Ostseite Rodgau;100555
Hainhausen Bahnhof Westseite Rodgau;104641
Hainichen;8011802
Hainstadt (Baden);8002529
Hainstadt Bahnhof Hainburg;111215
Haitz-Höchst;8002532
Haitz-Höchst Bahnhof Gelnhausen;111057
Haitz-Höchst Bahnhof Gleis 2 Gelnhausen;103985
Halbe;8011805
Halberstadt;8010157
Halberstadt Oststr;8011808
Halberstadt-Spiegelsberge;8011809
Halbmeil;8002533
Halbmeil Schulstraße Wolfach;573438
Haldensleben;8010158
Haldern (Rheinl);8002536
Haldern Bahnhof Rees;135840
Halen;8002537
Halen Bahnhof Lotte;903076
Halfing;8070801
Halitplatz Kassel;710636
Hallbergmoos;8002534
Halle (Saale) Hbf;8010159
Halle (Saale) Hbf Gl 13a;8098159
Halle (W) Gerry-Weber-Stadion;8080630
Halle (Westf);8002539
Halle Dessauer Brücke;8080560
Halle Hbf Ernst-Kamieth-Straße (Saale);8070814
Halle Messe;8010155
Halle Rosengarten;8080570
Halle Steintorbrücke;8080580
Halle Südstadt;8080590
Halle Wohnstadt Nord;8080600
Halle Zoo;8080610
Halle Zscherbener Straße;8080620
Halle-Ammendorf;8010162
Halle-Neustadt;8010160
Halle-Nietleben;8011813
Halle-Silberhöhe;8013448
Halle-Trotha;8011814
Hallig Hooge;8079001
Hallig Langeneß;8079002
Hallstadt (b Bamberg);8002542
Hallstadt (b Bamberg) Sparkasse;8071030
Hallstadt Mitte;945239
Halstenbek;8002545
Haltepunkt Borna Chemnitz;981952
Haltepunkt Jahnsdorf/Erzgeb;982792
Haltepunkt Niederdorf;984193
Haltepunkt Niederwürschnitz;984199
Haltepunkt Ort Crossen an der Elster;648035
Haltepunkt Priemerburg Güstrow;936708
Haltepunkt Süd Frankenthal (Pfalz);510039
Haltepunkt Weinböhla;972908
Haltepunkt Zentrum Nord Münster (Westf);906883
Haltern am See;8000145
Haltingen;8002546
Haltingen Bahnhof;8079230
Haltingen Bahnhof Weil am Rhein;361199
Haltingen Markgräflerstraße;8079231
Haltingen Weinbergstraße;8079232
Haltingen Zentrum;8079229
Haltingen Zentrum Weil am Rhein;499483
Halver-Oberbrügge;8002535
Hamburg;8096009
Hamburg Airport;8002547
Hamburg Alte Wöhr;8000512
Hamburg Berliner Tor;8000908
Hamburg Billwerder-Moorfleet;8000971
Hamburg Burgwedel;8007046
Hamburg Dammtor;8002548
Hamburg Diebsteich;8001438
Hamburg Elbbrücken;8002551
Hamburg Elbgaustraße;8001739
Hamburg Friedrichsberg;8002106
Hamburg Hasselbrook;8002628
Hamburg Hbf;8002549
Hamburg Hbf (Kirchenallee);8071065
Hamburg Hbf (S-Bahn);8098549
Hamburg Hbf ZOB;8076116
Hamburg Hochkamp;8002873
Hamburg Hoheneichen;8002946
Hamburg Holstenstraße;8002550
Hamburg Jungfernstieg;8003137
Hamburg Klein Borstel U-Bahnhof;8071182
Hamburg Klein Flottbek;8003312
Hamburg Kornweg (Klein Borstel);8003410
Hamburg Königstraße;8006706
Hamburg Landungsbrücken;8003518
Hamburg Landwehr;8003519
Hamburg Mittlerer Landweg;8004048
Hamburg Neuwiedenthal;8006750
Hamburg Reeperbahn;8006705
Hamburg Rübenkamp;8005207
Hamburg Stadthausbrücke;8005663
Hamburg Wandsbeker Chaussee;8006198
Hamburg-Allermöhe;8000779
Hamburg-Altona;8002553
Hamburg-Altona (Max-Brauer-Allee);8072553
Hamburg-Altona (S);8098553
Hamburg-Bahrenfeld;8000780
Hamburg-Barmbek;8000805
Hamburg-Bergedorf;8002554
Hamburg-Blankenese;8001007
Hamburg-Eidelstedt;8002555
Hamburg-Eidelstedt Zentrum;8007044
Hamburg-Fischbek;8002556
Hamburg-Hammerbrook;8004266
Hamburg-Harburg;8000147
Hamburg-Harburg (S);8098147
Hamburg-Harburg Rathaus;8004267
Hamburg-Heimfeld;8006749
Hamburg-Hörgensweg;8002909
Hamburg-Iserbrook;8003088
Hamburg-Langenfelde;8003541
Hamburg-Nettelnburg;8004241
Hamburg-Neugraben;8002557
Hamburg-Ohlsdorf;8004661
Hamburg-Othmarschen;8004719
Hamburg-Ottensen;8002562
Hamburg-Poppenbüttel;8004862
Hamburg-Rahlstedt;8002558
Hamburg-Rissen;8005106
Hamburg-Rothenburgsort;8005191
Hamburg-Schnelsen;8007045
Hamburg-Stellingen;8002559
Hamburg-Sternschanze;8070146
Hamburg-Sülldorf;8005785
Hamburg-Tiefstack;8005870
Hamburg-Tonndorf;8006197
Hamburg-Veddel;8006062
Hamburg-Wandsbek;8002560
Hamburg-Wellingsbüttel;8006319
Hamburg-Wilhelmsburg;8002561
Hameln;8000148
Hamm (Westf);8000149
Hamm Bahnhof Marl (Westf);659209
Hamm S-Bahnhof Düsseldorf;364111
Hammah;8002565
Hammelburg;8002567
Hammelburg Ost;8002568
Hammelspring;8011815
Hammelspring Bahnhof Templin;739126
Hammerau;8002570
Hammerau Ortsmitte Ainring;592113
Hammersbach Zugspitzbahn Grainau;966904
Hammerstein;8070419
Hammerstein Abzw Bahnhof;8070420
Hammerstein Abzw Bahnhof Kandern;499431
Hammerunterwiesenthal;8011817
Hamminkeln;8002571
Hanau Hbf;8000150
Hanau Klein-Auheim;8003311
Hanau Nord;8002572
Hanau West;8002573
Hanau-Wilhelmsbad;8002574
Handeloh;8002575
Handelshafen Mannheim;363416
Hanfertal;8007235
Hanfertal Bahnhof Sigmaringen;751686
Hanfstraße Dettingen unter Teck;561067
Hangelar Mitte;8070076
Hangelar Ost;8070765
Hangelar West;8070764
Hangelsberg;8011818
Hangelsberg Bahnhof Grünheide (Mark);278217
Hangelsberg Berliner Damm;8079732
Hangelsberg Berliner Landstraße Grünheide (Mark);738342
Hann Münden;8006707
Hannover Anderten-Misburg;8000578
Hannover Bismarckstraße;8002580
Hannover Flughafen;8002589
Hannover Hbf;8000152
Hannover Karl-Wiechert-Allee;8070086
Hannover Messe;8096012
Hannover Messe/Laatzen;8003487
Hannover-Bornum;8002581
Hannover-Bornum Lindener Weg;8071892
Hannover-Kleefeld;8002584
Hannover-Ledeburg;8079097
Hannover-Leinhausen;8002585
Hannover-Linden/Fischerhof;8002586
Hannover-Nordstadt;8079095
Hannover-Vinnhorst;8006089
Hans-Böckler-Platz/Bahnhof West Köln;443366
Hansa-Park Sierksdorf;700179
Hansaring Köln;444929
Hanweiler (Gr);8002587
Happurg;8002578
Harblek;8002592
Harblek Bahnhof Oldenswort;695681
Harburg (Schwab);8002593
Hardegsen;8002594
Hardegsen Rathaus;8071611
Hardhof;8002596
Hardhof Bahnhof Langenzenn;305020
Haren (Ems);8002598
Harlesiel;8002600
Harlesiel Anleger;8076172
Harlesiel Anleger (Linienbus) Wangerland;606423
Harlesiel Flugplatz;8076174
Harmonie (Stadtbahn) Heilbronn;151123
Harmonie/Hafenmarktpassage Heilbronn;755843
Harmonie/Kunsthalle Heilbronn;363954
Harpstedt DHE;8070421
Harra;8011820
Harra Nord;8011821
Harras (Thür);8011822
Harras München;624609
Harsdorf;8002605
Harsefeld;8007843
Harsum;8002607
Hartenstein;8011823
Hartershofen;8002609
Harthaus;8002610
Harthaus Bahnhof (Nordseite) Germering;624090
Hartmannmühle;8011825
Hartmannshof;8002612
Hartmannshof Bahnhof Pommelsbrunn;683039
Hartmannstr/S-Bahnhof Ost Eilenburg;959187
Harxheim-Zell;8070253
Harzgerode;8017012
Hasbergen;8002615
Haselbrunn;8077771
Haselünne EFH;8070425
Hasenfeld Kermeterufer Schiffsanleger Heimbach (E;268572
Hasetor/Bahnhof Altstadt Osnabrück;607525
Haslach;8002621
Hasloch (Main);8002622
Hasloh;8007048
Haslohfurth;8079025
Haspelmoor;8002623
Haspelmoor Bahnhof Nord Hattenhofen (Kreis Fürste;621497
Haspelmoor Bahnhof Süd Hattenhofen (Kreis Fürsten;621498
Hasporter Damm Delmenhorst;379793
Hassel (Saar);8002625
Hassel Bahnhof Gelsenkirchen;655195
Hasselbachplatz (Tram/Bus) (Sternstr) Magdeburg;964742
Hasselbachplatz (Tram/Bus) Magdeburg;953330
Hasselborn;8002627
Hasselborn DGH;8075943
Hasselborn DGH Waldsolms;116617
Hasselfelde;8017013
Haste;8002634
Hattenheim;8002635
Hattenheim Bahnhof Eltville am Rhein;102184
Hattersheim (Main);8002637
Hattert;8002638
Hattert Bahnhof Müschenbach;310490
Hattingen (R) Mitte;8002640
Hattingen (Ruhr);8002639
Hattingen (Ruhr) Mitte;659454
Hattorf;8002641
Hatzenport;8002643
Haubersbronn;8007192
Haubersbronn Mitte;8070078
Hauenstein (Pfalz);8002649
Hauenstein Mitte;8002648
Haunetal-Neukirchen;8004297
Haunstetter Straße Bahnhof Augsburg (Bayern);780251
Haupeltshofen;8002651
Hauptbahnhof (Brücke) Neunkirchen (Saar);836774
Hauptbahnhof (Bus) Aachen;585744
Hauptbahnhof (Bus) Bernburg (Saale);959129
Hauptbahnhof (Bus) Eschweiler;267427
Hauptbahnhof (Bus) Lutherstadt Wittenberg;960009
Hauptbahnhof (Bus) Stolberg (Rhld);585850
Hauptbahnhof (Bus) Thale;954892
Hauptbahnhof (Bus) Wernigerode;954054
Hauptbahnhof (Bussteig E/F) Mannheim;376001
Hauptbahnhof (IHK) Bayreuth;247304
Hauptbahnhof (Ost) Heidelberg;371217
Hauptbahnhof (S U Bus Tram) München;370006
Hauptbahnhof (Strehlener Str) Dresden;972036
Hauptbahnhof (Tram) Naumburg (Saale);953546
Hauptbahnhof (Tram/Bus) Halle (Saale);963519
Hauptbahnhof (Tram/Bus) Leipzig;956291
Hauptbahnhof (Tunnelstraße) Bayreuth;463476
Hauptbahnhof (U Gleis 1+3) Essen (Ruhr);651814
Hauptbahnhof (U Gleis 2+4) Essen (Ruhr);651806
Hauptbahnhof (U) Gleis 1/2 Bielefeld;923002
Hauptbahnhof (U) Gleis 3 Bielefeld;930201
Hauptbahnhof (U) Gleis 4 Bielefeld;923005
Hauptbahnhof (U) Hannover;638427
Hauptbahnhof (U) Rostock;939295
Hauptbahnhof (Vorplatz) Karlsruhe;120089
Hauptbahnhof (Vorplatz) Neunkirchen (Saar);399573
Hauptbahnhof (West) Heidelberg;371214
Hauptbahnhof - oben Passau;315603
Hauptbahnhof Arnstadt;645542
Hauptbahnhof Augsburg (Bayern);365000
Hauptbahnhof Bad Ems;457004
Hauptbahnhof Bayreuth;545296
Hauptbahnhof Bismarckstraße Bremerhaven;603751
Hauptbahnhof Bochum;365194
Hauptbahnhof Bonn;443757
Hauptbahnhof Boppard;455270
Hauptbahnhof Bottrop;403335
Hauptbahnhof Brandenburg an der Havel;737273
Hauptbahnhof Braunschweig;280178
Hauptbahnhof Bremen;365720
Hauptbahnhof Bremerhaven;597104
Hauptbahnhof Buddenbergplatz Bochum;368494
Hauptbahnhof Bushst 1-3 Bielefeld;930200
Hauptbahnhof Bushst 10 Bielefeld;930202
Hauptbahnhof Bushst 4-9 Bielefeld;930196
Hauptbahnhof Bussteig 1 Essen (Ruhr);654479
Hauptbahnhof Bussteig 1/1 Osnabrück;901272
Hauptbahnhof Bussteig 2 Essen (Ruhr);652692
Hauptbahnhof Bussteig 3 Essen (Ruhr);653082
Hauptbahnhof Bussteig 4 Essen (Ruhr);652488
Hauptbahnhof Bussteig 5 Essen (Ruhr);652411
Hauptbahnhof Bussteig 6 Essen (Ruhr);653253
Hauptbahnhof Bussteig 7 Essen (Ruhr);653270
Hauptbahnhof Bussteig 8 Essen (Ruhr);653251
Hauptbahnhof Bussteig 9 Essen (Ruhr);653285
Hauptbahnhof Bussteig A Münster (Westf);412600
Hauptbahnhof Bussteig B1 Münster (Westf);417510
Hauptbahnhof Bussteig B2 Münster (Westf);410323
Hauptbahnhof Bussteig B3 Münster (Westf);412648
Hauptbahnhof Bussteig C1 Münster (Westf);412454
Hauptbahnhof Bussteig C2 Münster (Westf);417237
Hauptbahnhof Bussteig C3 Münster (Westf);412291
Hauptbahnhof Bussteig D1 Münster (Westf);412623
Hauptbahnhof Bussteig D2 Münster (Westf);903939
Hauptbahnhof Castrop-Rauxel;656661
Hauptbahnhof Chemnitz;374062
Hauptbahnhof Cottbus;278132
Hauptbahnhof Darmstadt;104734
Hauptbahnhof Deggendorf;840140
Hauptbahnhof Dortmund;362431
Hauptbahnhof Dresden;360028
Hauptbahnhof Dresdner Str Chemnitz;130397
Hauptbahnhof Duisburg;366032
Hauptbahnhof Döbeln;979179
Hauptbahnhof Düsseldorf;370235
Hauptbahnhof Eberswalde;728900
Hauptbahnhof Eisenach (Thür);996828
Hauptbahnhof Emden (Ostfriesland);361768
Hauptbahnhof Erfurt;645826
Hauptbahnhof Essen (Ruhr);362589
Hauptbahnhof Frankenthal (Pfalz);110771
Hauptbahnhof Frankfurt a M;100010
Hauptbahnhof Freiburg im Breisgau;360013
Hauptbahnhof Freudenstadt;815183
Hauptbahnhof Fürth (Bayern);682635
Hauptbahnhof Gartenstraße Reutlingen;374480
Hauptbahnhof Gelsenkirchen;365613
Hauptbahnhof Gevelsberg;658274
Hauptbahnhof Gotha;645250
Hauptbahnhof Hagen (Westf);878279
Hauptbahnhof Hamm (Westf);902921
Hauptbahnhof Hanau;104503
Hauptbahnhof Heidelberg;377203
Hauptbahnhof Hof (Saale);967656
Hauptbahnhof Homburg;401865
Hauptbahnhof Ingolstadt;540280
Hauptbahnhof Kaiserslautern;350441
Hauptbahnhof Kassel;714223
Hauptbahnhof Kempten (Allgäu);847282
Hauptbahnhof Kiel;699275
Hauptbahnhof Koblenz;140428
Hauptbahnhof Korbach;712934
Hauptbahnhof Krefeld;365602
Hauptbahnhof Landau in der Pfalz;368304
Hauptbahnhof Landshut;526183
Hauptbahnhof Listplatz Reutlingen;750433
Hauptbahnhof Ludwigshafen am Rhein;518294
Hauptbahnhof Mainz;518921
Hauptbahnhof Mannheim;374817
Hauptbahnhof Marburg;715458
Hauptbahnhof Mülheim an der Ruhr;651816
Hauptbahnhof München;620368
Hauptbahnhof Neuss;362655
Hauptbahnhof Neustadt an der Weinstraße;518431
Hauptbahnhof Nord (E-Becker-Str) Lünen;911129
Hauptbahnhof Nord (Münsterstr) Lünen;915428
Hauptbahnhof Nord Dresden;369932
Hauptbahnhof Nord Hamburg;694827
Hauptbahnhof Nord Kassel;104066
Hauptbahnhof Nord München;107000
Hauptbahnhof Nord Rostock;939558
Hauptbahnhof Nord Saarbrücken;836693
Hauptbahnhof Nordeingang Mülheim an der Ruhr;660220
Hauptbahnhof Nordeingang Neuss;369055
Hauptbahnhof Nürnberg;682666
Hauptbahnhof Oberhausen (Rheinland);654021
Hauptbahnhof Osnabrück;360294
Hauptbahnhof Ost Ingolstadt;789250
Hauptbahnhof Ost Würzburg;220093
Hauptbahnhof Ost/Ortenbergsteg Marburg;110068
Hauptbahnhof Osteingang Duisburg;652830
Hauptbahnhof Osteingang Recklinghausen;662127
Hauptbahnhof Paderborn;925887
Hauptbahnhof Pirmasens;509067
Hauptbahnhof ROB Aschaffenburg;425566
Hauptbahnhof Recklinghausen;661558
Hauptbahnhof Regensburg;121090
Hauptbahnhof Remscheid;212077
Hauptbahnhof Reutlingen;751619
Hauptbahnhof Rostock;360304
Hauptbahnhof SEV Potsdam;278308
Hauptbahnhof Saarbrücken;836075
Hauptbahnhof Saarlouis;836003
Hauptbahnhof Schweinfurt;945498
Hauptbahnhof Schwerin (Meckl);322331
Hauptbahnhof Seidlstraße München;623136
Hauptbahnhof Sinsheim;518535
Hauptbahnhof Solingen;662600
Hauptbahnhof Speyer;518537
Hauptbahnhof Stadtauswärts Ingolstadt;789277
Hauptbahnhof Stadteinwärts Ingolstadt;788660
Hauptbahnhof Stendal;959549
Hauptbahnhof Stralsund;952267
Hauptbahnhof Süd Braunschweig;625615
Hauptbahnhof Süd Hamburg;694826
Hauptbahnhof Süd Krefeld;665560
Hauptbahnhof Süd München;105000
Hauptbahnhof Süd Oldenburg (Oldenburg);769462
Hauptbahnhof Süd Rostock;939421
Hauptbahnhof Südeingang Bottrop;661047
Hauptbahnhof Südseite Frankfurt a M;107011
Hauptbahnhof Trier;255347
Hauptbahnhof Tübingen;121000
Hauptbahnhof U dLinden Reutlingen;751668
Hauptbahnhof Ulm;371808
Hauptbahnhof Weimar (Thür);646336
Hauptbahnhof Weinheim;145403
Hauptbahnhof West Würzburg;220092
Hauptbahnhof Westeingang Duisburg;653169
Hauptbahnhof Wiesbaden;106907
Hauptbahnhof Witten;377469
Hauptbahnhof Wittlich;458276
Hauptbahnhof Wolfsburg;885130
Hauptbahnhof Worms;350148
Hauptbahnhof Wuppertal;211376
Hauptbahnhof Zweibrücken;510843
Hauptbahnhof Zwickau;967542
Hauptbahnhof Öhringen;833759
Hauptbahnhof/Auheimer Straße Hanau;115644
Hauptbahnhof/Breitenweg Bremen;365722
Hauptbahnhof/Ernst-August-Platz Hannover;612467
Hauptbahnhof/Ernst-Kamieth-Str Halle (Saale);170814
Hauptbahnhof/Europaplatz Steig 1-2 Mönchengladbac;659925
Hauptbahnhof/Europaplatz Steig 3-4 Mönchengladbac;657808
Hauptbahnhof/Europaplatz Steig 5-8 Mönchengladbac;663427
Hauptbahnhof/Europaplatz Steig 9-13 Mönchengladba;663426
Hauptbahnhof/Fernbusterminal Frankfurt a M;160865
Hauptbahnhof/Friedrich-Engels-Str Potsdam;230233
Hauptbahnhof/Goethestr Leipzig;958959
Hauptbahnhof/Hugo-Schauinsland-Platz Bremen;370014
Hauptbahnhof/Nord Magdeburg;106929
Hauptbahnhof/Nord Reutlingen;379481
Hauptbahnhof/Ost Magdeburg;953390
Hauptbahnhof/Ostseite Leipzig;956417
Hauptbahnhof/Otto-von-Guericke-Str Magdeburg;957362
Hauptbahnhof/Rosenstraße Hannover;360021
Hauptbahnhof/SEV Cottbus;301640
Hauptbahnhof/Theater Gera;647899
Hauptbahnhof/Westseite Leipzig;958957
Hauptbahnhof/Willy-Brandt-Pl Heilbronn;721879
Hauptbahnhof/Wintergartenstr Leipzig;955524
Hauptbf (Arnulf-Klett-Platz) Stuttgart;561587
Hauptfriedhof Karlsruhe;372402
Hauptfriedhof Kassel;710635
Hauptstr/Bahnhof Eislingen (Fils);810131
Hauptstraße Bahlingen am Kaiserstuhl;496602
Hauptstraße Bötzingen;503759
Hauptstraße Dreikirchen;457137
Hauptstraße Köditz;546248
Hauptstraße Lonsee;492783
Hauptstraße Neu Wulmstorf;693820
Hauptstraße Süderdeich;698089
Hauptstraße Weil im Schönbuch;561188
Hauptstuhl;8002655
Haus Bethlehem Karlsruhe;721372
Hausach;8000333
Hausberg Garmisch-Partenkirchen;966902
Hausen (Eichsfeld);8011834
Hausen (Schwab);8002664
Hausen (Taunus);8007847
Hausen (Taunus) Auf der Hochwiese;8071890
Hausen (Ts) Bahnhof Neu-Anspach;106304
Hausen (b Düren);8007828
Hausen B32/Bahnhof Burladingen;752812
Hausen im Tal;8002656
Hausen im Tal Bahnhof Beuron;501683
Hausen-Raitbach;8002666
Hausen-Starzeln;8007225
Hausham;8002667
Havixbeck;8002670
Havneby;8600921
Haydnstraße Bruchsal;720401
Haynsburg;8011836
Haynsburg Bahnhof (Grana) Kretzschau;960764
Haßfurt;8002630
Haßloch (Pfalz);8002632
Haßmersheim;8002633
Hebertsfelden;8002671
Hebertshausen;8006189
Hechendorf Bahnhof Seefeld (Oberbayern);625786
Hechingen;8002673
Hechingen Landesbahn;8082673
Hechthausen;8002674
Heckershausen Casselbreite Ahnatal;403030
Heckershausen Henschelweg Ahnatal;715105
Heckershausen Mitte Ahnatal;715537
Heddesheim/Hirschberg;8002430
Hedemünden;8002677
Hedemünden Mündener Straße;8071211
Hedemünden Mündener Straße Hann Münden;627994
Hedersdorf;8002678
Hedersleben-Wedderstedt;8011838
Hedersleben-Wedderstedt Bahnhof Selke-Aue;956928
Heessen;8002680
Heessen Bahnhof Hamm (Westf);903064
Hegelsbergstraße Kassel;710634
Heggen;8002682
Heggen Bahnhof L539 Finnentrop;415773
Hegne;8002683
Hegne Kloster Allensbach;501604
Heide (Holst);8000155
Heide-Büsum Flugplatz;8070175
Heidelberg Gaisbergstraße;8070905
Heidelberg Hbf;8000156
Heidelberg Hbf W-Br;8070043
Heidelberg Orthopädie;8002684
Heidelberg Poststraße;8070906
Heidelberg Seegarten;8071015
Heidelberg-Altstadt;8002685
Heidelberg-Kirchheim/Rohrbach;8002686
Heidelberg-Pfaffengrund/Wieblingen;8002687
Heidelberg-Schlierbach/Ziegelhausen;8005366
Heidelberg-Weststadt/Südstadt;8002681
Heidelsheim;8002688
Heidelsheim Malzfabrik Bruchsal;723690
Heidelsheim Marktplatz;8071186
Heidelsheim Nord;8070010
Heidelsheim Schwimmbad;8071745
Heidenau;8010163
Heidenau Süd;8011843
Heidenau-Großsedlitz;8011844
Heidenau-Großsedlitz Pechhütte;8007132
Heidenheim;8002689
Heidenheim Voithwerk;8070005
Heidenheim-Mergelstetten;8002690
Heidenheim-Schnaitheim;8002691
Heidesheim (Rheinh);8002692
Heidesheim Bahnhof Ingelheim am Rhein;405361
Heidkrug;8002694
Heidkrug Bahnhof Delmenhorst;776908
Heidkrug Bahnhof Nord Delmenhorst;379962
Heidmühle Bahnhof Schortens;602095
Heigenbrücken;8002696
Heilbad Heiligenstadt;8011849
Heilbronn Bahnhofsvorplatz;8070171
Heilbronn Finanzamt;8070791
Heilbronn Friedensplatz;8070792
Heilbronn Hans-Rießer-Straße;8072723
Heilbronn Harmonie;8070172
Heilbronn Harmonie/Hafenmarktpassage;8071172
Heilbronn Harmonie/Kunsthalle;8072172
Heilbronn Hbf;8000157
Heilbronn Industrieplatz;8002723
Heilbronn Kaufland;8002726
Heilbronn Neckar-Turm Kurt-Schumacher-Platz;8070174
Heilbronn Pfühlpark;8070793
Heilbronn Rathaus;8070173
Heilbronn Sülmertor;8002699
Heilbronn Technisches Schulzentrum;8072722
Heilbronn Theater;8002722
Heilbronn Trappensee;8002700
Heilbronn-Böckingen Berufsschulzentrum;8079631
Heiligenberg DEV;8070431
Heiligendamm;8011846
Heiligendamm Bad Doberan;935688
Heiligenfeld Bahnhof Horb am Neckar;421539
Heiligenfelde;8070624
Heiligengrabe;8011848
Heiligengrabe Feuerwehr;8070935
Heiligengrabe Stift;8070997
Heiligenrode DHE;8070432
Heiligenstatt (Obb);8002703
Heiligenstatt Tüßling;875348
Heiligenstein (Pfalz);8002704
Heilsbronn;8002705
Heimbach (Eifel);8007829
Heimbach (Nahe);8002707
Heimbach (Nahe) Ort;8007887
Heimbach (Nahe) Ort Bahnhof;407345
Heimburg Pfeifenkrug Blankenburg (Harz);954337
Heimenkirch;8002710
Heimeranplatz München;364150
Heimerdingen;8007328
Heimerdingen Ditzingen;555131
Heimerdingen Hemminger Straße Ditzingen;227318
Heimerdingen Weissacher Straße Ditzingen;556844
Heimerdingen Wiesenäckerstraße Ditzingen;556845
Heimersheim;8002711
Heimersheim Bahnhof Bad Neuenahr-Ahrweiler;459614
Heimstetten;8002715
Heimstetten Nord Kirchheim b München;621289
Heimstetten Süd Kirchheim b München;621288
Heinebach;8002716
Heinebach Bahnhof Alheim;710175
Heinrich-Heine-Platz Halberstadt;962077
Heinrich-Heine-Straße Kassel;714882
Heinrich-Schütz-Straße Rostock;939241
Heinsberg (Rheinl);8002721
Heinsberg Kreishaus;8002725
Heinsberg-Dremmen;8001557
Heinsberg-Horst;8002719
Heinsberg-Oberbruch;8004519
Heinsberg-Porselen;8002720
Heinsberg-Randerath;8002718
Heinschenwalde;8007807
Heinschenwalde Bahnhof Hipstedt;615034
Heinzenhausen;8002724
Heitersheim;8002727
Helbra;8079606
Heldenbergen Nidderau Bahnhof Nidderau;104544
Heldrungen;8011852
Heldrungen Bahnhof (Bus) An der Schmücke;956725
Helenesee;8011853
Helgoland;8096002
Helgoland (Reede);8007759
Helgoland (Südhafen);8070237
Helgoland Flugplatz;8007787
Helgoland Katamaran;8007779
Helgoland-Kai Büsum;704601
Hellerhof S Düsseldorf;361995
Helmbrechts;8002733
Helmhof Bahnhof Neckarbischofsheim;506993
Helmsdorf (Pirna);8011855
Helmsdorf Bahnhof Stolpen;974051
Helmsheim;8002734
Helmsheim B35/Bf;8071201
Helmsheim Bahnhof Bruchsal;723754
Helmstadt (Baden);8007444
Helmstadt Bahnhof Helmstadt-Bargen;506995
Helmstedt;8000159
Helpup;8002737
Helpup Bahnhof Oerlinghausen;925836
Helsinkier Straße Rostock;939266
Hemeln Fähre Hemeln Hann Münden;209241
Hemmenhofen;8079013
Hemmerde;8002745
Hemmerde Bahnhof Unna;904233
Hemmersdorf (Saar);8002746
Hemmingen;8007327
Hemmoor;8000815
Hemsbach;8002748
Henfenfeld;8002751
Hennef (Sieg);8002753
Hennef im Siegbogen;8002775
Hennen;8002754
Hennen Bahnhof Iserlohn;411165
Hennersdorf (Sachs);8011856
Hennigsdorf (Berlin);8013483
Hennigsdorf (S);8089207
Henstedt-Ulzburg;8007053
Heppenheim (Bergstr);8002757
Herbertingen;8000160
Herbertingen Ort;8002760
Herbertshofen;8002761
Herbingstr Halberstadt;954047
Herbingstr/Klusstr Halberstadt;962228
Herbolzheim (Breisg);8002763
Herbolzheim (Jagst);8002764
Herbolzheim Mitte Neudenau;421027
Herborn (Dillkr);8000161
Herbrechtingen;8002766
Herchen;8002768
Herchen Bahnhof Windeck;443283
Herdecke;8002769
Herdorf;8002770
Herdorf Rathaus;8071296
Herford;8000162
Hergatz;8000387
Hergershausen;8002773
Hergershausen Bahnhof Babenhausen (Hessen);111261
Heringen (Helme);8011860
Heringsdorf Neuhof;8087026
Herlasgrün;8010166
Herlasgrün Bahnhof Pöhl;967066
Herleshausen Hp;8013548
Hermann-Essig-Straße Schwieberdingen;558871
Hermannswerder/Fähre Potsdam;736271
Hermaringen;8002776
Hermentingen;8007231
Hermentingen B32 Veringenstadt;750914
Hermsdorf (Dresden);8011861
Hermsdorf Bahnhof Ottendorf-Okrilla;975426
Hermsdorf-Klosterlausnitz;8011862
Herne;8000164
Herne-Börnig;8002779
Heroldsberg;8002782
Heroldsberg Nord;8002783
Herrath;8002784
Herrath Bahnhof Mönchengladbach;659936
Herrenberg;8002785
Herrenberg Zwerchweg;8002786
Herrenberger Straße Böblingen;561838
Herreninsel Schiffsanleger Chiemsee;844002
Herrensee;8011863
Herrensee Bahnhof Rehfelde;728143
Herrlingen;8002789
Herrlingen Bahnhof Blaustein;492543
Herrlishöfen;8079099
Herrnburg;8011864
Herrnburg Bahnhof Lüdersdorf;704034
Herrsching;8002792
Hersbruck (Pegnitz);8096017
Hersbruck (l Pegnitz);8002793
Hersbruck (r Pegnitz);8002794
Herten (Baden);8002797
Herten (Westf);8002795
Hervest-Dorsten;8000165
Herxheim am Berg;8002798
Herzberg (Elster);8011867
Herzberg (Harz);8000166
Herzberg (Mark);8010167
Herzberg Schloß;8002800
Herzebrock;8002801
Herzebrock Bahnhof Herzebrock-Clarholz;923739
Herzhausen Itterstraße Vöhl;711707
Herzhausen Nationalparkbahnhof Vöhl;711126
Herzhausen Nationalparkzentrum Vöhl;710619
Herzhorn;8079605
Herzlake EFH;8070437
Herzogenrath;8002806
Herzogenrath (Gr);8089120
Herzogenrath-Alt-Merkstein;8002804
Herzogenrath-August-Schmidt-Platz;8002816
Hesedorf;8007808
Hesedorf Bahnhof Bremervörde;617818
Heselbach;8002808
Heselbach Baiersbronn;362980
Hesepe;8000167
Hesepe Bahnhof Bramsche;609819
Hesseln;8002810
Hesseneck Kailbach;8003144
Hesseneck Schöllenbach;8005393
Hessental Bahnhof Schwäbisch Hall;833598
Hesseröder Straße Nordhausen;248181
Hessisch Oldendorf;8002812
Hetschburg;8011869
Hettenhausen;8002814
Hettenhausen Hauptstraße;8071385
Hettingen (Hohenz);8007230
Hettstedt;8010168
Hettstedt Kupferkammerhütte (Bergwerksbahn);8076459
Hetzbach Bahnhof Oberzent;111224
Hetzdorf (Flöhatal);8011870
Hetzerath;8002817
Heubing Bahnhof Hagen (Westf);656150
Heudeber-Danstedt;8010169
Heufeld;8002820
Heufeldmühle;8002821
Heusenstamm;8002822
Heusteigstraße Böblingen;561347
Hexentanzplatz/Bergstation Kabinenseilbahn Thale;366758
Hiddenhausen-Schweicheln;8002824
Hiddensee;8096011
Hilchenbach;8002826
Hildbrandsgrün;8002827
Hildburghausen;8011871
Hilden;8000388
Hilden S Hilden;318969
Hilden Süd;8002828
Hildesheim Gbf;8099503
Hildesheim Hbf;8000169
Hildesheim Ost;8002830
Hilgenroth Ortsmitte;8070990
Hille;8070438
Hilling Bahnhof Bodenkirchen;553443
Hillnhütten;8002835
Hilpertsau;8002837
Hilpertsau Gernsbach;364766
Hilpertsau Ochsen Gernsbach;721163
Hilpoltstein;8002838
Hilter;8002839
Hiltrup Bahnhof Münster (Westf);906515
Himmelpforten;8002843
Himmelreich;8002844
Himmelstadt;8002845
Hindenburgstr Höfen an der Enz;721221
Hinrichssegen;8002850
Hinter der Bahn Eystrup;628256
Hinterweidenthal;8002847
Hinterweidenthal Ort;8079088
Hinterweidenthal Ost;8079147
Hinterzarten;8002848
Hirsau;8002852
Hirsau Calwer Straße Calw;361048
Hirsau St Aurelius Calw;828837
Hirschaid;8002853
Hirschberg Bahnhof DB Heddesheim;507347
Hirschfelde;8011878
Hirschfelde Bahnhof Zittau;973464
Hirschfelde Markt;8070847
Hirschfelden;8002856
Hirschgarten München;130031
Hirschhorn (Neckar);8002857
Hirschhorn (Neckar) Jahnstraße/Ev Kirche;8071676
Hirschhorn (Pfalz);8002858
Hirtenweg/Technologiepark Karlsruhe;363403
Hittfeld;8002864
Hitzacker;8002865
Hochdahl;8002868
Hochdahl S-Bahnhof Erkrath;369029
Hochdahl-Millrath;8002869
Hochdorf (b Horb);8000389
Hochdorf Tübinger Straße Nagold;570373
Hochfeld Süd Bahnhof/RheinPark Duisburg;216084
Hochhausen (Tauber);8002871
Hochheim (Main);8002872
Hochneukirch;8000390
Hochneukirch Bahnhof Jüchen;657755
Hochschule Aschaffenburg;425610
Hochspeyer;8002875
Hochstadt-Marktzeuln;8002878
Hochstetten;8007201
Hochstetten (Nahe);8002880
Hochstetten Altenheim Linkenheim-Hochstetten;721187
Hochstetten Grenzstraße;8079042
Hochstetten Grenzstraße Linkenheim-Hochstetten;720727
Hochstätten (Pfalz);8002879
Hochwang;8002881
Hochzoll Bahnhof Augsburg (Bayern);780183
Hockenheim;8002883
Hockeroda;8010170
Hockeroda (Bushaltestelle) Kaulsdorf;690842
Hodenhagen;8002884
Hof (Münstertal);8007336
Hof Hbf;8002924
Hof-Neuhof;8002927
Hofeld;8002929
Hofen (b Aalen);8002930
Hofen Bahnhof Aalen;201504
Hoffenheim;8002931
Hoffenheim Bahnhof Sinsheim;507191
Hoffnungsthal;8002932
Hoffnungsthal Bahnhof Rösrath;445004
Hofgeismar;8002933
Hofgeismar-Hümme;8003015
Hofheim (Ried);8002934
Hofheim (Taunus);8002935
Hofheim Bahnhof Lampertheim;518216
Hofheim Bahnhof Westseite Lampertheim;511265
Hohe Düne Fähre Rostock;368702
Hohe Straße/Bahnhof Hude (Oldenburg);607432
Hohefeldstr Berlin;732431
Hohegrete;8002939
Hohen Neuendorf (b Berlin);8080720
Hohen Neuendorf Friedhof;8079733
Hohen Neuendorf West;8080710
Hohen Neuendorf West Karl-Marx Straße;8071667
Hohenbrunn;8002940
Hohenbudberg Bayerwerk;8002941
Hohendorf;8011889
Hohenebra Ort;8011891
Hohenebra Ort Sondershausen;215379
Hohenecken Bahnhof Kaiserslautern;513386
Hoheneggelsen;8002944
Hoheneggelsen Bahnhof Söhlde;912022
Hohenfichte;8011892
Hohenleipisch;8011894
Hohenleipisch Mitte;8070957
Hohenleuben;8011895
Hohenlimburg;8002953
Hohenlimburg Bahnhof Hagen (Westf);366059
Hohenpeißenberg;8002954
Hohenroda;8011900
Hohenschäftlarn;8002955
Hohenschäftlarn Schäftlarn;626035
Hohenstadt (Mittelfr);8002956
Hohenstadt SEV Bad Wimpfen;370606
Hohenstein-Ernstthal;8011904
Hohensülzen;8002958
Hohenthurm;8011905
Hohenthurm Briefzentrum;8071741
Hohenthurm Briefzentrum Landsberg (Saalekreis);961054
Hohenthurm Mölbitzer Weg;8071078
Hohenwarth;8007342
Hohenwarth Campingplatz;8070160
Hohenwestedt;8002959
Hohenwulsch;8010172
Hohenwulsch Bahnhof (Bus) Bismark (Altmark);958449
Hoher Weg Halberstadt;953011
Hohndorf Mitte;8017422
Holdorf (Meckl);8011908
Holdorf (Meckl) B104;8079446
Holdorf (Oldb);8002962
Holenbrunn Bahnhof Wunsiedel;547249
Holländische Straße Kassel;711180
Holländischer Platz/Universität Kassel;711363
Holm-Seppensen;8002967
Holm-Seppensen Bahnhof Buchholz (Nordheide);611545
Holstentherme;8007203
Holten Bahnhof Oberhausen (Rheinland);654170
Holtensen Hamelner Straße;8072969
Holtensen/Linderte;8002969
Holthausen Bahnhof Essen (Ruhr);209686
Holthusen;8010173
Holtwick Bahnhof Rosendahl;906075
Holweide S-Bahn Köln;445675
Holzdorf (Elster);8011909
Holzdorf (b Weimar);8011910
Holzdorf (b Weimar) Bushaltestelle Weimar (Thür);646217
Holzdorf Bahnhof (Bus) Jessen (Elster);961113
Holzgerlingen Bf;8085010
Holzgerlingen Buch;8085011
Holzgerlingen Nord;8085009
Holzhau;8011912
Holzhau Bahnhof Rechenberg-Bienenmühle;973082
Holzhau Skilift;8017218
Holzhausen (Kr Siegen);8002976
Holzhausen Bahnhof Preußisch Oldendorf;927634
Holzhausen Schiffsanleger Utting a Ammersee;621642
Holzhausen-Heddinghausen;8002978
Holzheim (b Neuss);8002979
Holzheim Bahnhof Neuss;367369
Holzkirchen;8002980
Holzmarkt Halberstadt;953962
Holzminden;8000391
Holzwickede;8000392
Homburg (Saar) Hbf;8000176
Honrath;8002988
Honrath Bahnhof Lohmar;440508
Hopfgarten (Sachs);8011914
Hopfgarten (Weimar);8011915
Hoppecke;8002992
Hoppecke Bahnhof Brilon;413125
Hoppegarten (Mark);8080750
Hoppingen;8002994
Hoppingen Bahnhalt Harburg (Schwaben);784010
Hoppstädten (Nahe);8002995
Hoppstädten Bahnhof Hoppstädten-Weiersbach;407349
Horb;8000177
Horb-Heiligenfeld;8002998
Hordorf;8011919
Horka;8010174
Horn Bahnhof Horn-Bad Meinberg;925218
Horn-Bad Meinberg;8003000
Hornau Bahnhof Kelkheim (Taunus);104280
Hornberg (Schwarzw);8003001
Horneburg;8003002
Hornstorf;8010176
Hornstorf Neubau;8079734
Horrem;8000178
Horrem Bahnhof Kerpen (Rheinland);443575
Horst (Holst);8003003
Horstmar Preußen Bahnhof Lünen;903642
Hosena;8010171
Hosena Bahnhof Senftenberg;727286
Hotel Bachmair (Schiff) Rottach-Egern;966962
Hoyerswerda;8010177
Hoyerswerda-Neustadt;8011922
Hoykenkamp;8003008
Hoykenkamp Bahnhof Ganderkesee;628475
Hoßkirch Königseggsee;8003004
Hp Coßmannsdorf Freital;978703
Hp Kinderwaldstätte Chemnitz;981958
Hp Mitteloelsnitz Oelsnitz/Erzgeb;984178
Hp Neustadt Hoyerswerda;978377
Hp Süd Zittau;369596
Hrensko Fährstelle Tschechien;977777
Hrensko nabrezi;5470001
Hubacker;8003010
Hubertushöhe;8011923
Huchem-Stammeln;8007817
Huchem-Stammeln Bahnhof (Bus) Niederzier;586154
Huckarde Bushof Dortmund;366244
Huckarde S-Bahnhof Dortmund;652157
Huckstorf;8011924
Huckstorf Ort;8079735
Huckstorf Pölchow;935719
Hude;8000522
Hude Hohe Straße/Bahnhof;8071144
Hufschlag;8003023
Hufschlag Surberg;591579
Huglfing;8003024
Hugstetten;8003025
Hugstetten Bahnhof March;498209
Hulb;8003022
Hulb Böblingen;367115
Hummelberg;8070020
Hundsgrün;8011928
Hundstadt;8007848
Hundstadt Ortsmitte Grävenwiesbach;116612
Hungen;8000400
Huntlosen;8003030
Huntlosen Bahnhof Großenkneten;612933
Husby;8003032
Husby West;696515
Husum;8000181
Husum;8070180
Huttenheim;8003033
Huttenheim Kirche;8070891
Huzenbach;8003034
Huzenbach Kurhaus Baiersbronn;815255
Häberlesbrücke Schiltach;572029
Häger Bahnhof Münster (Westf);412141
Hähnichen;8011795
Hähnlein-Alsbach;8002498
Hälde Hemmingen (Württ);367460
Hämelerwald;8002499
Hämelerwald Bahnhof Lehrte;638648
Hämerten;8011796
Händelstraße Karlsruhe;377044
Härtelstr Leipzig;964447
Häuserhof;8002501
Höchst (Odenw);8000172
Höchst Bahnhof Frankfurt a M;101008
Höchst Bahnhof Nordseite Frankfurt a M;101018
Höchst Hetschbach;8002813
Höchst Mittelstraße Altenstadt (Hessen);123754
Höchst Mümling-Grumbach;8004125
Höchstädt (Donau);8002888
Höckendorf Edle Krone Bahnhof Klingenberg (Sachse;978369
Höfen (Enz) Bf;8002891
Höfen (Enz) Nord;8070279
Höfingen;8002892
Höfingen Alter Bahnhofweg Leonberg (Württ);561201
Höfingen Varnbülerstraße Leonberg (Württ);560839
Höftgrube Bahnhof Wingst Wingst;616496
Höhenkirchen-Sieg Höhenkirchen-Siegertsbrunn;363940
Höhenkirchen-Siegertsbrunn;8002894
Höhmühlbach;8002895
Höhmühlbach Bahnhof Rieschweiler-Mühlbach;509017
Hölle Abzw Naila;546471
Höllenthal;8002898
Höllriegelskreuth;8002899
Höllriegelskreuth Pullach i Isartal;624683
Höntrop Bochum;365504
Höntrop S-Bahnhof Bochum;657268
Höpfling;8002908
Höpfling Siegsdorf;594459
Hörde Bahnhof Dortmund;361228
Hörden;8002910
Hörlkofen;8002912
Hörnum (Sylt);8007774
Hörnum Hafen;8084079
Hörnum Mitte;8079153
Hörnum Nord;8079154
Hörnum Steintal;8079155
Hörpolding;8002914
Hörpolding Bahnhof Traunreut;590141
Hörschel Eisenach (Thür);996739
Hörschel Hp;8013547
Hörselgau;8087061
Hörstel;8002915
Hörstmar (Lippe);8002916
Hörstmar Bahnhof Lemgo;924823
Hösbach;8002918
Hösbach-Bahnhof Bahnhof Hösbach;425707
Hösel;8002919
Hösel S Ratingen;365528
Hösel S-Bahnhof Nordseite Ratingen;662788
Hösel S-Bahnhof Ratingen;661456
Höste;8070884
Hövelhof;8002920
Hövelhof Bahnhof;924150
Hövelriege;8002921
Hövelriege Bahnhof Hövelhof;924116
Höxter Rathaus;8002923
Höxter Schulzentrum;8071704
Hübschstraße Karlsruhe;374505
Hückelhoven-Baal;8000677
Hüffenhardt;8007439
Hüfingen Mitte;8003014
Hügelstraße Frankfurt a M;101304
Hümme Bahnhof Hofgeismar;710150
Hünfeld;8003016
Hürth-Kalscheuren;8003160
Hütten;8070219
Hütten Bahnhof Schelklingen;102956
Hüttenbach Bahnhof Simmelsdorf;460274
Hüttenbusch;8007119
Hüttengrund;8011925
Hüttengrund (Bushaltestelle) Sonneberg;210017
Hüttingen;8003021
IKEA Kaarst Kaarst;651278
Ibach;8003035
Ibach Jägerhaus/Bahnhof Oppenau;571095
Ibbenbüren;8003036
Ibbenbüren-Aasee;8070448
Ibbenbüren-Esch;8001867
Ibbenbüren-Laggenbeck;8003491
Ichenhausen;8003038
Icking;8003039
Idar-Oberstein;8003040
Idstein (Taunus);8003041
Iffeldorf;8005672
Igel;8003042
Igel (Gr);8000303
Igensdorf;8003044
Igersheim;8003045
Ihringen;8003052
Ihringshausen Bahnhof Weddel Fuldatal;712027
Ilberstedt;8011929
Ilfeld;8017014
Ilfeld Bad;8080998
Ilfeld Bahnhof Harztor;248174
Ilfeld Harztor;248314
Ilfeld Kirche Harztor;248175
Ilfeld Kreuzung Harztor;248114
Ilfeld Neanderklinik;8070776
Ilfeld Neanderklinik Harztor;248189
Ilfeld Netzkater Harztor;248116
Ilfeld Schreiberwiese;8080990
Ilfeld Schreiberwiese Harztor;248315
Ilfeld Talbrauerei Harztor;248113
Illertissen;8003057
Illesheim;8003058
Illingen (Saar);8003059
Illingen (Württ);8003060
Ilmenau;8010178
Ilmenau Bad;8011931
Ilmenau Pörlitzer Höhe;8011935
Ilmenau-Roda;8011932
Ilsenburg;8011933
Im Apfelgarten (Nord) Neu Wulmstorf;360400
Im Haag Möckmühl;833457
Immelborn;8011934
Immelborn (Bushaltestelle) Barchfeld-Immelborn;996062
Immendiek Rostock;939226
Immendingen;8000182
Immendingen Mitte;8003061
Immendingen Zimmern;8003066
Immenhausen;8003062
Immenreuth;8003063
Immensen-Arpke;8003064
Immensen-Arpke Bahnhof Lehrte;636688
Immenstaad (Bodensee);8006822
Immenstadt;8003065
Imsweiler;8003070
Industriegebiet Bahnhof Singen (Hohentwiel);503604
Industriepark Höchst Tor Nord Frankfurt a M;101012
Industrieplatz Ost Heilbronn;755145
Industrieplatz West Heilbronn;755146
Ingelbach;8003073
Ingelheim;8003075
Ingolstadt Audi;8003074
Ingolstadt Hbf;8000183
Ingolstadt Nord;8003076
Inningen;8003079
Insel Reichenau;8079132
Inselbahnhof Lindau (Bodensee);990083
Inselpark Hamburg;895876
Inselstadt Malchow;322358
Insheim;8003080
Iphofen;8003081
Ipsheim;8003083
Irfersgrün;8011937
Irfersgrün Bahnhof Lengenfeld;360913
Irrenlohe;8003086
Isartor München;371003
Iserlohn;8000186
Iserlohner Heide Iserlohn;881052
Iserlohnerheide;8003090
Isernhagen;8003091
Ismaning;8003092
Ispringen;8003094
Isselhorst-Avenwedde;8003096
Isselhorst-Avenwedde Bahnhof Gütersloh;923039
Istein;8003098
Ittersbach Bahnhof;8007014
Ittersbach Bahnhof Karlsbad;940028
Ittersbach Industrie Karlsbad;723599
Ittersbach Rathaus;8090001
Ittersbach Rathaus Karlsbad;105301
Ittling;8003100
Ittlingen;8003101
Itzehoe;8003102
Itzehoe Bahnhof (Draisine);8071767
Itzelberg;8003103
Iversheim;8003104
Iversheim Bahnhof/Mitte Bad Münstereifel;445828
Iznang;8085575
Jabel (Meckl);8011939
Jacobsdorf (Mark);8011940
Jaderberg;8003105
Jaderberg Bahnhof Jade;146379
Jafféstr Berlin;727390
Jagdschloss Lancken-Granitz;362741
Jagdschloß;8011947
Jagstzell;8003111
Jahnsdorf (Erzgeb);8011948
Jakobsdorf (Prign);8011941
Jakobwüllesheim;8071022
Jarrenwisch;8003115
Jasnitz;8011951
Jatznick;8010179
Jatznick Gemeindeverwaltung;8079736
Jeber-Bergfrieden;8011952
Jeber-Bergfrieden Bahnhof (Bus) Coswig (Anhalt);961585
Jechtingen;8007288
Jechtingen Bahnhof Sasbach am Kaiserstuhl;377836
Jeeser;8011953
Jeeser Bahnhof Sundhagen;362936
Jena;8096004
Jena Paradies;8011956
Jena Paradies (Knebe);8089170
Jena Saalbf;8011058
Jena West;8011957
Jena-Göschwitz;8010133
Jena-Zwätzen;8011958
Jesewitz (Leipzig);8011959
Jessen (Elster);8011960
Jestetten;8503421
Jestetten Bahnhof;8589063
Jettenbach;8003122
Jettingen;8003123
Jettingen Bahnhof Jettingen-Scheppach;871234
Jever;8003124
Jeßnitz (Anh);8011961
Joachimsthal;8011962
Joachimsthal Kaiserbahnhof;8013279
Jocketa;8011963
Jocketa Bahnhof Pöhl;968415
Jocketa Talsperrenblick Pöhl;967257
Jockgrim Bf;8003125
Johannesbrunnen Halberstadt;962023
Johanneskirchen Bahnhof West München;622118
Johanneskirchen München;624721
Johanngeorgenstadt;8011967
Jossa;8003129
Jossa Bahnhof Sinntal;466323
Jugendhilfezentrum St Anton Riegel am Kaiserstuh;496560
Juist;8007763
Juist Flugplatz;8007788
Julbach;8003136
Jungfernkopf Kassel;711383
Jungfernstieg Hamburg;694995
Jungingen (Hohenz);8007223
Jungnau;8007234
Jungnau Traube Sigmaringen;751017
Jägerhaus;8003106
Jägersfreude;8003108
Jänschwalde;8011944
Jänschwalde Dorf;278348
Jänschwalde Ost;8011945
Jänschwalde Ost (Bus);8079738
Jävenitz;8011946
Jöhlingen;8003127
Jöhlingen Bahnhof Walzbachtal;724041
Jöhlingen West;8079058
Jöhstadt;8079133
Jöhstadt Loreleifelsen;8079135
Jöhstadt Schlössel;8079134
Jößnitz;8011966
Jübek;8000334
Jüchen;8003130
Jügesheim Bahnhof Rodgau;104642
Jülich;8000188
Jülich An den Aspen;8003114
Jülich Forschungszentrum;8007815
Jülich-Broich;8007801
Jülich-Nord;8007802
Jülich-Selgersdorf;8007814
Jünkerath;8003135
Jüterbog;8010182
Jütrichau;8011969
K2/Zum Bahnhof Rullstorf;617735
KIT-Campus Nord Bahnhof Eggenstein-Leopoldshafen;720846
Kaarst IKEA;8000438
Kaarst Mitte/Holzbüttgen;8000432
Kaarst Mitte/Holzbüttgen Pfarrzentrum;8071232
Kaarster Bahnhof;8003141
Kaarster Bahnhof Kaarst;665556
Kaarster See;8000430
Kaarster See Kaarst;589141
Kablow;8011981
Kabutzenhof Fähre Rostock;936652
Kahl (Main);8003143
Kahl Kopp/Heide;8070164
Kahla (Thür);8011985
Kainzenbad;8003146
Kaiser-Friedrich-Str/Kantstr Berlin;731037
Kaiserbahnhof Joachimsthal;739857
Kaisereiche Berlin;731686
Kaiserlei Ostseite Offenbach am Main;102596
Kaiserlei Westseite Offenbach am Main;102598
Kaisersesch;8003148
Kaiserslautern Hbf;8000189
Kaiserslautern Pfaffwerk;8003150
Kaiserslautern West;8003151
Kaiserslautern-Hohenecken;8002943
Kaiserstuhleck Eichstetten am Kaiserstuhl;496506
Kaistraße Kiel;705949
Kalchreuth;8003154
Kaldenkirchen;8000190
Kalenborn (Westerw);8070018
Kalk Trimbornstr Köln;440458
Kall;8003158
Kalscheuren Bahnhof Hürth;443633
Kalsow;8011995
Kalsow Abzw Benz b Wismar (Meckl);321552
Kalsow Abzweig B105;8079739
Kaltenbrunn (Schiff) Gmund a Tegernsee;966970
Kaltenbrunn Gmund a Tegernsee;592915
Kalteneck;8070807
Kalteneck Bahnhof Hutthurm;542710
Kaltenkirchen (Holst);8007054
Kaltenkirchen Süd;8007204
Kaltenweide Bahnhof Langenhagen (Hannover);638056
Kalthof (Kr Iserlohn);8003166
Kalthof Bahnhof Iserlohn;374748
Kamen;8003168
Kamen-Methler;8003169
Kamenz (Sachs);8011988
Kamp-Bornhofen;8003170
Kamp-Bornhofen KD;8075958
Kampen (Sylt) Hamburger Kinderheim;8084119
Kampen Dikstieg;8079156
Kampen Mitte;8084102
Kampen Süd;8079157
Kandel;8003172
Kandern;8070450
Kanzem;8003173
Kapellen Wevelinghoven Bahnhof Grevenbroich;655812
Kapellen-Drusweiler;8003175
Kapellen-Wevelinghoven;8003174
Kapen Biosphärenreservat;8070260
Kappelrodeck;8007004
Kappelrodeck Ost;8077004
Kapsweyer;8007859
Karl-Marx-Str Hohen Neuendorf;150046
Karl-Stieler-Straße Ottobrunn;625907
Karlsburg;8011991
Karlsdorf;8003181
Karlshagen;8011992
Karlsplatz (Stachus) München;363941
Karlsplatz (Stachus) Nord München;361014
Karlsruhe Albtalbf;8079045
Karlsruhe Bahnhofsvorplatz;8079041
Karlsruhe Durlacher Tor;8079125
Karlsruhe Entenfang;8079126
Karlsruhe Europaplatz;725999
Karlsruhe Hbf;8000191
Karlsruhe Hbf Südausgang;421210
Karlsruhe Hbf Südausgang;8089390
Karlsruhe Knielingen Siemens;721394
Karlsruhe Kronenplatz (Kaiserstraße);364080
Karlsruhe Marktplatz (Kaiserstraße);8079035
Karlsruhe Marktplatz (Pyramide);8079046
Karlsruhe Mühlburger Tor;8079144
Karlsruhe West;8003183
Karlsruhe-Durlach;8003184
Karlsruhe-Hagsfeld;8003185
Karlsruhe-Knielingen;8003186
Karlsruhe-Knielingen Rheinbergstraße;8079128
Karlsruhe-Mühlburg;8003187
Karlsruhe-Neureut Kirchfeld;8079047
Karlstadt (Main);8003189
Karlstor/Bundesgerichtshof Karlsruhe;170061
Karow (Meckl);8010188
Karow Bahnhof Plau am See;322306
Karpfham;8003191
Karpfham Bahnhof Rotthalmünster;541893
Karsdorf;8011993
Karstadt Saarbrücken;836929
Karstädt;8011994
Karthaus;8000402
Kartung Abzw Winden Sinzheim;722440
Kasbach;8070019
Kasbach Brauerei Steffens;8070021
Kassel;8096023
Kassel Hauptbahnhof Nord;8071215
Kassel Hbf;8000193
Kassel Hbf (tief);8098193
Kassel-Harleshausen;8003196
Kassel-Jungfernkopf;8003197
Kassel-Kirchditmold;8003198
Kassel-Oberzwehren;8003199
Kassel-Wilhelmshöhe;8003200
Kasseler Tor Paderborn;927645
Kastl (Oberbay);8003205
Katharinenheerd;8003207
Kating;8003208
Kating Bahnhof Tönning;697461
Kating Kreuzung Tönning;695790
Katlenburg;8003209
Katlenburg Bahnhof Nordseite Katlenburg-Lindau;614508
Katlenburg Bahnhof Südseite Katlenburg-Lindau;354404
Kattenes;8003211
Kattenvenne;8003212
Kattenvenne Bahnhof Lienen;904568
Katz-Werke (Ersatzhalt) Weisenbach;722679
Katz-Werke Weisenbach;422060
Katzenfurt;8003213
Katzenfurt Bahnhof Ehringshausen;111010
Katzhütte;8011999
Katzwang;8003214
Katzwang Bahnhof Nürnberg;675725
Katzweiler;8003215
Kaub;8003216
Kaub KD;8075963
Kaufbeuren;8000194
Kaufering;8000195
Kaufland Neckarsulm;424053
Kaulsdorf (Saale);8012000
Kavelstorf (Kr Rostock);8012002
Kavelstorf Neubau;8071256
Kavelstorf Neubau Dummerstorf;935760
Kehl;8003218
Kehl (Gr);8000008
Kehlen;8003220
Keitum;8003222
Keitum Bahnhof;8079216
Keitum Kirche;8079158
Keitum Parkplatz West;8084106
Keitum Schnittis Eck;8084101
Kelkheim;8007161
Kelkheim-Hornau;8007162
Kelkheim-Münster;8007160
Kellersberg Friedensplatz/Bahnhof Alsdorf (Rheinl;268774
Kellmünz;8003227
Kelsterbach;8003228
Kelter Frickenhausen (Württ);561086
Kemnath-Neustadt;8003229
Kempen (Niederrhein);8000409
Kempten (Allgäu) Hbf;8000197
Kempten (Allgäu) Ost;8003230
Kemtau;8012004
Kennelgarten;8003232
Kenz;8012005
Kenz Bahnhof Kenz-Küstrow;325137
Kenzingen;8003233
Kerkerbach;8003235
Kerkerbach Steedener Hauptstraße;8071341
Kerkwitz;8012006
Kerkwitz Bahnhof Schenkendöbern;278156
Kersbach;8003238
Kersbach S-Bahnhof Forchheim (Oberfranken);676171
Kessel Schönau a Königssee;877549
Kestert;8003241
Kettwig;8000198
Kettwig S-Bahnhof Essen (Ruhr);109383
Kettwig Stausee;8003245
Kettwig Stausee S-Bahnhof Essen (Ruhr);654576
Kevelaer;8003247
Keßlerturm Bernburg (Saale);366463
Kiebingen;8003248
Kiebitzhöhe;8012007
Kiebitzhöhe (Bushaltestelle) Kölleda;646125
Kiefersfelden;8003249
Kiel Hbf;8000199
Kiel Hbf Kaiserstraße;8071199
Kiel Schulen am Langsee;8003251
Kiel Wiener Allee;8070840
Kiel ZOB;8089392
Kiel-Ellerbek;8003259
Kiel-Elmschenhagen;8003477
Kiel-Hassee CITTI-PARK;8003474
Kiel-Oppendorf;8003260
Kiel-Russee;8003253
Kieler Str Berlin;731700
Kierberg;8003252
Kierberg Bahnhof Brühl (Rheinland);375389
Kierspe;8003297
Kilianstädten Uferstraße Schöneck (Hessen);126713
Killer;8007224
Kinding (Altmühltal);8003256
Kindsbach;8003257
Kipsdorf Kurort Bahnhof Altenberg;978708
Kirch Göns;8003262
Kirch-Göns Bahnhof Butzbach;111132
Kirch-Jesar;8012009
Kirchanschöring;8003263
Kirchberg (Murr);8003266
Kirchberg/Luitpoldbrücke Bad Reichenhall;591996
Kirchderne Bahnhof Dortmund;360274
Kirchderne U-Bahnhof Dortmund;370273
Kirchdorf (Deister);8003267
Kirchdorf Bahnhof Barsinghausen;638672
Kirchdorf Umläufer Barsinghausen;636742
Kirche Birkenwerder;203523
Kirche Blankenbach;425870
Kirche Dagebüll;696117
Kirche Ernsgaden;540276
Kirche Igel;256002
Kirche Lensahn;699901
Kirche Romrod;119605
Kirche Weichering;846174
Kirche Witzwort;695997
Kirche Zaisenhausen;722776
Kirchehrenbach;8003268
Kirchen;8000427
Kirchenlaibach;8000201
Kirchenlaibach Bahnhof Speichersdorf;545286
Kirchenlamitz Ost;8003270
Kirchenlamitz Ost Bahnhof;547254
Kirchentellinsfurt;8003272
Kirchgasse Kassel;713491
Kirchhain (Bz Kassel);8000435
Kirchhalling;8003275
Kirchhammelwarden;8003276
Kirchheim (Neckar);8003278
Kirchheim (Teck);8003280
Kirchheim (Teck) Süd;8003283
Kirchheim (Teck) Ötlingen;8003282
Kirchheim (Unterfr);8003284
Kirchheim (Weinstr);8003285
Kirchheim Rohrbach Bahnhof Heidelberg;506739
Kirchheim unter Teck;374211
Kirchheimbolanden;8000652
Kirchhorsten;8003286
Kirchhorsten Bahnhof Helpsen;997092
Kirchhundem;8003287
Kirchhörde Bahnhof Dortmund;651299
Kirchlengern;8003288
Kirchmöser;8012011
Kirchmöser Bahnhof Brandenburg an der Havel;737367
Kirchplatz Weisenbach;722680
Kirchscheidungen;8012012
Kirchseelte DHE;8070454
Kirchseeon;8003290
Kirchstr Wernigerode;962962
Kirchstr/Alt-Moabit Berlin;730750
Kirchweidach;8084066
Kirchweyhe;8003292
Kirchweyhe Bahnhof Ost Weyhe;603948
Kirchweyhe Bahnhof West Weyhe;603979
Kirchzarten;8003293
Kirkel;8003294
Kirn;8003295
Kirnbach-Grün;8007104
Kirnsulzbach;8003298
Kirschbaumwasen;8003289
Kirschbaumwasen Forbach;720343
Kissing;8003299
Kitzingen;8000479
Kißlegg;8000203
Klaffenbach Hp;8017421
Klaffenbach Hp Chemnitz;230652
Klais;8003302
Klais Bahnhof Krün;590321
Klandorf;8012015
Klandorf Bahnhof Schorfheide;727476
Klanxbüll;8003303
Klasdorf Am Bahnhof Baruth (Mark);727900
Klasdorf Glashütte;8012016
Klebitz;8012019
Klecken;8003309
Klecken Bahnhof Rosengarten (Kreis Harburg);597790
Kleeth;8012020
Klein Borstel Hamburg;895167
Klein Bünzow;8012021
Klein Gerau;8003313
Klein Reken Bahnhof Reken;237195
Klein Winternheim-Ober Olm;8003316
Klein-Auheim Bahnhof Hanau;108560
Klein-Gerau Bahnhof Büttelborn;111257
Klein-Umstadt Bahnhof Groß-Umstadt;108123
Kleinbahnhof Binz-Ost Binz;952052
Kleinberghofen;8003317
Kleinberghofen Bahnhof Erdweg;206930
Kleinblittersdorf;8003318
Kleinenbroich;8003321
Kleinenbroich Bahnhof Korschenbroich;658355
Kleinengstingen;8070456
Kleinengstingen Bahnhof Engstingen;494381
Kleinensiel;8003323
Kleinforst Rosensee;8017344
Kleinfurra;8012033
Kleinfurra An der Kreisstraße;8071165
Kleingemünden;8003329
Kleinheubach;8003324
Kleinjena;8012034
Kleinkems;8003325
Kleinkötz;8003326
Kleinkötz Bahnhalt/Fa AL-KO Kötz;871287
Kleinostheim;8003314
Kleinröhrsdorf;8012036
Kleinröhrsdorf Haltepunkt Großröhrsdorf;369925
Kleinschirma;8012037
Kleinsteinbach;8003331
Kleinsteinbach Bahnhof Pfinztal;724206
Kleinvillars Bahnhof Knittlingen;720295
Kleinvillars Knittlingen;365083
Kleinvillars Ortsmitte Knittlingen;941046
Kleinwallstadt;8003334
Kleinzschachwitz Fähre Dresden;978635
Klengen Bahnhofstraße/Bahnhof Brigachtal;498181
Klengen Mühlengasse/Bahnhof Brigachtal;498245
Klengen Spitalgasse/Bahnhof Brigachtal;498182
Klettenberg Klettenbergpark Köln;443403
Klettwitzer Str Berlin;733187
Kleve;8000205
Kleve Bahnhof Kleve (Niederrhein);362739
Kley S-Bahnhof Dortmund;652227
Klieken;8012040
Klieken Schule Coswig (Anhalt);961748
Klinge;8012043
Klinge Ort Wiesengrund;742110
Klingenberg (Main);8003337
Klingenberg-Colmnitz;8012044
Klingenbrunn;8003338
Klingenbrunn Bahnhof Spiegelau;840377
Klingenthal;8012045
Klinikum Bremen-Nord/Beckedorf;8007893
Klinikum Traunstein (Oberbayern);594534
Klitschmar;8012046
Klitschmar Am Bahnhof Wiedemar;956893
Klitten;8012047
Klitten Jahmen;8071043
Kloster (Hiddensee);8080810
Kloster Beuron;750252
Kloster Bronnbach;8001193
Kloster Marienthal;8003340
Kloster Oesede;8004627
Kloster Oesede Bahnhof Georgsmarienhütte;627240
Klosterbuch;8012053
Klosterbuch Bahnhof (Bus) Leisnig;962849
Klosterfelde;8012054
Klosterfelde Bahnhof Wandlitz;727475
Klosterlechfeld;8003342
Klostermansfeld;8010191
Klostermansfeld Randsiedlung;8010204
Klosterreichenbach;8003343
Klosterreichenbach Rathaus Baiersbronn;362997
Klotten;8003344
Klusstr Halberstadt;953959
Kläden (Stendal);8012014
Knapp S-Bahnhof Gevelsberg;655455
Knautnaundorf;8012059
Kneippallee Zirndorf;460049
Knesebeck;8003348
Knielingen Eggensteiner Straße Karlsruhe;362106
Knielingen Herweghstraße Karlsruhe;120105
Knielingen Rheinbergstraße (Schleife) Karlsruhe;723325
Knielingen Rheinbergstraße Karlsruhe;400107
Knielingen Siemens Karlsruhe;362104
Knielinger Allee/Städt Klinikum Karlsruhe;364593
Knittlingen-Kleinvillars;8003332
Knöringen-Essingen;8003349
Kobern-Gondorf;8003350
Kobern-Gondorf SF;8075978
Koblenz Hbf;8000206
Koblenz KD;8075952
Koblenz Moselweiß Anleger;8075976
Koblenz Stadtmitte;8003341
Koblenz Stadtmitte Löhr-Center;8071774
Koblenz-Ehrenbreitstein;8003351
Koblenz-Güls;8002454
Koblenz-Lützel;8003352
Koblenz-Lützel Balduinbrücke;8071773
Koblenz-Moselweiß;8003354
Kochel;8003355
Kochendorf Bahnhof Bad Friedrichshall;374882
Kochendorf Bergstraße Bad Friedrichshall;755483
Kodersdorf;8012061
Kohlscheid;8003395
Kohlstetten;8070458
Kohlstetten Bahnhof Engstingen;491568
Kolbermoor;8003397
Kolkwitz;8012083
Kolkwitz Süd;8012084
Kolkwitz Süd Bahnhof;742316
Kollmarsreute;8003398
Kollmarsreute Bahnhof Emmendingen;500297
Kollnau;8003399
Kollnau Bahnhof Waldkirch;379533
Kolonie Märkische Heide Berlin;732040
Kolpingplatz Karlsruhe;361963
Kongresszentrum (U) Karlsruhe;141013
Kongresszentrum Karlsruhe;371072
Konstablerwache Frankfurt a M;100510
Konstanz;8003400
Konstanz Bahnhof;8080036
Konstanz Hafen;8073400
Konstanz Konzilstraße;8071014
Konstanz Marktstätte;8071032
Konstanz Schweizer Bahnhof;8071489
Konstanz Sternenplatz;8071261
Konstanz Zähringerplatz;8071584
Konstanz-Fürstenberg;8003404
Konstanz-Petershausen;8003401
Konstanz-Wollmatingen;8003416
Konz;8003402
Konz Mitte;8003403
Konzerthaus Karlsruhe;373510
Kopp Kahl a Main;438017
Korb/Bahnhof Unnau;457407
Korbach;8000210
Korbach Süd;8003406
Kordel;8003407
Kork;8003408
Kork Bahnhof Kehl;882231
Korntal;8003409
Korntal Bahnhof Korntal-Münchingen;561567
Korntal Gymnasium;8007855
Kornwestheim Pbf;8003411
Korschenbroich;8003412
Koserow;8012086
Kothmaißling;8003413
Kottenforst;8003414
Kottenheim;8003415
Kraftsdorf;8012088
Kraftwerk Finkenheerd;8012089
Kraghammer;8003420
Kraghammer Attendorn;410868
Krampenburg Berlin;733499
Kranichfeld;8012092
Kranichstein Bahnhof Darmstadt;111328
Krankenhaus/West Stralsund;325292
Kraslice (Grenze);8017189
Kratzeburg;8012093
Krauschwitz Ort;8070816
Krauthausen;8007816
Krauthausen Feldstraße (Bahnhof) Niederzier;377520
Kray Nordbahnhof Essen (Ruhr);376404
Kray Südbahnhof Essen (Ruhr);654597
Kredenbach;8003424
Kredenbach Ort/Bahnhof Kreuztal;360190
Krefeld Hbf;8000211
Krefeld-Linn;8003426
Krefeld-Oppum;8000212
Krefeld-Uerdingen;8003427
Kreiensen;8000213
Kreiensen Bahnhof Einbeck;636783
Kreimbach-Kaulbach;8003429
Kreishaus (Bus) Heinsberg;588622
Kreissparkasse Oberboihingen;561073
Kremmen;8012096
Krempe;8003430
Kremperheide;8003431
Krensitz;8012097
Krensitz Bahnhof Krostitz;957514
Kressbronn;8003432
Kressbronn Hafen;8073432
Kretscham-Rothensehma;8012098
Kreuz Konz;8003434
Kreuzau Bahnhof;8007820
Kreuzau-Eifelstraße;8007830
Kreuzberg (Ahr);8003436
Kreuzberg Bahnhofstraße Altenahr;459321
Kreuzeck/Alpspitzbahn Bahnhof Garmisch-Partenkirc;966903
Kreuzeck/Alpspitzbahn Garmisch-Partenkirchen;367232
Kreuzstraße;8003438
Kreuztal;8000214
Kreuztal-Littfeld;8003716
Kreuzung Oesterwurth;697757
Kreuzung Weisen;737879
Kreuzung Ziltendorf;740735
Kreuzweingarten;8003440
Kriftel;8003442
Krimderode Nordhausen;248318
Kripp Rheinfähre Remagen;459968
Krippen;8012105
Krippen Bahnhof Bad Schandau;978308
Krippen Fährstelle im Ort Bad Schandau;973864
Kronach;8003446
Kronberg (Taunus);8003447
Kronberg Süd;8087063
Kronberg im Taunus Süd;102200
Krone Fichtenberg (Württ);830202
Krone Hettingen;750935
Kronenplatz (U) Karlsruhe;131002
Kronenplatz Auggen;503639
Kronenstraße Friesenheim (Baden);570770
Kronshagen;8003479
Kronskamp;8012109
Kronweiler;8003452
Krottorf;8012110
Kruckel Bahnhof Dortmund;652242
Kruft;8003455
Kruft Jahnstraße;8071101
Kruggasse Berlin;733489
Krumbach (Schw) Schule;8001179
Krumbach (Schwab);8003457
Krumhermsdorf;8012113
Krumpa;8012114
Krumpa Addinol;8071883
Krumpa Addinol Braunsbedra;963553
Krupunder;8003460
Krölpa-Ranis;8012107
Kröpelin;8012108
Kubschütz;8012115
Kuchen;8003461
Kuchenheim;8003462
Kuchenheim Bahnhof Euskirchen;446382
Kufsteiner Straße/Bahnhof Raubling;596026
Kuhbier;8012120
Kullenmühle Bad Herrenalb;723533
Kulmbach;8003476
Kummerow (Stralsund);8012127
Kummersdorf (Storkow);8012129
Kunersdorf;8012605
Kunersdorf (SPN) Bahnhof Kolkwitz;742344
Kunsthalle Rostock;939275
Kupferdreh Bahnhof Essen (Ruhr);374414
Kupfereck Landshut;526163
Kupfermühle;8003478
Kuppenheim;8003480
Kuppinger Straße Nufringen;421537
Kurl Bahnhof Dortmund;370298
Kurort Altenberg (Erzgebirge);8011019
Kurort Bahnhof Jonsdorf;372475
Kurort Jonsdorf;8012131
Kurort Jonsdorf Hst;8012132
Kurort Kipsdorf;8012133
Kurort Oberwiesenthal;8012134
Kurort Oybin;8012135
Kurort Oybin-Niederdorf;8012136
Kurort Rathen;8012138
Kurort Rathen Parkplatz;8070293
Kurort Teufelsmühle Oybin;109493
Kurt-Schumacher-Straße Karlsruhe;361105
Kurverwaltung Trassenheide;374136
Kusel;8003481
Kutenholz;8007844
Kutzenhausen;8003483
Kyhna;8012141
Kyllburg;8003484
Kyritz;8012142
Kyritz Am Bürgerpark;8017159
Käfertal DB-Bahnhof Mannheim;518325
Kälberau;8007276
Kälberau Bahnhofstr Alzenau i UFr;427349
Kälberau Hemsbacher Str Alzenau i UFr;427347
Kämmereiforst;8011983
Kämmereiforst (Bus) Zschepplin;955807
Kärntner Straße/Bahnhof West Lauf a d Pegnitz;675214
Kätnerfeld/Bahnhof Tarp;706396
Köditz;8003356
Köfering;8003357
Köhlbrandhöft (nur für Betriebsangehörige) Hambur;895953
Köhlersiedlung/Bus Oberkirch;571699
Kölleda;8012064
Köln;8096022
Köln Airport-Businesspark;8003370
Köln Frankfurter Straße;8003358
Köln Geldernstraße/Parkgürtel;8003360
Köln Hansaring;8003392
Köln Hbf;8000207
Köln Hbf (Breslauer Platz);8089322
Köln KD;8075938
Köln Messe/Deutz;8003368
Köln Messe/Deutz Gleis 11-12;8073368
Köln Messe/Deutz Gleis 9-10;8083368
Köln Steinstraße;8003379
Köln Süd;8003361
Köln Trimbornstr;8003320
Köln Volkhovener Weg;8003362
Köln West;8003363
Köln-Blumenberg;8079140
Köln-Buchforst;8003364
Köln-Chorweiler;8003365
Köln-Chorweiler Nord;8003366
Köln-Dellbrück;8003367
Köln-Ehrenfeld;8000208
Köln-Holweide;8003369
Köln-Klettenberg Klettenbergpark;8071159
Köln-Longerich;8003371
Köln-Mülheim;8000209
Köln-Müngersdorf Technologiepark;8003375
Köln-Nippes;8003372
Köln-Stammheim;8003310
Köln-Weiden West;8003383
Köln-Worringen;8003373
Köln/Bonn Flughafen;8003330
Kölpinsee;8012065
Kölpinsee Loddin;332502
Köndringen;8003374
Köndringen Bahnhofstraße Teningen;363083
Königs Wusterhausen;8010193
Königs Wusterhausen Brückenstraße;8072789
Königsbach (Baden);8003376
Königsbach Bahnhof Bahnhof Königsbach-Stein;940382
Königsborn;8012066
Königsborn Am Bahnhof Biederitz;954985
Königsborn Bahnhof Unna;904771
Königsbronn;8003378
Königsbrück;8012067
Königschaffhausen;8007286
Königschaffhausen Bahnhof Endingen am Kaiserstuhl;499653
Königsdorf Bahnhof Frechen;446504
Königshofen (Baden);8003381
Königshofen (Kahl);8007281
Königshofen Bahnhof Lauda-Königshofen;363927
Königshofen Kaltenberg Mömbris;426078
Königslutter;8003382
Königsplatz Kassel;714222
Königsplatz/Mauerstraße Kassel;715343
Königssee Seelände Schönau a Königssee;877547
Königsstollen;8003385
Königsstollen Bahnhof Herdorf;379181
Königstein (Sächs Schw);8012072
Königstein (Taunus);8007164
Königstein Reißiger Platz;8070292
Königswinter;8003386
Königswinter Clemens-August-Straße;8070074
Königswinter Denkmal;8070762
Königswinter Fähre;8070029
Königswinter-Longenburg;8070763
Königswinter-Oberdollendorf;8070761
Königswinter-Oberdollendorf Nord;8070760
Könitz (Thür);8012075
Könnern;8010194
Köppelsdorf Ost Sonneberg;210662
Köppern;8007849
Köppern Bahnhof Friedrichsdorf;106398
Körle;8003388
Körle Mülmischtal;8071217
Körne Westbahnhof Dortmund;652257
Körnerplatz Dresden;977994
Köthen;8010195
Köttewitz;8012079
Köttewitz Haltepunkt Dohna;978052
Kötzschau;8012080
Kötzschau Bahnhof (Bus) Leuna;963224
Kövenig;8003394
Kövenig Bahnhof Kröv;256182
Kücknitz Bahnhof Lübeck;699016
Kühler Krug Karlsruhe;363504
Kühlinger Str Halberstadt;954313
Kühnhausen;8010198
Kühnhausen Erfurt;645620
Kühren;8012117
Kühren Bahnhof (Bus) Wurzen;964753
Külte-Wetterburg;8003467
Künsebeck;8003469
Küntrop;8003470
Küntrop Bahnhof Neuenrade;879591
Künzelsau Bf;8087022
Küps;8003472
Kürbitz;8010040
Kürbitz Bahnhof Weischlitz;967103
Küstrin-Kietz;8010189
Laaber;8003485
Laach Mayschoß;459319
Laage (Meckl);8012143
Laaske;8012144
Laberweinting;8003488
Laboe (Fähre);360910
Ladenburg;8003489
Lage (Lippe);8000215
Lagerlechfeld;8003490
Lagerlechfeld Bahnhof Graben;781415
Lahde Bahnhof Petershagen (Weser);926442
Lahnbahnhof Leun;121472
Lahr (Schwarzw);8003494
Laim München;371909
Laimbach Reckendorf;945333
Laimer Platz München;370280
Laineck;8003495
Laineck Bayreuth;463101
Laineck Schützenstr Bayreuth;463102
Lalendorf;8010199
Lalendorf Am Waldrand;8079740
Lam;8007345
Lambrecht (Pfalz);8003497
Lambsheim;8003498
Lameyplatz Karlsruhe;190058
Lammersdorf;8079065
Lampertheim;8003503
Lampertsmühle-Otterbach;8003504
Lampertswalde;8012145
Lancken;8012146
Lancken Bahnhof Sassnitz;379756
Lancken Dorfstraße;8079741
Landau (Isar);8003506
Landau (Pfalz) Hbf;8000216
Landau (Pfalz) Süd;8003507
Landau (Pfalz) West;8003508
Landau Bahnhof Landau a d Isar;541440
Landesbausparkasse Karlsruhe;370604
Landesgartenschau Bahnhof Singen (Hohentwiel);501664
Landratsamt Friedrichshafen;493699
Landratsamt Halberstadt;954138
Landsberg (Halle/Saale);8012147
Landsberg (L) Schule;8005389
Landsberg (Lech);8003512
Landsberg (b Halle/Saale) Petersdorfer Straße;8071744
Landsberg Süd (Halle/Saale);8012148
Landshut (Bay) Hbf;8000217
Landshut (Bay) Süd;8003514
Landshut Kupfereck;8071299
Landstuhl;8003515
Landsweiler-Reden;8003516
Landungsbrücken Brücke 1 Hamburg;692681
Landungsbrücken Brücke 2 Hamburg;692682
Landungsbrücken Brücke 3 Hamburg;692683
Landungsbrücken Hamburg;895177
Landungsplatz Überlingen;493571
Landungssteg Seeon-Seebruck;594524
Landwehrplatz Saarbrücken;838367
Lang Göns;8003520
Langdorf;8003521
Langebrück (Sachs);8012150
Langebrück Bahnhof Dresden;374680
Langeln (Holst);8007137
Langelsheim;8003522
Langen (Hess);8003523
Langen-Flugsicherung;8003526
Langenargen;8003524
Langenargen Hafen;8073524
Langenau (Württ);8003525
Langenbach (Oberbay);8003528
Langenbach Fährbrücke Langenweißbach;983054
Langenberg Bahnhof Velbert;366337
Langenbrand;8003532
Langenbrand Rathaus Forbach;721630
Langendorf;8012155
Langendreer Bochum;365455
Langendreer S-Bahnhof Bochum;659629
Langendreer Westbahnhof Bochum;650614
Langendreer Westbahnhof/Auf den Holln Bochum;365986
Langeneichstädt;8012156
Langenfeld (Rhld);8003540
Langenfeld (Rhld) Berghausen;8003539
Langenfelder Straße Hamburg;692477
Langenhagen (Hannover) Mitte Bahnhof;616170
Langenhagen Mitte;8003545
Langenhagen Pferdemarkt;8003542
Langenhagen-Kaltenweide;8003165
Langenhahn;8003543
Langenhorn (Schlesw);8003544
Langenlonsheim;8000585
Langenmoor;8007065
Langenmoor A Langenmoor Elmshorn;371500
Langenorla Ost;8012159
Langenorla West;8012160
Langenprozelten;8003548
Langenselbold;8003550
Langenstein;8012161
Langensteinbach;8007013
Langensteinbach Bahnhof Karlsbad;724401
Langensteinbach Schießhüttenäcker Karlsbad;301411
Langensteinbach St Barbara Karlsbad;721649
Langenwang (Schwab);8003551
Langenwang Fischen i Allgäu;965036
Langenweddingen;8012162
Langenwolmsdorf;8012163
Langenwolmsdorf Bahnhof Stolpen;974031
Langenwolmsdorf Mitte;8012164
Langenzenn;8003552
Langenzenn Bahnhof;8071320
Langeoog;8007765
Langerfeld Bahnhof Wuppertal;657937
Langerwehe;8003553
Langhagen;8010201
Langlau;8003554
Langlau Bahnhof Pfofeld;683118
Langquaid (b Eggmühl);8070812
Langsdorf (Oberhess);8003558
Langstadt Bahnhof Babenhausen (Hessen);111236
Langwedel;8000586
Langweid (Lech);8003560
Langwied München;624824
Lankenauer Höft Bremen;626631
Lathen;8003563
Laubendorf;8003567
Laubendorf Bahnhof;8071322
Laubenheim (Nahe);8003568
Laubenheim Bahnhof Mainz;371330
Laucha (Unstrut);8012167
Lauchhammer;8012169
Lauchheim;8003569
Lauchheim Schule;8071670
Lauchringen;8004552
Lauchringen West;8003562
Lauda;8000221
Laudenbach (Bergstr);8003571
Laudenbach (Württ);8003572
Laudenbach Ort Weikersheim;421582
Laudenbach Weikersheim;366046
Laudenbach am Main;8003573
Lauenbrück;8003576
Lauenburg (Elbe);8003577
Lauenförde-Beverungen;8003578
Lauenstein (Sachs);8012170
Lauenstein Bahnhof Altenberg;978307
Lauf (Pegnitz);8096018
Lauf (links Pegnitz);8003580
Lauf (rechts Pegnitz);8003581
Lauf West;8003587
Laufach;8003582
Laufen (Oberbay);8003584
Laufen Kirche Albstadt;751132
Laufenburg (Baden);8003585
Laufenburg (Baden) Ost;8003586
Lauffen (Neckar);8003588
Lauingen;8003589
Laupheim Stadt;8003591
Laupheim West;8003592
Laurenburg (Lahn);8003593
Lauscha (Thür);8012171
Lausheim-Blumegg;8070467
Lauta (Nl);8012175
Lauta Puschkinallee;8079742
Lautenbach (Baden);8003594
Lauter (Sachs);8012176
Lauterbach (Hess) Nord;8000222
Lauterbach (Rügen);8017345
Lauterbach Hafen Putbus;952150
Lauterbach Mole;8012177
Lauterbach-Steinbach;8012178
Lauterbourg (fr);8003597
Lauterecken-Grumbach;8000547
Lautlingen Kirche Albstadt;490365
Laußnitz;8012174
Lebach;8000563
Lebach-Jabach;8007868
Leege (Bus) Osterode am Harz;350229
Leer (Ostfriesl);8000225
Leese-Stolzenau;8000335
Legden;8003608
Legefeld;8012180
Legelshurst;8003609
Legelshurst Bahnhof Willstätt;571368
Lehen Dettingen an der Erms;750429
Lehma Bahnhof Treben;200855
Lehmen;8003611
Lehndorf (Altenburg);8010202
Lehndorf Nobitz;200750
Lehnheim;8003612
Lehnheim Bahnhof Grünberg (Hessen);103563
Lehnitz;8081722
Lehrte;8000226
Leichlingen;8003616
Leiferde (b Gifhorn);8003617
Leimstruth;8003621
Leinefelde;8010203
Leinefelde Bahnhof Leinefelde-Worbis;647240
Leinefelde ZOB;8070989
Leinfelden;8003622
Leinfelden Bahnhof Leinfelden-Echterdingen;366175
Leingarten;8003623
Leingarten Mitte;8071003
Leingarten Ost;8070157
Leingarten West;8003624
Leipferdingen Bahnhof Geisingen;498290
Leipheim;8003627
Leipzig Allee-Center;8013070
Leipzig Anger-Crottendorf;8010008
Leipzig Annenstraße;8071471
Leipzig Bayerischer Bahnhof;8012184
Leipzig Coppiplatz;8080840
Leipzig Essener Straße;8012200
Leipzig G-Schumann-/Lindenthaler Straße;8071076
Leipzig Georg-Schumann-/Lützowstraße;8071470
Leipzig Grünauer Allee;8011771
Leipzig Hbf;8010205
Leipzig Hbf (Fernbus-Terminal);8089318
Leipzig Hbf (tief);8098205
Leipzig Hbf Goethestraße;8071457
Leipzig Hbf Ostseite Bussteig 5;8071472
Leipzig Karlsruher Str;8010186
Leipzig MDR;8012187
Leipzig Markt;8012186
Leipzig Messe;8012478
Leipzig Miltitzer Allee;8012344
Leipzig Mockau Post;8071786
Leipzig Mockauer Straße;8012273
Leipzig Naunhofer Straße;8071463
Leipzig Nord;8012196
Leipzig Olbrichtstraße;8012181
Leipzig Ost;8012185
Leipzig Ostfriedhof;8071464
Leipzig Roßplatz;8071460
Leipzig S-Bahnhof Möckern;8071462
Leipzig Slevogtstraße;8012204
Leipzig Theodor-Heuss-Straße;8070982
Leipzig Torgauer Platz;8071179
Leipzig Völkerschlachtdenkmal;8012343
Leipzig Wilhelm-Leuschner-Platz;8012202
Leipzig-Connewitz;8010206
Leipzig-Gohlis;8012188
Leipzig-Heiterblick;8012190
Leipzig-Heiterblick Portitzer Allee;8071785
Leipzig-Holzhausen;8011913
Leipzig-Knauthain;8012192
Leipzig-Leutzsch;8010207
Leipzig-Liebertwolkwitz;8012228
Leipzig-Lindenau;8012236
Leipzig-Lützschena;8012285
Leipzig-Miltitz;8012355
Leipzig-Möckern;8012193
Leipzig-Mölkau;8012375
Leipzig-Paunsdorf;8010208
Leipzig-Plagwitz;8010209
Leipzig-Rückmarsdorf;8012817
Leipzig-Sellerhausen;8080930
Leipzig-Stötteritz;8012194
Leipzig-Thekla;8012195
Leipzig-Wahren;8012197
Leipzig-Wahren Rathaus;8072971
Leipzig/Halle Flughafen;8012183
Leipziger Platz Kassel;711002
Leipziger Straße Kassel;710954
Leisnig;8012198
Leisnig Bf;8072198
Leitstade;8003628
Leißling;8012199
Lembeck;8003630
Lembeck Bahnhof Dorsten;915654
Lemförde;8003632
Lemgo;8003633
Lemgo-Lüttfeld;8003634
Lemmie;8003635
Lemmie Bahnhof Gehrden (Hannover);635050
Lenbachplatz München;160016
Lendersdorf Renkerstraße Düren;267856
Lendringsen;8003638
Lendringsen Bahnhof Menden (Sauerland);879508
Lengede-Broistedt;8001188
Lengefeld Markt Pockau-Lengefeld;973249
Lengefeld am Markt;8071094
Lengefeld-Rauenstein;8012201
Lengenfeld (Vogtl);8012203
Lengenwang;8003639
Lengenwang Bahnhof;369324
Lengerich (Westf);8003640
Lengfeld B16 Bad Abbach;786201
Lengfeld Bahnhof Otzberg;111230
Lenggries;8003643
Lenglern;8003644
Lenglern Bahnhof Bovenden;352100
Lennep Bahnhof Remscheid;654908
Lennestadt-Altenhundem;8000532
Lennestadt-Grevenbrück;8002370
Lennestadt-Meggen;8003939
Lensahn;8003649
Lensahn Dieselstraße;8084121
Lentföhrden;8007056
Leonberg;8003652
Leoni Schiffsanleger Berg (Starnberger See);622040
Leopoldplatz (U) Berlin;730834
Leopoldshafen Frankfurter Straße Eggenstein-Leopo;721670
Leopoldshafen Leopoldstraße;8007174
Leopoldshafen Leopoldstraße/B36 Eggenstein-Leopol;421590
Leopoldshafen Viermorgen Eggenstein-Leopoldshafen;721674
Leopoldstal;8003655
Leopoldstal Bahnhof Horn-Bad Meinberg;924955
Leschede;8003656
Leschede Bahnhof Emsbüren;608017
Lessingstraße Karlsruhe;364507
Letmathe;8000227
Letmathe Bahnhof Iserlohn;879325
Letmathe Dechenhöhle;8003657
Letschin;8012205
Lette (Kr Coesfeld);8003658
Letter;8003659
Letter Bahnhof Seelze;638729
Leubingen;8012207
Leubsdorf (Rhein);8003660
Leubsdorf (Sachs);8012208
Leun/Braunfels;8001132
Leuna Werke Nord;8012211
Leuna Werke Süd;8012212
Leussow Mirow;365717
Leutenberg;8012213
Leuterschach;8003663
Leutershausen-Wiedersbach;8003664
Leutesdorf (Rhein);8003665
Leuthen (Cottbus);8012215
Leutkirch;8000336
Leutkirch Busbahnhof;490138
Leverkusen Mitte;8006713
Leverkusen-Küppersteg;8003668
Leverkusen-Rheindorf;8003672
Leverkusen-Schlebusch;8003669
Liblar Bahnhof Erftstadt;446327
Lich (Oberhess);8003673
Lichtenberg (Erzgeb);8012220
Lichtenfels;8000228
Lichtenfels Bahnhof;8089335
Lichtenhagen Rostock;939485
Lichtenhain Bergbahn Schwarzatal;690135
Lichtenhain an der Bergbahn;8012222
Lichtenstein (Sachs);8012223
Lichtenstein Ernst-Schneller-Siedlung;8017404
Lichtenstein Gewerbegebiet;8017405
Lichtenstein Hartensteiner Straße;8017406
Lichtentanne (Sachs);8012224
Lichtentanne (Thür);8012225
Lichtentanne Bahnhof Leutenberg;691558
Lichtenthal;8003676
Lichtenthal Bahnhof Zwiesel;840857
Liebenau (Bz Kassel);8003677
Liebenthal (Prignitz);8012226
Liebknechtpark Beelitz (Mark);735667
Lieblos;8003681
Lieblos Bahnhof Gründau;111153
Liederbach;8007159
Liederbach-Süd;8070041
Liessow Breesener Chaussee;8071255
Liessow Breesener Chaussee Laage;935911
Lietzow (Rügen);8010210
Lietzow B96;8079744
Limbach (Vogtl);8012231
Limbach (Vogtl) Markt;8070845
Limbach (b Homburg Saar);8003684
Limbach Bahnhof Schwabach;683134
Limburg (Lahn);8000229
Limburg (Lahn) Bahnhof/Südseite;8070272
Limburg (Lahn) Eisenbahnstraße;8071534
Limburg Süd;8003680
Limburg Süd (ICE-Bhf);100278
Limburg Süd ICE-Bahnhof;8070273
Limburg an der Lahn ZOB Süd;116176
Limburgerhof;8003687
Limes Bahnhof Schwalbach am Taunus;102243
Limmritz (Sachs);8012232
Limmritz (Sachsen) Am Bahnhof Döbeln;961898
Linda (Elster);8012233
Linda (Elster) Ort;8071787
Linda Bahnübergang Jessen (Elster);954003
Lindach;8003690
Lindach Bahnhof Eberbach;507923
Lindau;8096026
Lindau Hafen;8070230
Lindau Insel (Bahnhofplatz);8081962
Lindau-Aeschach;8003692
Lindau-Insel Hbf;8000230
Lindau-Reutin;8003693
Lindau-Reutin (Berliner Platz);8081061
Linden Fischerhof Hannover;617081
LindenArcaden Lübeck;697342
Lindenberg (Mark);8012237
Lindenberg Bahnhof Tauche;278210
Lindenholzhausen;8003696
Lindenstraße Bempflingen;555396
Lindenstraße Brieskow-Finkenheerd;740655
Lindern;8003697
Lindern Bahnhof (Bus) Geilenkirchen;268046
Lindheim Friedhof Altenstadt (Hessen);106508
Lindhorst (Schaumb-Lippe);8003699
Lindow (Mark);8012239
Lindwedel;8003700
Lingen (Ems);8003701
Lingenfeld;8003702
Linkenheim Friedrichstraße Linkenheim-Hochstetten;721697
Linkenheim Rathaus;8079018
Linkenheim Schulzentrum Linkenheim-Hochstetten;721699
Linkenheim Süd Linkenheim-Hochstetten;721700
Linn Bahnhof Krefeld;371061
Linnich Bhf;8007803
Linnich-Tetz;8007806
Linsburg;8003705
Linsenhofen;8007447
Linsenhofen Frickenhausen (Württ);204433
Linsenhofen Neuffener Straße Frickenhausen (Württ;555099
Linz (Rhein);8003708
Linz (Rhein) KD;8075947
Lipova u Chebu;5401772
Lippendorf Kraftwerk/Wendestelle;8071420
Lippendorf Kraftwerk/Wendestelle Neukieritzsch;957457
Lippstadt;8000571
Lispenhausen;8003711
Lispenhausen Zur Wasserburg;8071218
Lispenhausen Zur Wasserburg Rotenburg a d Fulda;712868
Lissendorf;8003713
List (Sylt);8070035
List (Sylt) Alte Bahnhofstraße;8079161
List (Sylt) Dünenstraße;8079163
List Fähre;8084103
List Mellhörn;8079164
List Mövengrund;8079194
List Schule;8079160
List Süderhörn;8079165
List am Brünk;8079162
Listerscheid;8003715
Listerscheid Ort Attendorn;410890
Lobstädt;8012241
Lobstädt Bahnhof (Bus) Neukieritzsch;200158
Lochham;8003720
Lochham Bahnhof Gräfelfing;624837
Lochhausen (Nordseite) München;624840
Lochhausen (Südseite) München;624839
Lochhausen München;377810
Lohgarten-Roth;8003734
Lohhof;8003735
Lohhof Bahnhof (Südseite) Unterschleißheim;625561
Lohmen;8012249
Lohne (Oldb);8003738
Lohnweiler;8003739
Lohr Bahnhof;8003740
Lohrsdorf Greener Weg Bad Neuenahr-Ahrweiler;367558
Lohsa;8012250
Lohsa Ziegelteich;8070835
Loitsch Weida;262817
Loitsch-Hohenleuben;8012252
Lokalbahnhof Frankfurt a M;100907
Lokalbahnhof/Darmstädter Landstr Frankfurt a M;103476
Lokalbahnhof/Hedderichstraße Frankfurt a M;103471
Lokalbahnhof/Textorstraße Frankfurt a M;100906
Lollar;8000234
Longerich S-Bahn Köln;445684
Lonsee;8003748
Loppenhausen;8003749
Lorch (Rhein);8003751
Lorch (Rhein) KD;8075965
Lorch (Württ);8003752
Lorchhausen;8003753
Lorenzkirch Fährstelle Zeithain;975180
Lorsbach;8003754
Lorsch;8003755
Lottschesee;8012255
Lottstetten;8503420
Louisa Bahnhof Frankfurt a M;102799
Loxstedt;8003760
Loßburg-Rodt;8003758
Lubolz;8012257
Lubolz Lübbener Straße;8079745
Luckaitztal;8012897
Luckaitztal Buchwäldchen Ortsmitte;8079746
Luckaitztal Muckwar Gasthaus;8079747
Luckau Busbahnhof;8071041
Luckau-Uckro;8010353
Luckenau;8012259
Luckenau Bahnhof (Bus) Zeitz;958527
Luckenwalde;8012260
Luckenwalde Bahnhof (Berliner Platz);8071197
Ludersheim;8003762
Ludwigsau-Friedlos;8002103
Ludwigsau-Friedlos Raiffeisenbank;8071209
Ludwigsburg;8000235
Ludwigsburg (Württ);367402
Ludwigschorgast;8003763
Ludwigsfelde;8010215
Ludwigsfelde-Struveshof;8012253
Ludwigshafen (Bodensee);8003764
Ludwigshafen (Rh) Hbf;8000236
Ludwigshafen (Rhein) BASF Mitte;8000308
Ludwigshafen (Rhein) BASF Nord;8087060
Ludwigshafen (Rhein) BASF Süd;8002056
Ludwigshafen (Rhein) Mitte;8003759
Ludwigshafen BASF Süd (Tor 7/Tor 1);8071795
Ludwigshafen Bahnhof Bodman-Ludwigshafen;501493
Ludwigshafen-Mundenheim;8003765
Ludwigshafen-Oggersheim;8003766
Ludwigshafen-Oggersheim RHB;8007577
Ludwigshafen-Rheingönheim;8003767
Ludwigshöhe;8003768
Ludwigslust;8010216
Ludwigsstadt;8003770
Ludwigsthal;8003771
Lugstraße Herzberg (Elster);741529
Luhe;8003794
Luhe-Wildenau;8003795
Luisenbrücke Saarbrücken;839407
Luisenthal (Saar);8003796
Lunden;8003798
Lunestedt;8003799
Lunestedt Bahnhof Beverstedt;613229
Lustnau Bahnhof Tübingen;751158
Lutherplatz Kassel;715535
Lutherstadt Eisleben;8012279
Lutherstadt Wittenb-Piesteritz;8012282
Lutherstadt Wittenberg;8010222
Lutherstadt Wittenberg Altstadt;8012280
Lutherstadt Wittenberg West;8012281
Lutherstadt Wittenberg-Labetz;8013275
Lutten;8003800
Lutten Bahnhof Goldenstedt;157171
Lutterberg Göttinger Straße;8071092
Lutterberg Göttinger Straße Staufenberg (Niedersa;710001
Lutterberg Kirchstraße;8071093
Lutterberg Kirchstraße Staufenberg (Niedersachsen;714709
Lutum;8003804
Luzenberg Mannheim;518317
Luzenberg Ost Mannheim;508674
Löbau (Sachs);8010212
Löcherberg;8003721
Löcherberg Pflug Oppenau;571428
Löcknitz;8010213
Lödingsen;8003722
Lödingsen Bahnhof Adelebsen;351923
Lödingsen Gartenstraße;8071874
Lödingsen Gartenstraße Adelebsen;351921
Lödingsen Lindenallee;8071872
Löf;8003723
Löffingen;8003724
Löhnberg;8003726
Löhne (Westf);8000233
Löningen EFH;8070474
Lörrach Dammstraße;8003736
Lörrach Gbf ARZ;8073729
Lörrach Hbf;8003729
Lörrach Museum/Burghof;8003737
Lörrach Schwarzwaldstraße;8003743
Lörrach-Brombach/Hauingen;8001191
Lörrach-Haagen/Messe;8002489
Lörrach-Stetten;8003730
Lörzenbach Bahnhof Fürth (Odenwald);508061
Lörzenbach-Fahrenbach;8003731
Löttringhausen Dortmund;652289
Lövenich;8003732
Lövenich Bahnhof Köln;444006
Löwen Kuchen;810406
Löwenberg (Mark);8010214
Löwenberg Bahnhof Löwenberger Land;734065
Löwental;8003733
Lößnitz ob Bf;8012245
Lößnitz unt Bf;8012246
Lößnitzgrund;8012247
Lübbecke (Westf);8003772
Lübben (Spreewald);8010217
Lübbenau (Spreewald);8010220
Lübberstedt;8003773
Lübeck Alexander-Fleming-Straße;8071067
Lübeck Flughafen;8003781
Lübeck Hbf;8000237
Lübeck Hbf (Am Retteich);8089404
Lübeck Hochschulstadtteil;8003785
Lübeck St. Jürgen;8003774
Lübeck-Dänischburg Grenzweg;8070940
Lübeck-Dänischburg IKEA;8003786
Lübeck-Kücknitz;8003776
Lübeck-Travemünde Hafen;8003777
Lübeck-Travemünde Skandinavienkai;8006704
Lübeck-Travemünde Strand;8003778
Lüblow (Meckl);8012262
Lüblow Ortsmitte;8070980
Lübs (Magdeburg);8012263
Lübstorf;8012264
Lübstorf Schule;8071524
Lübz;8012265
Lüchtringen;8003780
Lüchtringen Bahnhof Höxter;357141
Lüdenscheid;8003782
Lüdersdorf (Meckl);8012268
Lüdinghausen;8003783
Lügde;8003784
Lüneburg;8000238
Lünen Hbf;8000239
Lünern;8003788
Lünern Bahnhof Unna;905777
Lürrip S-Bahnhof Mönchengladbach;660115
Lüssow (Meckl);8012269
Lüssow Ortsmitte;8079748
Lütgendortmund S-Bahnhof Dortmund;652299
Lütten Klein Zentrum Rostock;100088
Lütter;8003790
Lütter Rhönstraße;8071382
Lüttringhausen Bahnhof (Barmer Str) Remscheid;658308
Lüttringhausen Bahnhof (Beyenb Str) Remscheid;658398
Lüttringhausen Bahnhof (Schleife) Remscheid;658397
Lützel;8003791
Lützel Balduinbrücke Koblenz;455005
Lützelsachsen;8003792
Lützelsachsen Bahnhof Weinheim;510894
Lützow;8012274
Lützow Gadebuscher Straße;8079436
Maasbüll (b Niebüll);8079021
Machern (Sachs);8012284
Magdeburg Hasselbachplatz;8080660
Magdeburg Hbf;8010224
Magdeburg Herrenkrug;8013455
Magdeburg SKET Industriepark;8013485
Magdeburg Sudenburg;8012292
Magdeburg Südost;8012287
Magdeburg-Buckau;8013456
Magdeburg-Eichenweiler;8012289
Magdeburg-Neustadt;8010226
Magdeburg-Rothensee;8010086
Magdeburg-Salbke;8012291
Magstadt;8003807
Mahlow;8080970
Mahlwinkel;8012295
Mahlwinkel S-Bahnhof (Bus) Angern;958944
Maichingen;8003808
Maichingen Bahnhof Sindelfingen;555881
Maichingen Nord;8003834
Maichingen Nord Sindelfingen;555928
Maihälden Pforzheim;225104
Maikammer-Kirrweiler;8003809
Mainaschaff;8003810
Mainau (Bodensee);8079007
Mainhausen Zellhausen;8006646
Mainkur Bahnhof Frankfurt a M;102599
Mainleus;8003813
Mainroth;8003814
Mainroth Ortsmitte Burgkunstadt;127554
Maintal Ost;8002877
Maintal Ost Bahnhof;104599
Maintal West;8000996
Maintal-West Bahnhof;372504
Mainz Hbf;8000240
Mainz KD;8075972
Mainz Nord;8003815
Mainz Römisches Theater;8003816
Mainz-Bischofsheim;8000241
Mainz-Bischofsheim Bahnhof Bischofsheim b Rüssels;106999
Mainz-Gonsenheim;8003817
Mainz-Gustavsburg;8003818
Mainz-Gustavsburg Bahnhof Ginsheim-Gustavsburg;101727
Mainz-Kastel;8000615
Mainz-Kastel Bahnhof Wiesbaden;405184
Mainz-Laubenheim;8003819
Mainz-Marienborn;8003820
Mainz-Mombach;8003821
Maisach;8003824
Malchin;8010227
Malching (Oberbay);8003828
Malching Bahnhof Maisach;106150
Malchow (Meckl);8012296
Malchow Krebssee;8087006
Mallersdorf;8003830
Mallersdorf Bahnhof Mallersdorf-Pfaffenberg;541549
Malmsheim;8003831
Malmsheim Calwer Straße Renningen;556200
Malsch;8003832
Malsch Bahnhof (Industriegebiet);8071187
Malsch Süd;8003833
Malsfeld;8000243
Malsfeld-Beiseförth;8000859
Malsfeld-Beiseförth Mühlenplatz;8071983
Malter;8012298
Malterdingen Bahnhof Ostseite Riegel am Kaiserstu;376290
Malterdingen Bahnhof Riegel am Kaiserstuhl;499623
Mammendorf;8004204
Mammern (Bodensee);8506137
Mammern URh;8506155
Mandern;8003836
Mandern Bahnhof Bad Wildungen;715867
Manebach;8012299
Manebach Bahnhof Ilmenau;994128
Manfort Bahnhof Leverkusen;442997
Manndorf;8003839
Mannenbach URh;8506160
Mannheim ARENA/Maimarkt;8003841
Mannheim Handelshafen;8006508
Mannheim Hbf;8000244
Mannheim Hbf (busbf);8070044
Mannheim-Friedrichsfeld;8000631
Mannheim-Friedrichsfeld Süd;8003842
Mannheim-Käfertal;8003843
Mannheim-Luzenberg;8006509
Mannheim-Neckarau;8003844
Mannheim-Neckarstadt;8006511
Mannheim-Rheinau;8003845
Mannheim-Seckenheim;8003847
Mannheim-Waldhof;8003848
Mansfeld (Südharz);8012300
Mantel Bruchsal;720419
Marbach (Neckar);8003853
Marbach (b Münsingen);8070481
Marbach Bahnhof Gomadingen;751168
Marbach Gasthaus Linde Villingen-Schwenningen;500724
Marbach Ost (Villingen-Schwenningen);8003857
Marbach West (Villingen-Schwenningen);8003854
Marbach-Grafeneck;8003851
Marbeck Bahnhof Marbeck-Heiden Borken (Westf);905796
Marbeck-Heiden;8003855
Marburg (Lahn);8000337
Marburg Süd;8003856
Margaretenhof Schwerin (Meckl);320167
Margertshausen Bf;8003858
Maria Rain;8003859
Maria Veen;8003860
Maria Veen Bahnhof Reken;905799
Mariadorf Alter Bahnhof/Hp Mariadorf (Bus) Alsdor;268090
Marienberg (Sachs);8012301
Marienborn;8012302
Marienborn Bahnhof (Bus) Sommersdorf (Börde);954736
Marienborn Bahnhof Mainz;104429
Marienfeld (Westf);8007636
Marienhafe;8003866
Marienhafe Bahnhof;8073866
Marienheide;8070483
Marienplatz (Hl-Geist-Kirche) München;363147
Marienplatz (Theatinerstraße) München;639086
Marienplatz München;624886
Marienthal Trotzenberg Bad Neuenahr-Ahrweiler;459959
Markdorf (Baden);8003871
Marke;8012305
Marke Ort;8071178
Marke Ort Raguhn-Jeßnitz;959916
Marke S-Bahnhof (Bus) Raguhn-Jeßnitz;956319
Markelfingen;8003872
Markelfingen Radolfzeller Straße Radolfzell am Bo;501518
Markelsheim;8003873
Markelsheim Bahnhof Bad Mergentheim;376041
Markersbach (Erzgeb);8012306
Markkleeberg;8012308
Markkleeberg Mitte;8012309
Markkleeberg Nord;8012304
Markkleeberg-Großstädteln;8010228
Markneukirchen Sächsischer Hof;8071301
Markranstädt;8012311
Marksuhl;8012312
Markt Bibart;8003876
Markt Erlbach;8003878
Markt Erlbach Bahnhof;8071323
Markt Erlbach-Eschenbach Bahnhof;8071315
Markt Indersdorf;8003072
Markt Leipzig;954639
Markt Schwaben;8003879
Marktbreit;8003881
Marktl;8003883
Marktleuthen;8003884
Marktoberdorf;8003885
Marktoberdorf Schule;8003877
Marktplatz (Kaiserstraße U) Karlsruhe;121003
Marktplatz (Pyramide U) Karlsruhe;141011
Marktplatz S-Bahn Offenbach am Main;371265
Marktplatz Salach;810532
Marktplatz Sulzbach an der Murr;561113
Marktredwitz;8000247
Marktschorgast;8003887
Markushof Bad Bellingen;499551
Marl Mitte;8003888
Marl Mitte Marl (Westf);657275
Marl-Hamm;8003890
Marl-Sinsen;8003891
Marlishausen;8012314
Marlishausen (Bushaltestelle) Arnstadt;645723
Marnheim;8003893
Marquardt;8012315
Marquardt Schule;8089143
Marriott Heidelberg;201156
Marsberg;8003896
Marstetten Bahnhof Aitrach;490179
Marstetten-Aitrach;8003897
Marten Bahnhof Dortmund;652307
Marten Südbahnhof Dortmund;652308
Martensdorf;8012316
Martensdorf B105;8087033
Martensdorf B105 Niepars;325413
Martinlamitz;8003898
Martinroda;8012317
Martinroda Ort;8070931
Martinstein;8003899
Martinszell (Allgäu);8003901
Marxgrün;8003903
Marxgrün Abzw Bahnhof Naila;546312
Marxzell;8007009
Marzling;8003905
Maschen;8003906
Maselheim;8079119
Massen;8003909
Massen Bahnhof Unna;903628
Massing;8003910
Mathystraße Karlsruhe;367062
Matzing;8003912
Maubach;8003913
Maubach Backnang;561511
Maubach Wiener Straße Backnang;562300
Mauer (b Heidelberg);8003915
Maulbronn Stadt;8003918
Maulbronn West;8087080
Maulburg;8003920
Mausheim;8003921
Mausheim Abzw Beratzhausen;675226
Mauthaus;8070804
Max-Brauer-Allee (Mitte) Hamburg;692518
Max-Planck-Straße Neuffen;557973
Maxau;8084068
Maxhütte-Haidhof;8003922
Maximilian Park;8070484
Maximiliansau Eisenbahnstraße;8003923
Maximiliansau Eisenbahnstraße Wörth am Rhein;508244
Maximiliansau West;8084067
Maximiliansau West Wörth am Rhein;720297
Maximiliansau-Im Rüsten;8003911
Mayen Ost;8000248
Mayen West;8003924
Mayschoß;8003926
Mechernich;8003927
Mechterstädt;8012320
Meckelfeld;8003929
Meckelfeld Bahnhof Meckelfeld Seevetal;610807
Meckenbeuren;8003930
Meckenheim (Bz Köln);8003931
Meckenheim (Rheinl) Bahnhof Meckenheim (Rheinland;458898
Meckenheim Industriepark;8003937
Meckesheim;8003932
Mecklenbeck Bahnhof Münster (Westf);364441
Mecklenburger Allee Rostock;936304
Medewitz (Mark);8012322
Medienstadt Babelsberg Bahnhof Potsdam;736086
Meeder;8003938
Meerane;8012323
Meerbusch-Osterath;8004694
Meersburg (Bodensee);8006741
Meeschensee;8079026
Mehlem Bahnhof Bonn;459847
Mehltheuer;8010229
Mehltheuer Leubnitzer Straße;8071528
Mehltheuer Schleizer Str Rosenbach/Vogtl;967123
Mehrhoog;8003943
Mehrhoog Bahnhof Hamminkeln;137030
Meiderich Bahnhof Duisburg;916056
Meiderich Ostbahnhof Duisburg;652970
Meiderich Südbahnhof Duisburg;652972
Meierei Witzwort;695467
Meine;8003947
Meinersdorf (Erzgeb);8012324
Meinersdorf Bahnhof Burkhardtsdorf;982827
Meinersen;8003949
Meinerzhagen;8003950
Meiningen;8010230
Meinsdorf;8010231
Meitingen;8003952
Meitzendorf;8012328
Meitzendorf Bahnhof (Bus) Barleben;962208
Meißen;8012326
Meißen Altstadt;8012318
Meißen Triebischtal;8012327
Meißen Triebischtal Karl-Niesner-Straße;8070839
Melbach;8003953
Melchow;8012329
Melchow Bahnübergang;8079639
Meldorf;8003954
Melle;8003956
Mellenbach-Glasbach;8012330
Mellenbach-Glasbach (Bushaltestelle) Schwarzatal;691268
Mellendorf;8003957
Mellendorf Bahnhof Wedemark;638736
Mellingen (Thür);8012332
Mellrichstadt Bf;8003959
Melsdorf;8003960
Melsungen;8003961
Melsungen Bartenwetzerbrücke;8003971
Melsungen-Röhrenfurth;8005125
Melsungen-Röhrenfurth Mitte;8071119
Memmingen;8000249
Memmingen Bahnhof;8089303
Menden (Rheinl);8003966
Menden (Sauerland);8003967
Menden (Sauerland) Süd;8003965
Menden Bahnhof Sankt Augustin;442506
Mendig;8004393
Mengede Bahnhof Dortmund;364343
Mengen;8003969
Mengeringhausen;8003970
Mengersgereuth-Hämmern;8012333
Mengersgereuth-Hämmern Bahnhof Frankenblick;210123
Mengersgereuth-Hämmern Ost;8012334
Menningen-Leitishofen;8077779
Menzingen (Baden);8007145
Menzingen (Baden) Bahnhof Kraichtal;724313
Meppen;8003978
Mercedes-Benz Werk Gaggenau;132158
Merching;8003979
Merchweiler;8003980
Mering;8003982
Mering-St Afra;8004008
Merklingen - Schwäbische Alb;8003983
Merkstein August-Schmidt-Platz (Bus) Herzogenrath;267211
Mersch (Westf);8003986
Mersch Bahnhof Drensteinfurt;902454
Merseburg;8010232
Merseburg Bergmannsring;8012339
Merseburg Elisabethhöhe;8012338
Merten (Sieg);8003987
Mertendorf Ort;8070817
Mertesheim;8003988
Mertingen Bahnhof;8003989
Merzenich;8003990
Merzig (Saar);8003992
Merzig (Saar) Stadtmitte;8003991
Mesch Neue Mühle;8070734
Meschede;8003993
Messe DB Augsburg (Bayern);782032
Messegelände/ICC Berlin;731078
Messel;8003996
Messestadt Ost München;624449
Messinghausen;8003998
Messinghausen Bahnhof Brilon;413135
Mesum Bahnhof Rheine;904228
Mesum Kath Kirche Rheine;906304
Metelen Land;8004001
Methler Bahnhof Kamen;902845
Mettenheim;8004003
Mettenheim Rathaus;8070872
Mettingen Bahnhof (Trollingerweg) Esslingen am Ne;203993
Mettingen Bahnhof Esslingen am Neckar;361801
Mettlach;8004004
Mettmann Stadtwald;8004005
Mettmann Zentrum;8004007
Metzingen (Württ);8004009
Metzingen-Neuhausen;8070678
Meuselbach-Schwarzmühle;8012346
Meyenburg;8012348
Meßdorf;8012342
Meßkirch;8077778
Michelau (Oberfr);8004011
Michelau (Württ);8007194
Michelaubrück;8004013
Michelbach (Ufr) Bahnhof Alzenau i UFr;425888
Michelbach (Unterfr);8007277
Michelbach (Unterfr) Herrnmühle;8070165
Michelbach Bahnhof SEV Alzenau i UFr;362103
Michelstadt;8004017
Michendorf;8010233
Miedelsbach Steinenberg Schorndorf (Württ);365790
Miedelsbach-Steinenberg;8007193
Mierendorf;8012350
Miesbach;8004019
Miesenbach;8007482
Miesenheim;8004020
Mieste;8012351
Mieste Bahnhof (Bus) Gardelegen;958157
Miesterhorst;8012352
Miesterhorst Bahnhof (Bus) Gardelegen;958268
Millingen (b Rees);8004024
Millingen (b Rheinb);8004023
Millingen Bahnhof Rees;588005
Millingen Bahnhof Rheinberg;662063
Millrath S-Bahnhof Erkrath;663471
Millrath S-Bahnhof/Feldstraße Erkrath;665182
Millrath S/Feldstraße Erkrath;219774
Milmersdorf;8012353
Miltach;8004026
Miltenberg;8000640
Miltern;8012354
Miltitz-Roitzschen;8012356
Miltzow;8012358
Miltzow Bahnhof Sundhagen;325619
Milzau;8012359
Mimberg;8004028
Mindelaltheim;8004030
Mindelaltheim Bahnhof Dürrlauingen;780987
Mindelheim;8000338
Minden (Westf);8000252
Mingolsheim Bad Schönborn-Kronau Bahnhof Bad Schö;723853
Mining;8100478
Mining Bahnhof (Vorplatz);8174340
Mirow;8012361
Mistorf;8012362
Mistorf Ort;8079749
Mittel Gründau;8004037
Mittelheim Bahnhof/Altersheim Oestrich-Winkel;118356
Mittelheim Bahnhof/Weinheimer Str Oestrich-Winke;103159
Mittelherwigsdorf;8010234
Mittelherwigsdorf Gütchen;8071714
Mittelndorf;8012365
Mitteloelsnitz;8012366
Mittelschmalkalden;8012367
Mittelsinn;8004040
Mittenwald;8004043
Mittenwald (Gr);8004044
Mitterfelden Abzw B20 Ainring;592376
Mittergars;8004046
Mittweida;8012369
Mixdorf;8012370
Mochenwangen;8004049
Mockau Post Leipzig;956620
Mockrehna;8012371
Moers;8000644
Moidentin;8012384
Moidentin Dorf;8071763
Moidentin Dorf Dorf Mecklenburg;321671
Mole Dagebüll;696119
Molenturm Überseestadt (Fähranleger) Bremen;367430
Moltkestraße/Städt Klinikum Karlsruhe;371101
Mombach Bahnhof Mainz;702021
Monbach-Neuhausen;8004077
Monbachtal Bad Liebenzell;828413
Monreal;8004078
Monschau;8079067
Monsheim;8000663
Montabaur;8000667
Monzingen;8004080
Moorbekhalle;8079023
Moosach München;200300
Moosbachtal;8079265
Moosburg;8004084
Moosburg a d Isar;626098
Moosleite/Bahnhof Peißenberg;592322
Moosrain;8007630
Moosrain Ort Gmund a Tegernsee;592910
Morellstraße Augsburg (Bayern);364538
Moritzburg;8012387
Moritzhof Chemnitz;982270
Morlesau;8004090
Morsum;8004093
Morsum Bahnhof;8007777
Morsum Kleinmorsum;8084105
Morsum Skellinghörn;8079166
Mosbach (Baden);8004094
Mosbach West;8004095
Mosbach-Neckarelz;8000264
Mosel;8012388
Mosel Bahnhof Zwickau;352388
Moselkern;8004096
Moselkern KD;8075981
Motzen Fähranleger Berne;378961
Muckwar Gasthaus Luckaitztal;741060
Mudersbach;8004099
Muggendorf;8070493
Muggensturm;8004178
Muggensturm Badesee;8004192
Muggensturm Bahnhofstraße;8071782
Muhr am See;8000534
Mulda (Sachs);8012407
Muldenberg;8013486
Muldenberg Floßplatz;8000273
Muldenberg Floßplatz Grünbach;967424
Muldenhütten;8012408
Muldenhütten Hilbersdorf Gasthof;8071312
Muldenstein;8012409
Muldenstein S-Bahnhof (Bus) Muldestausee;962291
Mulsum Bahnhof Kutenholz;598565
Mulsum-Essel;8007809
Mundenheim Bahnhof Ludwigshafen am Rhein;518251
Munderkingen;8004182
Mundingen B3 Emmendingen;500077
Munkmarsch Hafen;8084104
Munkmarsch Mitte;8079168
Munster (Örtze);8004183
Muntigl;8100578
Murg (Baden);8004184
Murnau;8004185
Murnau Ort;8004186
Murnau a Staffelsee Ort;362927
Murrhardt;8004188
Museum/Arena SEV Sinsheim;422219
Museum/Arena Sinsheim;203558
Mußbach;8004189
Mägdesprung;8017015
Mägdesprung (Bus) Harzgerode;954882
Mägdesprung Drahtzug (Bus) Harzgerode;955825
Mägerkingen;8070480
Mägerkingen Kirche Trochtelfingen;751270
Märkische Allee Süd Großbeeren;727886
Möbeldorf Cottbus;742998
Möckmühl;8004050
Mögeldorf Bahnhof Nürnberg;682674
Mögelin;8012373
Mögelin Bahnhof Premnitz;735782
Mögglingen (Gmünd);8004053
Möhringen Bahnhof;8004068
Möhringen Bahnhof Tuttlingen;498265
Möhringen Rathaus;8004067
Möllerbrücke Dortmund;652336
Mölln (Lauenb);8004057
Mölln (Meckl);8012376
Möllner Straße Rostock;939513
Möltenort (Fähre) Heikendorf;360907
Mömbris-Mensengesäß;8007279
Mömbris-Strötzbach;8070166
Mönchehof Bahnhof Espenau;710154
Mönchehof Mönchshaus Espenau;711230
Mönchengladbach Hbf;8000253
Mönchengladbach-Genhausen;8004061
Mönchengladbach-Lürrip;8001745
Mönchengladbach-Rheindahlen;8004063
Mönchhagen;8012377
Mönchhagen (Bus);935962
Mönchhagen B105/Oberdorf/Unterdorf;8079750
Mönchröden;8004064
Mönchröden Bahnhof Rödental;363082
Mönkeberg (Fähre);360905
Mörfelden;8004065
Mörfelden Bahnhof Mörfelden-Walldorf;104899
Möringen (Altm);8012378
Möringen (Altmark) Bahnhof (Bus) Stendal;958650
Mörlenbach;8004066
Mörsch Am Hang Rheinstetten;374900
Mörsch Bach-West Rheinstetten;361181
Mörsch Merkurstraße Rheinstetten;361920
Mörsch Narzissenstraße Rheinstetten;367217
Mörsch Rheinaustraße Rheinstetten;373219
Mörsch Römerstraße Rheinstetten;361818
Mörsch Rösselsbrünnle Rheinstetten;372215
Möser;8012381
Möskental;8079167
Mössingen;8004070
Möttingen;8004071
Mücheln (Geiseltal);8012390
Mücheln (Geiseltal) Stadt;8012392
Mücka;8012391
Mücka Schule;8070832
Mücke (Hess);8004100
Müden (Mosel);8004101
Mügeln Bf;8070695
Mügeln Stadt;8070696
Müggelbergallee Berlin;733380
Müggelhort Berlin;733428
Müggelwerderweg Berlin;733488
Mühlacker;8000339
Mühlacker Rößlesweg;8004103
Mühlacker Steuler;8071416
Mühlackerstraße/Kurl Bahnhof Dortmund;652337
Mühlanger;8012393
Mühlbach (Pirna);8012394
Mühlbach Bahnhof Müglitztal;373144
Mühlberg Frankfurt a M;100903
Mühlburg West Karlsruhe;300103
Mühlburger Feld Karlsruhe;370503
Mühlburger Tor Karlsruhe;363449
Mühldorf (Oberbay);8000258
Mühle Zarrendorf;325451
Mühlen (Oldb);8004105
Mühlen (b Horb);8004104
Mühlen Bahnhof Horb am Neckar;494387
Mühlen Bahnhof Steinfeld (Oldenburg);163459
Mühlen Rathaus Horb am Neckar;815295
Mühlenbeck-Mönchmühle;8080980
Mühlener Bahnhof (Bus) Stolberg (Rhld);589489
Mühlenweg Bredenbek;698271
Mühlhausen (Thür);8010235
Mühlhausen (b Engen);8004107
Mühlhausen (b Engen) Rathaus;8074107
Mühlhausen Bahnhof/Brücke Mühlhausen-Ehingen;501632
Mühlhausen Bahnhof/Weidenstr Mühlhausen-Ehingen;504636
Mühlheim (Main);8004112
Mühlheim (Main) Dietesheim;8070088
Mühlheim (b Tuttlingen);8004111
Mühlstetten;8004115
Mühlstetten Bahnhof Röttenbach b Schwabach;683157
Mühlstetten Bahnhof Stirner Str Röttenbach b Sch;682551
Mühlstr Blankenbach;426097
Mühltal;8004350
Mühringen;8070494
Mülheim (Ruhr) Hbf;8000259
Mülheim (Ruhr) Styrum;8000687
Mülheim (Ruhr) West;8004122
Mülheim Bahnhof Köln;441303
Mülheim Wiener Platz Köln;444017
Müllheim (Baden);8004124
Müllrose;8012400
Mülmischtal Körle;712925
Münchberg;8004126
Müncheberg (Mark);8010236
Münchehof (Harz);8004127
München (Bad Berka);8012401
München B87 Bad Berka;646179
München Donnersbergerbrücke;8004128
München Flughafen Besucherpark;8004167
München Flughafen Besucherpark Bahnhof;8077708
München Flughafen Terminal;8004168
München Flughafen Terminal 1;8070786
München Flughafen Terminal 2;8070787
München Flughafen Terminal MVV;8077108
München Flughafen Terminal2 Ankunftebene Halt22;8071168
München Hackerbrücke;8004129
München Harras;8004130
München Hbf;8000261
München Hbf (tief);8098263
München Hbf Arnulfstraße;8070193
München Hbf Gleis 27-36;8098261
München Hbf Gleis 5-10;8098262
München Heimeranplatz;8005419
München Hirschgarten;8004179
München Isartor;8004131
München Karlsplatz;8004132
München Leienfelsstraße;8004133
München Lenbachplatz;8070934
München Leuchtenbergring;8004134
München Marienplatz;8004135
München Odeonsplatz;8070914
München Ost;8000262
München Ost Friedenstraße;8077577
München Rosenheimer Platz;8004136
München Siemenswerke;8004137
München St.-Martin-Straße;8004138
München ZOB (Hackerbrücke);8089317
München-Allach;8004140
München-Aubing;8004141
München-Berg am Laim;8004142
München-Daglfing;8004143
München-Englschalking;8004144
München-Fasanerie;8004145
München-Fasangarten;8004146
München-Feldmoching;8004147
München-Flughafen Flughafen Besucherpark Freising;302860
München-Freiham;8004181
München-Giesing;8004148
München-Johanneskirchen;8004149
München-Karlsfeld;8004150
München-Laim;8004151
München-Langwied;8004152
München-Lochhausen;8004153
München-Mittersendling;8004154
München-Moosach;8004155
München-Neuaubing;8004156
München-Neuperlach Süd;8006696
München-Obermenzing;8004157
München-Pasing;8004158
München-Perlach;8004159
München-Riem;8004160
München-Solln;8004161
München-Trudering;8004162
München-Untermenzing;8004139
München-Westkreuz;8004163
Münchhausen Bahnhof;8004164
Münchingen;8007325
Münchingen Friedhof Korntal-Münchingen;555347
Münchingen Korntal-Münchingen;557824
Münchingen Rührberg;8070220
Münchingen Stiegelplatz Korntal-Münchingen;557830
Münchingen Ziegeleistraße Korntal-Münchingen;557831
Münchsmünster;8004165
Münchweiler (Alsenz);8087062
Münchweiler (Rodalb);8004166
Müngersdorf Technologiepark S-Bahn Köln;442046
Münnerstadt;8004169
Münsingen;8070495
Münster (W) Zentrum Nord;8004173
Münster (Westf) Hbf;8000263
Münster (b Dieburg);8004171
Münster Stuttgart;560958
Münster-Albachten;8000462
Münster-Amelsbüren;8000569
Münster-Hiltrup;8002841
Münster-Häger;8004426
Münster-Mecklenbeck;8003934
Münster-Roxel;8004190
Münster-Sarmsheim;8004172
Münster-Sprakel;8005635
Münstertal (Schwarzwald);8007337
Münzesheim;8007142
Münzesheim Bahnhof Kraichtal;724320
Münzesheim Ost;8007146
Mürlenbach;8004174
Müssen;8004177
Nabburg;8004191
Nachterstedt-Hoym;8012410
Nack Fährensteg;8085935
Nackenheim;8004193
Nagold;8004196
Nagold Stadtmitte;8004201
Nagold-Iselshausen;8004202
Nagold-Steinberg;8004195
Naila;8004198
Namborn;8004199
Namedy;8004200
Nammen-Bad;8070497
Nannhofen Bahnhof Mammendorf;624969
Narsdorf;8010238
Nassau (Erzgeb);8012412
Nassau (Lahn);8004206
Nassenbeuren;8004207
Nassenheide;8012413
Nassenheide Bahnhof Löwenberger Land;733710
Nationalparkbahnhof Bad Schandau;973865
Natrup-Hagen;8004208
Natrup-Hagen Bahnhof Hagen am Teutoburger Wald;609109
Nauen;8010239
Nauendorf (Saalekreis) Bahnhof (Bus) Wettin-Löbej;961062
Nauendorf (Saalkr);8012414
Nauheim (Groß-Gerau);8004210
Naumburg (Saale) Hbf;8010240
Naumburg (Saale) Ost;8012415
Naumburg-Roßbach;8012429
Naundorf (b Oschatz);8070691
Naunhof;8012416
Naunhofer Str Leipzig;956093
Neanderthal;8004213
Neanderthal S-Bahnhof Mettmann;665797
Nebelberg Bahnhof Langdorf;542881
Nebitzschen;8070698
Nebra;8012417
Nechlin;8012418
Nechlin Bahnhof Uckerland;749505
Neckarau Bahnhof Mannheim;202481
Neckarau Fähre Mannheim;508492
Neckarbischofsheim Helmhof;8007435
Neckarbischofsheim Nord;8077434
Neckarbischofsheim Stadt;8007434
Neckarburken;8004215
Neckarelz Bahnhof Mosbach;144581
Neckargemünd;8000265
Neckargemünd Altstadt;8004217
Neckargemünd Schwimmbad/B37;8071678
Neckargerach;8004216
Neckarhausen bei Neckarsteinach;8004218
Neckarpark S-Bahnhof Stuttgart;556301
Neckarstadt West Mannheim;520135
Neckarsteinach;8004219
Neckarsulm;8004220
Neckarsulm Bahnhof West;8070923
Neckarsulm Mitte;8004232
Neckarsulm Mitte AUDI Forum;361608
Neckarsulm Nord;8004238
Neckarsulm Süd;8004226
Neckarturm Heilbronn;756088
Neckarzimmern;8004222
Neef;8004223
Neetze;8070499
Neetzendorf;8004227
Neetzka;8012421
Neheim-Hüsten;8004228
Neheim-Hüsten Bahnhof A/1 Arnsberg;902462
Neheim-Hüsten Bahnhof Arnsberg;902652
Neheim-Hüsten Bahnhof B/2 Arnsberg;902485
Nehren;8004229
Neidenfels;8079146
Neidenstein;8007441
Neinstedt;8012423
Neißemünde-Wellmitz Bahnhof;8079777
Nellmersbach;8004233
Nellmersbach Gewerbegebiet Leutenbach (Württ);555877
Nemmenich;8004234
Nemsdorf-Göhrendorf;8012424
Nemsdorf-Göhrendorf Verwaltung;8071885
Nendingen (b Tuttlingen);8004235
Nendingen Bahnhof Tuttlingen;501862
Nennhausen;8012425
Nennig;8004236
Nennigmühle;8012426
Nennigmühle Bahnhof Pockau-Lengefeld;981469
Nenzingen;8077772
Nenzingen Bahnhof Orsingen-Nenzingen;135154
Nersingen;8004239
Nesselwang;8004240
Nette/Oestrich Bahnhof Dortmund;652603
Nettersheim;8004242
Netzeband;8012428
Netzeband Kirche;8071864
Netzeband Kirche Temnitzquell;734512
Netzkater;8017016
Netzschkau;8012430
Netzschkau Markt;8070932
Neu Helgoland Berlin;733501
Neu Isenburg;8004246
Neu Neetze;8070500
Neu Pudagla;8017349
Neu Pudagla Ückeritz;124375
Neu St Jürgen Bahnhof Worpswede;604885
Neu St. Jürgen;8007120
Neu Wokern;8012436
Neu Wulmstorf;8004247
Neu-Anspach;8007850
Neu-Ulm;8006730
Neuaubing München;201730
Neubau Hornstorf;322011
Neubauernweg Chemnitz;982052
Neubeckum;8004251
Neubeckum Bahnhof Beckum;907216
Neuberesinchen Bahnhof/Bus Frankfurt (Oder);749823
Neubiberg;8004252
Neubrandenburg;8010241
Neubrandenburg ZOB;8089305
Neubrücke (Nahe);8004253
Neubrücke Bahnhof Hoppstädten-Weiersbach;407351
Neubukow;8012438
Neuburg (Donau);8004254
Neuburg (Kammel);8004256
Neuburg (Rhein);8004257
Neubäu;8004250
Neudenau;8004258
Neudenau Mitte;421028
Neudietendorf;8010242
Neudietendorf Bahnhof Nesse-Apfelstädt;645464
Neudorf (Erzgeb);8012442
Neudorf-Platendorf;8004260
Neue Schenke;8012443
Neue Schenke (Bushaltestelle) Zöllnitz;647168
Neuenburg (Baden);8089119
Neuenbürg (Enz);8004265
Neuenbürg (Enz) Eyachbrücke;8070278
Neuenbürg (Enz) Freibad;8070276
Neuenbürg (Enz) Süd;8004264
Neuendettelsau;8004268
Neuendorf (Hiddensee);8081010
Neuendorf Hafen Insel Hiddensee;952417
Neuenhagen (Berlin);8081020
Neuenhaus;8004262
Neuenhaus Süd;8004261
Neuenhaus-Süd Neuenhaus;613984
Neuenheim Campus Im Neuenheimer Feld Heidelberg;206144
Neuenheim Theodor-Heuss-Brücke Heidelberg;106741
Neuenkirchen (Oldb);8004271
Neuenmarkt-Wirsberg;8000267
Neuenrade;8004273
Neuenstein;8004276
Neuer Bahnhalt Heigenbrücken;466673
Neufahrn (Niederbay);8000688
Neufahrn (b Freising);8004279
Neuffen;8007448
Neufra (Hohenz);8007228
Neugersdorf;8012454
Neugersdorf Bahnhof Ebersbach-Neugersdorf;977519
Neugilching;8004249
Neugilching Bahnhof Gilching;625780
Neugraben Hamburg;377503
Neuharlingersiel;8007153
Neuharlingersiel Anleger;8076720
Neuhaus (Pegnitz);8004284
Neuhaus am Rennweg;8087081
Neuhaus-Igelshieb;8012452
Neuhausen (Cottbus);8012456
Neuhausen (b Landshut);8026358
Neuhausen Insel Metzingen;751351
Neuhausmühle;8071117
Neuhermsheim SAP Arena S-Bahnhof Mannheim;507436
Neuhof (Fähre) Hamburg;693407
Neuhof (Kr Fulda);8004295
Neuhof (b Zossen);8012458
Neuhof (b Zossen) Zum Wolziger See;8071036
Neuhof Bahnhof Zossen;145034
Neuhof Hamburg;693386
Neuhof Zehdenick;734170
Neuhofer Straße Heringsdorf (Usedom);332490
Neukieritzsch;8010243
Neukirch (Lausitz) Ost;8012460
Neukirch (Lausitz) West;8010400
Neukirchen (Inn);8004298
Neukirchen (Wyhratal) An der Schanze Borna;200169
Neukirchen (b Sulzb);8000269
Neukirchen Bahnhof Haunetal;712121
Neukirchen am Inn Bahnhof Neuburg a Inn;245247
Neukirchen-Klaffenbach;8012462
Neukirchen-Wyhra;8012463
Neukirchen-Wyhra An der Schanze;8071225
Neukloster (Kr Stade);8004302
Neukloster Bahnhof Buxtehude;611086
Neukloster Pfingstmarkt Buxtehude;616729
Neulußheim;8004304
Neumark (Sachs);8010244
Neumark (Sachs) Ladestraße;8071129
Neumarkt (Oberpf);8004305
Neumarkt-St Veit;8000720
Neumühle (Elster);8012465
Neumühle (Elster) Knottengrund;8071997
Neumühlen/Övelgönne Hamburg;895227
Neumünster;8000271
Neumünster Parkplatz Post;8071262
Neumünster Stadtwald;8007790
Neumünster Süd AKN;8007062
Neundorf (Anh);8012467
Neunhofen;8012468
Neunkirch;8004308
Neunkirchen (Kr Siegen);8004313
Neunkirchen (Saar) Hbf;8000272
Neunkirchen (Saar) Wellesweiler;8004312
Neunkirchen am Sand;8004310
Neuoelsnitz;8010245
Neuperlach Süd München;363610
Neupetershain;8012469
Neureut Adolf-Ehrmann-Bad Karlsruhe;721887
Neureut Bärenweg Karlsruhe;361111
Neureut Welschneureuter Straße Karlsruhe;361110
Neurochlitz Mescherin;740897
Neuruppin Rheinsberger Tor;8010175
Neuruppin West;8010246
Neusalza-Spremberg;8012470
Neuseddin Waldstr Seddiner See;735656
Neuses (b Kronach);8004319
Neuses Bahnhof Coburg;377141
Neuses Coburg;970022
Neusorg;8004321
Neuss Allerheiligen;8004335
Neuss Hbf;8000274
Neuss Hbf Theodor-Heuss-Platz Taxistände;8071233
Neuss Rheinparkcenter;8004316
Neuss Süd;8004317
Neuss Süd S;376105
Neuss am Kaiser;8004320
Neustadt (Aisch) Bahnhof;8004323
Neustadt (Aisch) Mitte;8004336
Neustadt (Donau);8004326
Neustadt (Dosse);8010248
Neustadt (Holst);8004327
Neustadt (Holst) Gbf;8099507
Neustadt (Kr Marburg);8004328
Neustadt (Orla);8012472
Neustadt (Sachs);8010249
Neustadt (Schwarzw);8004331
Neustadt (Waldnaab);8004332
Neustadt (Weinstr) Hbf;8000275
Neustadt (Weinstr) Hbf;8004306
Neustadt (b Coburg);8004325
Neustadt Bahnhof Kemnath;545381
Neustadt Bahnhof Titisee-Neustadt;420843
Neustadt Hohenacker Bahnhof Waiblingen;561444
Neustadt am Rübenberge;8004322
Neustadt an der Weinstraße Süd;509963
Neustadt-Böbig;8004489
Neustadt-Glewe;8012474
Neustadt-Hohenacker;8004333
Neustift (b Passau);8084074
Neustrelitz Hbf;8010250
Neusäß;8004318
Neusörnewitz;8012471
Neusörnewitz S-Bahnhof Coswig (Sachsen);979127
Neutrebbin;8012475
Neutrebbin Denkmal;8071726
Neutrebbin Wriezener Straße;8071725
Neuwied;8000276
Neuwied KD;8075951
Neuwiesenreben Ettlingen;378420
Neuwirtshaus (Porscheplatz);8004338
Neuzelle;8012479
Neuötting;8004315
Neuötting Bahnhof Eisenfelden Winhöring;544247
Neviges Markt/Bahnhof Velbert;365350
Neßmersiel Hafen;8070800
Nidda;8000277
Nidderau;8000158
Nidderau-Eichen;8001701
Nidderau-Windecken;8006465
Nideggen-Brück;8007825
Niebüll;8004343
Niebüll DB AutoZug SyltShuttle;8085311
Niebüll neg;8074343
Nied Bahnhof/Friedhof Frankfurt a M;100950
Nied Bahnhof/Lotzstraße Frankfurt a M;100951
Niedaltdorf;8004344
Nieder Flörsheim-Dalsheim;8004345
Nieder Ohmen;8004348
Nieder Olm;8004349
Nieder Wöllstadt;8004353
Nieder-Flörsheim Bahnhof Flörsheim-Dalsheim;518434
Nieder-Ohmen Bahnhof Mücke;111186
Nieder-Ohmen Brücke Merlauer Straße;8071824
Nieder-Ramstadt Mühltal Bahnhof Mühltal;100886
Nieder-Roden Bahnhof Nordseite Rodgau;101460
Nieder-Roden Bahnhof Rodgau;104644
Nieder-Roden Rollwald Bahnhof Rodgau;104615
Nieder-Wöllstadt Bahnhof Wöllstadt;104403
Niederau;8012482
Niederau-Tuchmühle;8007834
Niederbiegen;8004363
Niederbiegen Bahnhof Baienfurt;493645
Niederbobritzsch;8012483
Niederbobritzsch Goldener Löwe;8072865
Niederbobritzsch Goldener Löwe Bobritzsch-Hilbers;980364
Niederbrechen;8004364
Niederbrechen Bahnhof Brechen;111126
Niederdollendorf;8004366
Niederdollendorf Bahnhof Königswinter;440489
Niederdorf (Erzgeb);8013459
Niederdorfelden;8004367
Niederdreisbach;8007079
Niederdresselndorf;8004369
Niederdresselndorf Bahnhof EKZ Burbach (Siegerlan;416151
Niedererbach;8004373
Niederfinow;8012485
Niederfinow Bahnhof Hohenfinow;739848
Niedergörsdorf;8012487
Niederhadamar;8004376
Niederhadamar Süd;8071535
Niederhadamar Süd Hadamar;456829
Niederheimbach;8004379
Niederhone Am Steg Eschwege;714647
Niederhone Bahnhof Eschwege;711264
Niederhöchstadt;8004380
Niederhöchstadt Steinbacher Straße;8071652
Niederhöchstadt Steinbacher Straße Eschborn;102215
Niederhövels;8004381
Niederhövels Bahnhof Hövels;415995
Niederjosbach;8004382
Niederjosbach Bahnhof Eppstein;106199
Niederlaasphe Mitte Bad Laasphe;415059
Niederlahnstein;8000278
Niederlahnstein Bahnhof Didierstraße Lahnstein;454163
Niederlahnstein Bahnhof Lahnstein;455370
Niederlahnstein KD;8075953
Niederlamitz Bahnübergang Kirchenlamitz;541551
Niederlehme;8012489
Niederlindhart;8004391
Niederlinxweiler;8004392
Niederlommatzsch Fährstelle Diera-Zehren;974804
Niedermendig Mendig Bahnhof Mendig;111355
Niedermittlau;8004395
Niedermittlau Bahnhof Hasselroth;104182
Niedermohr;8004396
Niederndodeleben;8012490
Niederndodeleben Bahnhof (Bus) Hohe Börde;959140
Niedernhausen (Taunus);8004400
Niederoderwitz;8012491
Niederoderwitz Bahnhof Oderwitz;309715
Niederpöllnitz;8012493
Niederpöllnitz Bahnhof Harth-Pöllnitz;370784
Niederrad Bahnhof Frankfurt a M;101830
Niederraunau;8004401
Niederroth;8004404
Niederroth Am Bahnhof Markt Indersdorf;626109
Niedersachswerfen;8012494
Niedersachswerfen Büttner Harztor;248170
Niedersachswerfen Herkulesmarkt;8080992
Niedersachswerfen Herkulesmarkt Harztor;248121
Niedersachswerfen Ilfelder Str Harztor;248316
Niedersachswerfen Ilfelder Straße;8080991
Niedersachswerfen Ost;8017017
Niedersachswerfen Ost Harztor;248317
Niederscheld (Dillkr) Süd;8004405
Niederschelden;8004406
Niederschelden Nord;8004407
Niederschelderhütte Niederschelden Bahnhof Muders;416032
Niederschlag;8012496
Niederschlottwitz;8012497
Niederschmalkalden;8012498
Niedersedlitz Bahnhof Dresden;978888
Niederselters;8004409
Niederselters Bahnhof Selters (Taunus);111124
Niederspier;8012500
Niederspier Ort;8071064
Niedersteinbach;8007278
Niedersteinbach Bahnhof Mömbris;425895
Niedersteinbach Borngasse Mömbris;425900
Niederstetten;8004412
Niederstotzingen;8004413
Niederstriegis;8012501
Niedertrebra;8012502
Niedervellmar Bahnhof Vellmar;716153
Niedervellmar Dörnbergstraße Vellmar;715717
Niederwalgern;8004417
Niederwalgern Bahnhof Weimar (Lahn);111083
Niederwalluf;8004418
Niederwalluf Bahnhof Walluf;363028
Niederwartha;8012503
Niederwartha Haltepunkt Dresden;974540
Niederweimar;8004420
Niederwiesa;8010253
Niederwillingen;8012504
Niederwillingen (Bushaltestelle) Stadtilm;645825
Niederwinden;8004423
Niederwinden Schule Winden im Elztal;500189
Niederwürschnitz;8012505
Niederzeuzheim;8004424
Niederzeuzheim Ort Hadamar;116351
Niederzeuzheim Ortsmitte;8071532
Niederzissen;8070501
Niederzwönitz;8012499
Niefern;8004425
Niefern Bahnhof Niefern-Öschelbronn;941047
Niemberg;8012506
Niemberg Alte Gärtnerei;8071992
Niemberg Alte Gärtnerei Landsberg (Saalekreis);963397
Niemberg Bahnhof (Bus) Landsberg (Saalekreis);130516
Nienburg (Saale);8012507
Nienburg (Weser);8000279
Nienhagen (Halberst);8010254
Nienhagen (b Halberstadt) Bahnhof Schwanebeck;962100
Nierenhof Bahnhof Velbert;586600
Nierstein;8004432
Niesky;8013493
Niesky Horkaer Straße;8070900
Niesky Ödernitzer Straße;8070833
Niesnerstraße Meißen;974224
Nieukerk;8004433
Nieukerk Bahnhof Kerken;662097
Nievenheim;8004434
Nievenheim Bahnhof Dormagen;586989
Nievern;8004435
Niklashausen;8004437
Nimburg (Baden);8007294
Nimburg Bahnhof Teningen;503550
Nippes S-Bahn Köln;442448
Nistertal-Bad Marienberg;8001819
Nittel;8004438
Nohen;8004444
Nohfelden;8079083
Nohl/Bahnhof Lonsee;492782
Nohra (Weimar);8012511
Nohra (Wipper);8012512
Nonnenhorn;8004446
Nonnenhorn Hafen;8074446
Nord/AUDI Tor 6 Neckarsulm;755325
Nordbahnhof (Ersatz) Lauterbach (Hessen);374161
Nordbahnhof (Ost) Ingolstadt;789101
Nordbahnhof Adelsheim;505014
Nordbahnhof Darmstadt;104720
Nordbahnhof Erfurt;646212
Nordbahnhof Erkrath;661233
Nordbahnhof Hanau;103704
Nordbahnhof Lauterbach (Hessen);111203
Nordbahnhof Mainz;405366
Nordbahnhof Neckarbischofsheim;508517
Nordbahnhof Premnitz;727469
Nordbahnhof Stuttgart;366295
Nordbahnhof Sulzbach (Taunus);102231
Nordbahnhof/In der Au Lauterbach (Hessen);127179
Nordbahnhof/Schlitzer Straße Lauterbach (Hessen);127188
Nordbahnhof/West Ingolstadt;789257
Nordbhf Nordseite Erkrath;661716
Nordbögge;8004448
Nordbögge Bahnhof Bönen;907381
Norddeich;8004449
Norddeich Flugplatz;8070178
Norddeich Mole;8007768
Norddeich Mole (Bus) Norden;601065
Norddörfer Schule;8079169
Norden;8000800
Norden KOF;8070503
Nordendorf;8004451
Nordenham;8004452
Norderney;8007762
Norderstedt Mitte;8079027
Nordhalben Bf;8004455
Nordhastedt;8004456
Nordhastedt Bahnhofstraße;8071768
Nordhausen;8010256
Nordhausen Bahnhofsplatz;8070777
Nordhausen Hesseröder Straße;8070732
Nordhausen Nord;8017020
Nordhausen Ricarda-Huch-Straße;8070733
Nordhausen-Altentor;8017018
Nordhausen-Krimderode;8017019
Nordhausen-Salza;8012516
Nordheim (Württ);8004458
Nordheim vor der Rhön;8071974
Nordholz;8004460
Nordholz Bahnhof Wurster Nordseeküste;619346
Nordhorn;8004467
Nordhorn-Blanke;8004465
Nordostbahnhof Nürnberg;682677
Nordsode;8007116
Nordstemmen;8000282
Nordstrand (b Husum);8070182
Nordwalde;8004461
Norf;8004462
Norf S-Bahnhof Neuss;660687
Norheim;8004463
Norsingen;8004464
Norsingen Rathaus Ehrenkirchen;500187
Northeim (Han);8000283
Nortorf;8004466
Nossen;8010258
Nossentin;8012517
Nossentin Bahnhof Silz (Meckl);333355
Nottuln-Appelhülsen;8000595
Nufringen;8004490
Nufringen Mitte;562183
Nußberg-Schönau;8070668
Nußdorf Bahnhof Überlingen;491202
Nöbdenitz;8012509
Nördlingen;8000280
Nörten-Hardenberg;8004441
Nörvenich-Rommelsheim;8004371
Nünchritz;8012523
Nürnberg;8096025
Nürnberg Flughafen;8070716
Nürnberg Frankenstadion;8004493
Nürnberg Frankenstadion Sonderbahnsteig;8098493
Nürnberg Hbf;8000284
Nürnberg Hbf (Bahnhofvorplatz Hauptausgang);8071284
Nürnberg Hbf (Eilgutstraße/Westausgang);8071247
Nürnberg Hbf (Nelson-Mandela-Platz/Südausgang);8070977
Nürnberg Hbf (U-Bahn);8070725
Nürnberg Hohe Marter;8070717
Nürnberg Nordost;8004469
Nürnberg Nordostbahnhof (U-Bahn);8070726
Nürnberg Opernhaus;8070718
Nürnberg Ost;8004471
Nürnberg Ostring;8004470
Nürnberg Plärrer;8070724
Nürnberg Plärrer Richtung Hbf;8070723
Nürnberg Rathenauplatz;8070727
Nürnberg Rennweg;8070719
Nürnberg Rothenburger Straße;8004473
Nürnberg Rothenburger Straße (U-Bahn);8070729
Nürnberg Röthenbach;8070728
Nürnberg Schoppershof;8070720
Nürnberg St-Leonhard;8070721
Nürnberg Wöhrder Wiese;8070722
Nürnberg ZOB;8089291
Nürnberg Ziegelstein;8070731
Nürnberg-Dutzendteich;8004476
Nürnberg-Dürrenhof;8004442
Nürnberg-Eibach;8004477
Nürnberg-Erlenstegen;8004478
Nürnberg-Gleißhammer;8005304
Nürnberg-Herrnhütte;8000469
Nürnberg-Laufamholz;8004480
Nürnberg-Mögeldorf;8004481
Nürnberg-Rehhof;8004491
Nürnberg-Reichelsdorf;8004483
Nürnberg-Sandreuth;8004484
Nürnberg-Schweinau;8004485
Nürnberg-Schweinau (U-Bahn);8070730
Nürnberg-Stein;8004486
Nürnberg-Steinbühl;8004487
Nürnberger Straße Stuttgart;360034
Nürtingen;8004488
Nürtingen-Roßdorf;8090021
Nürtingen-Vorstadt;8090020
Nützen;8007055
Ober Ramstadt;8004497
Ober Widdersheim;8004499
Ober-Roden Bahnhof Rödermark;104646
Ober-Widdersheim Häuserhof Bahnhof Nidda;111160
Oberachern;8007002
Oberachern Bindfadenfabrik;8007003
Oberaichen;8004496
Oberaichen Bahnhof Leinfelden-Echterdingen;561446
Oberammergau;8004503
Oberasbach;8004504
Oberau;8004506
Oberaudorf;8004507
Oberbarmen Bahnhof Wuppertal;657845
Oberbettingen-Hillesheim;8004513
Oberbilk S U Düsseldorf;653743
Oberbillig;8004514
Oberbimbach;8004515
Oberbimbach Am Sägewerk;8071502
Oberboihingen;8004517
Oberbrechen;8004518
Oberbrechen Bahnhof Brechen;111127
Oberbrechen Bahnhof/B8 Brechen;103874
Oberbrügge Halver;881611
Obercarsdorf;8012518
Obercarsdorf Bahnhof Dippoldiswalde;977912
Oberdachstetten;8004521
Oberderdingen-Flehingen Industrie;8079078
Oberdorfelden Nidderauer Straße Schöneck (Hessen);126918
Obere Station Schwebebahn Dresden;978970
Obere Station Standseilbahn Dresden;300839
Obere Straße Dettingen unter Teck;555857
Oberelchingen;8004525
Oberelchingen Bahnhof Elchingen;800914
Oberelsungen;8004526
Oberelsungen Bahnhof Zierenberg;714721
Oberelsungen Mitte Zierenberg;714291
Oberer Bahnhof Auerbach/Vogtl;967308
Oberer Bahnhof Pößneck;690432
Oberer Graben Neuffen;562219
Oberer Roßberg Altenahr;459970
Obererbach;8004527
Oberesslingen;8004528
Oberesslingen Bahnhof (Süd) Esslingen am Neckar;561336
Oberesslingen Esslingen am Neckar;561320
Oberfeldstr Berlin;733229
Oberferrieden;8004529
Obergimpern;8007437
Obergries;8004531
Obergriesbach;8004532
Obergrunstedt;8012524
Obergrunstedt (Bus) Nohra b Weimar (Thür);646205
Oberhagen Bahnhof Hagen (Westf);878308
Oberhagen Hagen (Westf);202087
Oberhaid;8004533
Oberharmersbach Dorf;8007105
Oberharmersbach-Riersbach;8007106
Oberhausen Bahnhof Augsburg (Bayern);781431
Oberhausen Hbf;8000286
Oberhausen-Holten;8004540
Oberhausen-Osterfeld Süd;8004541
Oberhausen-Sterkrade;8004542
Oberhof (Thür);8012525
Oberhof Platz des Friedens/Busbf;8081751
Oberhof Rondell/Rennsteiggarten;8081750
Oberholz;8012526
Oberhäuser Bahnhof Röthenbach (Allgäu);990007
Oberkirch;8004545
Oberkirch-Köhlersiedlung;8004546
Oberklingensporn;8004548
Oberkochen;8004549
Oberkotzau;8000287
Oberkrozingen;8007331
Oberlahnstein;8004550
Oberlahnstein KD;8075954
Oberlauscha;8012527
Oberlenningen;8004553
Oberlenningen Lenningen;561343
Oberlichtenau;8012528
Oberlichtenau Bahnzugang Lichtenau (Sachsen);981092
Oberliederbach Bahnhof West Liederbach am Taunus;102800
Oberliederbach Sindlinger Weg Liederbach am Taunu;102240
Oberlindhart;8004554
Oberlinxweiler;8004555
Obermanndorf Bahnhof Reckendorf;675888
Obermaubach;8007823
Obermeiderich Bahnhof Duisburg;653014
Obermenzing München;625014
Obermohr;8004557
Obernau;8004558
Obernburg-Elsenfeld;8004560
Obernburg-Elsenfeld Bahnhof Ostseite Elsenfeld;428120
Obernburg-Elsenfeld Bahnhof Westseite Elsenfeld;425290
Oberndorf (Neckar);8004563
Oberndorf (Wittgenstein);8004564
Oberndorf b Salzburg-Laufen;8101874
Obernhof (Lahn);8004567
Oberoderwitz;8010259
Oberoderwitz Bahnhof Oderwitz;977764
Oberoderwitz Oberdorf;8012530
Oberoderwitz Oberdorf (Bus) Oderwitz;977767
Oberottmarshausen;8004571
Oberpaindorf Abzw Bahnhof Reichertshausen;855093
Oberrohn;8012533
Oberrothenbach;8012534
Oberrotweil;8007290
Oberrotweil Bahnhof Vogtsburg im Kaiserstuhl;503560
Oberröblingen;8012532
Oberschefflenz;8004577
Oberschefflenz Bahnhof Schefflenz;508891
Oberschleißheim;8004580
Oberschlottwitz;8012535
Obersdorf;8012537
Obersinn;8004583
Oberstaufen;8004584
Oberstdorf;8004585
Obersuhl Bahnhof Wildeck;716877
Obertor Bad Neuenahr-Ahrweiler;458895
Obertraubling;8004592
Obertshausen (Kr Of);8004593
Obertsrot;8004594
Obertsrot Brücke Gernsbach;722030
Obertürkheim Bahnhof (Göppinger Str) Stuttgart;560991
Obertürkheim Bahnhof Stuttgart;561543
Obertürkheim Stuttgart;366091
Oberursel (Taunus);8004596
Oberursel-Stierstadt;8087064
OberurselWeißkirchen/Steinbach;8006304
Obervellmar Bahnhof Vellmar;713472
Obervogelgesang;8012540
Obervogelgesang Abzweigung Ebenheit;8070295
Obervogelgesang Struppen Südstraße;8070294
Oberweimar;8012541
Oberweißbach Bahnhof Schwarzatal;691371
Oberweißbach-Deesbach;8012542
Oberwerrn;8004453
Oberwesel;8004601
Oberwesel KD;8075962
Oberwinden;8004603
Oberwinden Adler Winden im Elztal;500251
Oberwinter;8004604
Oberwinter Bahnhof Remagen;459739
Oberzell;8004605
Oberzissen;8070507
Oberzollhaus Ortsmitte Oy-Mittelberg;965934
Oberöwisheim;8007141
Oberöwisheim Bahnhof Kraichtal;724330
Obing;8070803
Obstfelderschmiede;8010260
Ochenbruck;8004609
Ochenbruck Bahnhof Schwarzenbruck;683353
Ocholt Bahnhof Westerstede;602975
Ochsenfurt;8000818
Ochsenhausen;8079093
Ochtmersleben;8012546
Ochtrup;8004613
Ockenheim;8004614
Odendorf;8004616
Odendorf Bahnhof Nord Swisttal;365825
Odendorf Bahnhof Swisttal;442823
Odenheim;8007138
Odenheim Bahnhof Östringen;724333
Odenheim West;8070099
Odenkirchen Bahnhof Mönchengladbach;660026
Odeonsplatz München;363060
Oderin;8012549
Oderin Bahnhof Halbe;745122
Odilienstraße/Westbahnhof (Bus) Eschweiler;268535
Oebisfelde;8010261
Oederan;8012550
Oegeln;8012551
Oegeln Bahnhof Beeskow;278221
Oehna;8012552
Oehna Bahnhof Niedergörsdorf;736303
Oelde;8004626
Oelsnitz (Erzgeb);8012553
Oelsnitz (Vogtl);8012554
Oelsnitz Bahnhofstraße;8017408
Oerel;8007810
Oerlenbach;8004629
Oerlinghausen;8004630
Oertzenhof;8012555
Oertzenhof Bahnhof Woldegk;332022
Oese;8004631
Oesede;8004628
Oespel S-Bahnhof Dortmund;652361
Oestrich-Winkel;8004635
Oettingen (Bay);8070508
Oeventrop;8004642
Oeventrop Bahnhof Arnsberg;410260
Offenau;8004643
Offenbach (Main) Hbf;8000349
Offenbach (Main) Kaiserlei;8070092
Offenbach (Main) Ledermuseum;8070091
Offenbach (Main) Marktplatz;8070090
Offenbach (Main) Ost;8004645
Offenbach-Bieber;8004647
Offenbach-Waldhof;8004640
Offenburg;8000290
Offenburg Kreisschulzentrum;8004639
Offenhausen;8070509
Offenhausen Bahnhof Gomadingen;751429
Offensen (Kr North);8004652
Offensen Bahnhof Uslar;355227
Offenthal Bahnhof Dreieich;104790
Offingen;8004654
Oftersheim;8004658
Oggersheim Bahnhof Ludwigshafen am Rhein;507650
Ohlsdorf Hamburg;694993
Ohlstadt;8004662
Ohmstraße (Zuffenhausen Bf) Stuttgart;561409
Ohof Bahnhof Meinersen;889063
Oichtensiedlung;8101309
Okarben;8004664
Okarben Bahnhof Karben;104402
Oker;8004665
Olbernhau;8012558
Olbernhau West;8012571
Olbernhau-Grünthal;8012559
Olbersdorf Niederdorf;8012560
Olbersdorf Oberdorf;8012561
Olbersleben Bahnhof Buttstädt;646276
Olbersleben-Ellersleben;8012562
Olching;8004667
Oldenburg (Holst);8004669
Oldenburg (Oldb);8000291
Oldenburg-Wechloy;8004670
Oldenbüttel;8004668
Oldendorf Bahnhof Borgholzhausen;928617
Oldentrup;8079069
Oldentrup Bahnhof Bielefeld;923022
Ollenhauerstr/Lindauer Allee Berlin;732305
Olpe;8004674
Olsberg;8004676
Olsbrücken;8004677
Opelwerk Eisenach (Thür);996872
Opferberg Hamburg;693795
Opladen;8000853
Opladen Bahnhof Leverkusen;441928
Oppenau;8004679
Oppendorf Bahnhof Kiel;372655
Oppenheim;8004680
Oppenheim Postplatz;8070870
Oppenweiler (Württ);8004681
Oppum Bahnhof Krefeld;371590
Oppum Bahnhof Nord Krefeld;371741
Oppurg;8012563
Oranienbaum (Anh);8012564
Oranienburg;8013487
Oranienburg (S);8089197
Orlamünde;8010264
Orschweier;8004683
Orschweier Bahnhof Mahlberg;882605
Ortrand;8012565
Ortsmitte (Bushst) Lüblow;320671
Ortsmitte (Schiff) Bad Wiessee;966967
Ortsmitte Breitengüßbach;945072
Ortsmitte Falkenberg (Mark);739753
Ortsmitte Oppenweiler;561112
Ortsmitte Rentweinsdorf;460596
Ortsmitte Wasserthaleben;215634
Ortsmitte Willmenrod;377510
Ortsmitte Zuzenhausen;510842
Ortsmitte/Strandbad (Schiff) Rottach-Egern;966961
Oschatz;8013461
Oschatz Körnerstr;8070686
Oschatz Lichtstr;8070685
Oschatz Südbf;8070688
Oschersleben (Bode);8010266
Osloer Straße Rostock;936326
Osnabrück Altstadt;8004689
Osnabrück Hbf;8000294
Osnabrück-Sutthausen;8004690
Ostbahnhof (Bildungszentrum) München;360892
Ostbahnhof (Bus) Naumburg (Saale);959282
Ostbahnhof (Post) München;370891
Ostbahnhof Bielefeld;921383
Ostbahnhof Dannenberg (Elbe);316201
Ostbahnhof Darmstadt;111226
Ostbahnhof Erfurt;645859
Ostbahnhof Frankfurt a M;100526
Ostbahnhof Friedenstraße München;371895
Ostbahnhof Gladbeck;655600
Ostbahnhof Gotha;645244
Ostbahnhof Hildesheim;636533
Ostbahnhof Kempten (Allgäu);845448
Ostbahnhof Mayen;457582
Ostbahnhof München;625052
Ostbahnhof Nürnberg;676665
Ostbahnhof Offenbach am Main;102601
Ostbahnhof Ratingen;218634
Ostbahnhof Saarbrücken;839235
Ostbahnhof Würzburg;220180
Ostbahnhof/Danziger Platz Frankfurt a M;100528
Ostbahnhof/Honsellstraße Frankfurt a M;102162
Ostbahnhof/Sonnemannstraße Frankfurt a M;102168
Ostbevern;8001183
Ostendstraße Frankfurt a M;100513
Ostendstraße Karlsruhe;721651
Osterath Bahnhof Meerbusch;379871
Osterburg;8012568
Osterburken;8000295
Osterfeld Süd Bahnhof Oberhausen (Rheinland);654210
Osterhofen (Nby);8004700
Osterhofen (Oberbay);8004701
Osterholz-Scharmbeck;8004702
Ostermiething;8102067
Ostermünchen;8004703
Ostermünchen Bahnhof Tuntenhausen;594318
Osternienburg;8012570
Osterode am Harz Leege;8004705
Osterode am Harz Mitte;8004704
Osterode am Harz Mitte (Bus);305472
Osterode am Harz Mitte/Stadthalle;350227
Ostersode;8070214
Ostersode Bahnhof Worpswede;604890
Osterspai;8004706
Osterstedt;8004707
Osterteich;8017021
Osterwald;8004709
Osterwald Bahnhof Salzhemmendorf;265470
Osterweddingen;8012572
Osterweddingen Bahnhof Sülzetal;376886
Ostfriedhof Leipzig;955222
Ostheim (Kr Hanau);8004713
Ostheim (b Butzbach);8004712
Ostheim Bahnhof Butzbach;111134
Ostheim Bahnhof Nidderau;361480
Ostheim vor der Rhön;8004711
Osthofen;8004714
Ostrach Bahnhof;8070628
Ostrau;8012576
Ostrau Post;8071790
Ostring Nürnberg;682685
Ostritz Bahnhof;8070844
Ostritz Stadt Dresden;8070846
Ostseebad Ahrenshoop Mitte;8081100
Ostseebad Binz;8011191
Ostseebad Binz Bahnhof (Dollahner Str);8073191
Ostseebad Dierhagen (Darß);8081110
Ostseebad Kühlungsborn Mitte;8012585
Ostseebad Kühlungsborn Ost;8012586
Ostseebad Kühlungsborn West;8012587
Ostseebad Prerow Hafenstraße;8081120
Ostseebad Wustrow Mitte;8081130
Ostseebad Zingst Zentrum;8081140
Ostseering Graal-Müritz;935547
Oswaldsgarten Gießen;114672
Ottbergen;8004720
Ottbergen Höxter;367718
Ottenau;8004722
Ottendorf (Mittweida);8012593
Ottendorf-Okrilla Hp;8012594
Ottendorf-Okrilla Nord;8012595
Ottendorf-Okrilla Süd;8012596
Ottenhofen (Oberbay);8004723
Ottenhofen-Bergel;8004724
Ottenhöfen;8007006
Ottenhöfen West;8007015
Ottensoos;8004725
Otterfing;8004726
Otterndorf;8004727
Ottersberg (Han);8004728
Otterwisch;8012597
Otting;8004730
Otting-Weilheim;8004731
Otto-Sachs-Straße Karlsruhe;721423
Ottobrunn;8004733
Ottstraße Wörth am Rhein;510754
Ottweiler (Saar);8000875
Otzberg Lengfeld;8003641
Otze;8004735
Otze Freiengericht;8071931
Ovelgünne;8012599
Overath;8004739
Owen (Teck);8004740
Owen (Teck) Beurener Straße Owen;421879
Owschlag;8004741
Oy-Mittelberg;8004742
Oßmannstedt;8012567
Oßmannstedt (Bushaltestelle) Ilmtal-Weinstraße;646501
P+R Bahnhof Kreuztal;483167
PIER 2/Waterfront (Fähranleger) Bremen;377909
Pabing am Haunsberg;8135419
Paderborn Hbf;8000297
Paderborn Kasseler Tor;8004744
Paderborn Nord;8004745
Paderborn Nordbahnhof;926115
Paderborn-Schloss Neuhaus;8005370
Paffendorf;8004746
Paffendorf Kirche Bergheim (Erft);445979
Paindorf;8004747
Palzem;8004748
Pankofen;8004749
Pansdorf;8004750
Pansdorf Bahnhof Ratekau;700044
Papenburg (Ems);8004751
Papendorf;8012603
Papendorf Schule;8079751
Papiermühle (Stadtr);8012604
Pappenheim;8004753
Paracelsus-Bad (U) Berlin;732266
Paradies Bernburg (Saale);366464
Paradiesbahnhof Jena;646766
Paradiesbahnhof West Jena;260184
Parchim;8010267
Park Sanssouci Bahnhof Potsdam;736092
Parkentin;8012609
Parkentin Stegekamp;8079752
Parsberg;8004755
Partenstein;8004756
Pasewalk;8010268
Pasewalk Ost;8012610
Pasewalker Str/Blankenburger Weg Berlin;732840
Pasing Bahnhof Nord München;623892
Pasing München;130010
Passau Hbf;245148
Passau Hbf;8000298
Passow (Meckl);8012612
Passow (Uckermark);8012611
Passow (Uckermark) Mitte;740902
Patersdorf;8070665
Paul-Gossen-Straße Erlangen;676701
Paulinenaue;8012614
Paulinzella;8012615
Paulinzella (Bushaltestelle) Königsee;690306
Paunsdorf Theodor-Heuss-Str Leipzig;955244
Pausa;8012616
Pechbrunn;8004758
Pechhütte Heidenau (Sachsen);973545
Peenemünde;8012617
Pegau;8010269
Pegnitz;8004759
Peine;8004760
Peiting Nord;8004764
Peiting Ost;8004765
Peitz Ost;8012621
Peitz Ost (SEV);201652
Peiß;8004761
Peißen;8012619
Peißenberg;8004762
Peißenberg Nord;8004763
Pellworm;8079004
Penzberg;8004767
Perkam;8004770
Perl;8004771
Perlach München;624455
Perleberg;8012622
Petergrube;8012623
Petersaurach;8004774
Petersaurach Nord;8004797
Petersdorf (Meckl);8012625
Petershagen (UM) Dorf Casekow;740906
Petershagen (Uckerm);8012627
Petershagen (Uckermark) Dorf;8081092
Petershagen Nord;8081150
Petershagen-Lahde;8004777
Petershain;8012628
Petershain Bahnhof Quitzdorf am See;508580
Petershausen (Obb);8004775
Petershausen Bahnhof Konstanz;504671
Petersroda;8012629
Petzvalstraße Braunschweig;280329
Pfaffengrund/Wieblingen Bahnhof Heidelberg;506261
Pfaffenhain;8012633
Pfaffenhain Bahnhof Jahnsdorf/Erzgeb;120438
Pfaffenhausen;8004780
Pfaffenhofen (Ilm);8004781
Pfaffenleite Langenzenn;678496
Pfaffwerk Kaiserslautern;513712
Pfalzel;8004784
Pfalzel Bahnhof Trier;259041
Pfarrkirchen;8004786
Pfeddersheim;8004788
Pfeddersheim Bahnhof Worms;509038
Pfettrach;8026355
Pflaumloch;8004796
Pflaumloch Bahnhof Riesbürg;420292
Pflegeheim Winterbach b Schorndorf (Württ);303713
Pforzheim Hbf;8000299
Pforzheim Hbf ZOB;8089428
Pforzheim Maihälden;8004804
Pforzheim ZOB;940658
Pforzheim-Weißenstein;8004801
Pfraundorf (Inn);8004802
Pfreimd;8004803
Pfronten-Ried;8004806
Pfronten-Steinach;8004807
Pfronten-Weißbach;8004809
Pfullendorf;8070630
Pfungstadt;8004816
Pfäffingen;8004778
Pfäffingen Bahnhof Ammerbuch;751526
Pfühlpark Heilbronn;720743
Philipp-Reis-Straße Karlsruhe;721660
Philippsburg (Baden);8004813
Philippsburg (Baden) Bahnhof Philippsburg;360175
Philippsburg Marktplatz;8070849
Philippshagen;8012634
Philippsheim;8004814
Philippstraße Karlsruhe;372045
Piding;8004815
Pillgram;8012636
Pillgram Schulstraße;8081059
Pillgram Schulstraße Jacobsdorf;727008
Pinneberg;8004819
Pinnow (Uckermark);8012637
Pinzberg;8004820
Pinzberg Eichenwaldstraße;8071084
Pirk;8012639
Pirk Bahnhof Weischlitz;967161
Pirmasens Hbf;8004822
Pirmasens Nord;8000876
Pirna;8010272
Pirna Busbf;8070822
Pirna-Copitz;8012640
Pirna-Copitz Nord;8012641
Pirna-Copitz Nord Heinrich-Heine-Str;8012642
Pirna-Copitz Schulstraße;8012645
Pirschheide Bahnhof Potsdam;736087
Pittenhart;8072764
Plaaz;8010273
Plaaz Ort;936081
Plaidt;8004826
Planegg;8004827
Plate (Meckl);8012643
Plattling;8000301
Platz der Deutschen Einheit Kassel;713056
Plau am See Bahnhof;8012644
Plaue (Thür);8010274
Plauen;8096005
Plauen (V) Zellwolle;8012647
Plauen (V) unt Bf;8013463
Plauen (Vogtl) Mitte;8017442
Plauen (Vogtl) Straßberg;8010336
Plauen (Vogtl) West;8012646
Plauen (Vogtl) ob Bf;8010275
Pleinfeld;8004835
Plessa;8012650
Plettenberg;8004838
Plochingen;8000302
Plön;8004841
Plößberg Hauptstraße Selb;547074
Plüderhausen;8004842
Plüschow;8012651
Plüschow Dorf;8071764
Pockau Bahnhof Pockau-Lengefeld;973252
Pockau-Lengefeld;8010277
Pockau-Lengefeld Zentrale Bushaltestelle;8070735
Pocking;245265
Pocking;8004845
Poggenhagen;8004851
Poggenhagen Bahnhof Neustadt am Rübenberge;638752
Poikam;8004853
Poikam Ortsmitte Bad Abbach;950698
Poing;8004854
Polizei Wannweil;490161
Polizeiwache Kirchheim unter Teck;561065
Pomezi nad Ohri;5465000
Pommelsbrunn;8004858
Pommern (Mosel);8004859
Pommritz;8012660
Pommritz Bahnhof Hochkirch;307985
Ponitz;8012661
Ponitz Schlosshof;8071946
Poppenhausen;8004865
Poppenreuth Abzw Münchberg;546405
Porschdorf (Kr Pirna) Straße zum Bahnhof;8070785
Porschdorf (Pirna);8012662
Porschdorf Abzw zum Bahnhof Bad Schandau;103665
Porstendorf;8012663
Porstendorf (b Jena) Bushaltestelle Neuengönna;646886
Porta Bahnhof Porta Westfalica;925311
Porta Westfalica;8004868
Portitzer Allee/S-Bahnhof Heiterblick Leipzig;958131
Porz (Rhein);8004869
Porz (Rhein) KD;8075939
Porz Bahnhof Köln;443068
Porz-Wahn;8004873
Posewald;8012665
Possenhofen;8004874
Possenhofen Bahnhof Pöcking;625606
Possenhofen Schiffsanleger Pöcking;622816
Post Bad Herrenalb;720100
Post Ostrau;959638
Post Werder (Havel);735505
Post/Bahnhof Burbach (Siegerland);416142
Post/Bahnhof Helmbrechts;546399
Postbauer-Heng;8004875
Postelwitz Fährstelle Bad Schandau;973882
Poststraße Karlsruhe;721695
Potsdam Charlottenhof;8010280
Potsdam Griebnitzsee;8011695
Potsdam Griebnitzsee (S);8080530
Potsdam Hbf;8012666
Potsdam Hbf Nord (Babelsberger Straße);8071523
Potsdam Medienstadt Babelsberg;8011430
Potsdam Park Sanssouci;8010377
Potsdam Pirschheide;8010279
Potsdam-Babelsberg;8080070
Potsdam-Rehbrücke;8012733
Potucky;5400224
Potucky zastavka;5400230
Pracht-Niederhausen Brunnenplatz;8071089
Praest;8004878
Pratau;8010281
Preetz;8004879
Premnitz Nord;8012668
Premnitz Zentrum;8012669
Prenzlau;8010282
Pressath;8004880
Pressig-Rothenkirchen;8004881
Pretzfeld;8004882
Pretzfeld Am Backofen;8071085
Pretzier (Altm);8012673
Pretzier (Altmark) Bahnhof (Bus) Salzwedel;953360
Pretzsch;8010283
Preungesheim Frankfurt a M;101446
Preußen;8004883
Priemerburg;8010284
Prien am Chiemsee;8004885
Priestewitz;8010285
Priort;8013489
Priort Bahnhof SEV Wustermark;367871
Priort Bahnhof Wustermark;734768
Prisannewitz-Scharstorf Bahnhof Dummerstorf;935148
Prisdorf;8004888
Prisdorf Hauptstraße;8071766
Prittitz;8012675
Pritzerbe;8012676
Pritzerbe Bahnhof Havelsee;726017
Pritzier;8012677
Pritzwalk;8010287
Pritzwalk Hainholz;8074703
Pritzwalk West;8017347
Probstzella;8010288
Profen;8012682
Profen Bahnhof (Bus) Elsteraue;963970
Prora;8012683
Prora Bahnhof Nord Binz;205399
Prora Neue Mitte Binz;952424
Prora Nord;8079754
Prora Ost;8012684
Prora Strandweg Binz;952426
Prosselsheim;8070858
Prödel;8012678
Prödel Bahnhof (Bus) Gommern;961716
Prösen;8012679
Prösen Markt;8071180
Prösen Markt Röderland;741641
Prösen Ost;8012681
Prösen Ost B101;8079756
Prösen Ost Bahnhof Röderland;116052
Prösen Schleusenhaus;8071181
Prösen Schleusenhaus Röderland;362959
Prösen West;8012680
Prösen West Bahnhof Röderland;741643
Puan Klent (Sylt);8084078
Puchheim;8004893
Pulheim;8004898
Pullach;8004899
Pulling (b Freising);8004900
Pulling Bahnhof (Badgasse) Freising;372670
Pulling Bahnhof (Bahnstraße) Freising;379719
Pulsnitz;8012685
Pulsnitz Süd;8012686
Pulsnitz Süd Robert-Koch-Straße;8071896
Puschendorf;8004901
Putbus;8010401
Putlitz;8012687
Puttgarden;8004903
Puttgarden (MS);8000079
Puttgarden Bahnhof Fehmarn;700071
Puttgarden Schiffsanleger;8084097
Putzkau;8012688
Putzkau Viadukt;8071711
Pädagogische Hochschule Ludwigsburg (Württ);561150
Pölbitzer Bahnhof Zwickau;983800
Pölchow;8012654
Pölchow (Bus);936083
Pölchow Ort;8079757
Pölling;8004847
Pönitz (Holst);8004848
Pönitz (Leipzig);8012656
Pösing;8004849
Pößneck;8096007
Pößneck ob Bf;8012657
Pößneck unt Bf;8012658
Püsselbüren Esch Bahnhof Ibbenbüren;908099
Quadrath-Ichendorf;8004907
Quadrath-Ichendorf Bahnhof Bergheim (Erft);445984
Quakenbrück;8000304
Quedlinburg;8010290
Quedlinburg-Quarmbeck;8012690
Quelle;8004908
Quelle Albertstraße Bielefeld;921215
Quelle Bahnhof Bielefeld;923024
Quelle-Kupferheide;8004905
Quendorf;8004912
Querfurt;8010291
Quickborn;8007049
Quickborn Süd;8007064
Quickborner Straße;8079028
Quierschied;8004909
Quint;8004910
Rabenau;8012694
Rackith (Elbe);8012696
Rackwitz (Leipzig);8012697
Radbruch;8004913
Raddusch;8012698
Raddusch Ortsmitte;8071017
Raddusch Ortsmitte Vetschau (Spreewald);729795
Radeberg;8012699
Radebeul Ost;8010292
Radebeul West;8010293
Radebeul-Naundorf;8013490
Radebeul-Weintraube;8012700
Radebeul-Weintraube Zillerstraße;8071724
Radebeul-Zitzschewig;8012701
Radebeul-Zitzschewig Cossebauder Straße;8071486
Radebeul-Zitzschewig Gerhart-Hauptmann-Straße;8071487
Radeburg;8012702
Radersdorf;8004914
Radis;8012704
Radis B100 Kemberg;961652
Radldorf (Niederbay);8004917
Radolfzell;8000880
Radolfzell Fähre;8070880
Raestrup-Everswinkel;8004918
Raguhn;8012707
Raguhn S-Bahnhof (Bus) Raguhn-Jeßnitz;959605
Rahden (Kr Lübbecke);8004919
Rahm Bahnhof Dortmund;652396
Rahm S-Bahnhof Duisburg;653040
Rahnsdorf/Waldschänke Berlin;733471
Rahnstädter Weg Rostock;141000
Raiffeisenbank Baunach;945050
Raiffeisenbank Genderkingen;784487
Rain;8004922
Raindorf;8004923
Raindorf Bahnhof Veitsbronn;460390
Raisdorf;8004924
Raisdorf Bahnhof Schwentinental;699373
Raisting;8004925
Raitersaich;8004926
Raitersaich Ort Roßtal;680213
Rakow;8012710
Rakow Alte Schule;8079758
Rakow Alte Schule Süderholz;325642
Rambin;952218
Rambin (Rügen);8012711
Rambin (Rügen) Hauptstraße;8079759
Ramerberg;8004928
Ramerberg Ortsmitte;875111
Rammelsbach;8004929
Rammingen (Bay);8004927
Rammingen (Württ);8004930
Ramsbach Birkhof;8004931
Ramsbach Höfle;8004932
Ramsberg;8004933
Ramsberg Bahnhof Pleinfeld;683392
Ramsen;8004935
Ramsenthal;8004936
Ramstein;8004938
Randerath Bahnhof (Bus) Heinsberg;268247
Rangendingen;8070520
Rangsdorf;8012713
Ranstadt;8004942
Rantum Campingplatz;8079171
Rantum Mitte;8084076
Rantum Nord;8079172
Rantum Seeheim;8079173
Rantum Süd;8079174
Rappengasse Rheinzabern;360744
Raschau (Schwarzenb);8012715
Rastatt;8000306
Rastatt Bahnhof Ost;8071189
Rastatt Beinle;8004944
Rastede;8004945
Rastow;8012716
Rath Mitte S Düsseldorf;366210
Rath Mitte S-Bahnhof Düsseldorf;653773
Rath S-Bahnhof Düsseldorf;368209
Rathaus (Bus) Stolberg (Rhld);585861
Rathaus (Schiff) Tegernsee;966964
Rathaus Bempflingen;561074
Rathaus Ellefeld;967373
Rathaus Gernsbach;720973
Rathaus Großenbrode;139272
Rathaus Heilbronn;400055
Rathaus Hemmingen (Württ);556867
Rathaus Hermaringen;492621
Rathaus Kassel;712896
Rathaus Kolkwitz;742328
Rathaus Rutesheim;555019
Rathaus Schopfloch (Kreis Freudenstadt);815407
Rathaus Tegernsee;592940
Rathaus Villmar;116503
Rathaus Wannweil;752188
Rathaus Weil am Rhein;499573
Rathaus Wemmetsweiler Merchweiler;836247
Rathaus West Gundelfingen (Breisgau);808008
Rathaus Wörth am Rhein;723687
Rathaus/Bahnhof Bodenmais;840908
Rathaus/Fünffensterstraße Kassel;716122
Rathenow;8010296
Rathmannsdorf (Kr Pirna);8012719
Ratingen Ost;8004948
Ratzeburg;8004952
Raubling;8004955
Rauenstein (Thür);8012723
Rauenstein Bahnhof Pockau-Lengefeld;981385
Raumland Abzw Bahnhof Bad Berleburg;414926
Raumland-Markhausen;8004960
Raumünzach;8004961
Raumünzach Bahnhof Forbach;724097
Raun;8012724
Raunheim;8004962
Ravensburg;8004965
Ravensburg Bhf (SEV);8089483
Rebdorf-Hofmühle;8004966
Rebenweg Owen;558230
Rech;8004967
Rechenberg;8012727
Rechenberg Schule;8017220
Rechtenstein;8004968
Rechterfeld;8004970
Rechterfeld Bahnhof Visbek;610970
Reckendorf;8004971
Reckendorf Ortsmitte;8070994
Reckendorf-Laimbach;8070995
Reckenfeld;8004972
Reckenfeld Abzw Bahnhof Greven (Westf);907238
Reckenfeld Bahnhof Greven (Westf);910876
Recklinghausen Hbf;8000307
Recklinghausen Süd;8000887
Recklinghausen Süd Bahnhof;657513
Reckweilerhof;8004975
Reckweilerhof Bahnhof Wolfstein;403870
Reddelich;8012729
Reddelich Gaststätte;8079760
Rednitzhembach;8004978
Redwitz (Rodach);8004979
Regen;8004981
Regensburg Hbf;8000309
Regensburg-Burgweinting;8001298
Regensburg-Prüfening;8004983
Regenstauf;8004987
Regis-Breitingen;8012731
Regis-Breitingen (Kohlebahn);366585
Rehau;8004988
Rehbrücke Bahnhof Potsdam;735283
Rehbrücke Bahnhof Südseite Potsdam;278299
Rehfeld (EE) Bahnhof Falkenberg (Elster);729734
Rehfeld (Falkenberg);8012734
Rehfelde;8012735
Rehna;8012737
Rehna Friedrich-Dreyer-Straße;8079432
Rehweiler;8004993
Reichelsdorf Bahnhof Nürnberg;682696
Reichelsdorfer Keller;8004994
Reichelsheim (Wett);8004995
Reichenau (Baden);8004997
Reichenbach (Fils);8004999
Reichenbach (Oberlausitz);8012738
Reichenbach (Vogtl) Bus;8070204
Reichenbach (Vogtl) ob Bf;8012739
Reichenbach Bahnhof Dahn;509158
Reichenbach Kurpark Waldbronn;201401
Reichenbach bei Ettlingen;8007012
Reichenberg (Unterfr);8005002
Reichensachsen Bahnhof Wehretal;711966
Reichenschwand;8005005
Reichersbeuern;8005007
Reichertshausen (Ilm);8005008
Reicholzheim;8005011
Reicholzheim Ort;8071142
Reifland Bahnhof Reifland-Wünschendorf Pockau-Len;981384
Reifland-Wünschendorf;8012740
Reihen;8005013
Reihen Bahnhof Sinsheim;509168
Reil;8005014
Reilsheim;8005015
Reilsheim Bahnhof Bammental;509183
Reimerzhoven Altenahr;459880
Reinbek;8005016
Reinfeld (Holst);8005019
Reinhardsbrunn Bahnhof Friedrichroda;996977
Reinhardsbrunn-Friedrichroda;8012742
Reinheim (Odenw);8005020
Reinsbüttel;8005023
Reinsdorf (Artern);8010124
Reinsdorf (Bus) Nebra (Unstrut);957215
Reinsdorf (bei Nebra);8012743
Reinstetten;8079094
Reisen (Hess);8005026
Reisen Bahnhof Birkenau;509189
Reisholz S-Bahnhof Düsseldorf;364748
Reiskirchen (Kr Gi);8005027
Reken;8005030
Reken-Klein Reken;8003305
Remagen;8000310
Remagen KD;8075946
Remarqueplatz/Bahnhof Löhne;924418
Remscheid Hbf;8005033
Remscheid-Güldenwerth;8005034
Remscheid-Lennep;8000311
Remscheid-Lüttringhausen;8005035
Renchen;8005037
Rendsburg;8000312
Rendsburg Herrenstraße;8071264
Rengershausen Bahnhof Baunatal;710779
Rengershausen Kirche Baunatal;712895
Renningen;8000313
Renningen Süd;8005001
Rennsteig;8012749
Rennsteig Bahnhof Suhl;645372
Rentrisch;8005044
Rentweinsdorf;8005045
Rentweinsdorf Ortsmitte;8071011
Rentwertshausen;8012750
Rentwertshausen Bahnhof Grabfeld;996469
Rentzschmühle;8012751
Rethen (Leine);8005047
Rethen (Leine) Bahnhof Laatzen;614077
Retzbach-Zellingen;8005049
Reurieth;8012756
Reutershagen Rostock;939410
Reuterstadt Stavenhagen;8012758
Reuth (b Erbendorf);8005050
Reuth (b Plauen Vogtl);8012759
Reutin Bahnhof Kemptener Str Lindau (Bodensee);104529
Reutlingen Hbf;8000314
Reutlingen West;8005052
Reutlingen-Betzingen;8005053
Reutlingen-Sondelfingen;8005054
Reußen;8012757
Reventloubrücke Kiel;703599
Rhade;8005055
Rhade Bahnhof Dorsten;363077
Rhade Bahnhof Vorplatz Dorsten;204908
Rheda Bahnhof Rheda-Wiedenbrück;926736
Rheda-Wiedenbrück;8000315
Rheinau Bahnhof Mannheim;518328
Rheinbach;8005058
Rheinbach Römerkanal;8005057
Rheinberg (Rheinl);8005059
Rheinbrohl;8005062
Rheinbrücke Bahnhof Urmitz;453548
Rheindahlen Bahnhof Mönchengladbach;659733
Rheine;8000316
Rheine-Mesum;8004000
Rheinfelden (Baden);8005064
Rheinfelden (CH) Augarten;8500833
Rheinfelden (D) Busbahnhof;8079244
Rheinfelden (D) Bürgerheim;8079243
Rheinfelden (D) Deutscher Zoll;8079245
Rheinfelden (D) Eichamtstraße;8079247
Rheinfelden (D) Friedhof;8079258
Rheinfelden (D) Friedrichplatz;8079248
Rheinfelden (D) Gewerbeschule;8079249
Rheinfelden (D) Goethestraße;8079250
Rheinfelden (D) Hebelstraße;8079251
Rheinfelden (D) Josefskirche;8079252
Rheinfelden (D) Kreiskrankenh;8079253
Rheinfelden (D) Kronenstraße;8079262
Rheinfelden (D) Müßmattstraße;8079254
Rheinfelden (D) Oberrheinplatz;8079255
Rheinfelden (D) Post;8079256
Rheinfelden (D) Schillerschule;8079259
Rheinfelden (D) Schwalbenstraße;8079257
Rheinfelden (D) Seniorenwohng;8079261
Rheinfelden (D) Werderstraße;8079260
Rheinfähre Boppard;286283
Rheinfähre Kaub;219612
Rheinfähre Remagen;112215
Rheinfähre St Goar;114891
Rheinfähre St Goarshausen;455490
Rheingönheim Bahnhof Ludwigshafen am Rhein;507651
Rheinhafen Karlsruhe;362391
Rheinhafenstraße Karlsruhe;372203
Rheinhausen;8000317
Rheinhausen Bahnhof Duisburg;653055
Rheinhausen Ost;8005065
Rheinhausen Ost Bahnhof Duisburg;366452
Rheinhausen Ostbahnhof Duisburg;653058
Rheinpark-Center S-Bahnhof Neuss;660693
Rheinsberg (Mark);8012760
Rheinsberger Tor Bahnhof Neuruppin;734247
Rheinsheim;8005067
Rheinsheim Schule;8070890
Rheinweiler;8005068
Rheinweiler Ort Bad Bellingen;499548
Rheinzabern Alte Römerstraße;8005072
Rheinzabern Bf;8005069
Rheinzabern Rappengasse;8005071
Rhens;8005070
Rhens KD;8075955
Rheydt Hauptbahnhof Mönchengladbach;658132
Rheydt Hbf;8000318
Rheydt-Odenkirchen;8005073
Rhöndorf;8005074
Rhöndorf Bahnhof;8075074
Rhöndorf Bahnhof Bad Honnef;442610
Ribnitz Bahnhof West Ribnitz-Damgarten;936147
Ribnitz-Damgarten Ost;8012762
Ribnitz-Damgarten Ost Friedhof;8087031
Ribnitz-Damgarten West;8012763
Ribnitz-Damgarten West (Bahnhofsvorplatz);8087032
Ricarda-Huch-Straße Nordhausen;248319
Richard-Wagner-Str Halberstadt;962022
Richard-Wagner-Str Wörth am Rhein;510756
Richard-von-Weizsäcker-Platz Berlin;731620
Richen (b Eppingen);8005077
Rickling;8005080
Ried;8005083
Ried Bahnhof Pfronten;965642
Ried Ort Sulzberg;965941
Ried Sandgasse;8071383
Riederau;8005086
Riederau Bahnhof Dießen a Ammersee;223090
Riederau Schiff Dießen a Ammersee;622959
Riedersbach;8101916
Riedlingen;8005087
Riedrode;8005089
Riedrode Bahnhof Bürstadt;509276
Riedstadt-Goddelau;8000126
Riedstadt-Wolfskehlen;8003605
Riedstadt-Wolfskehlen Friedhof;8071653
Riegel am Kaiserstuhl Ort;8007284
Riegel-Malterdingen;8005090
Riegel-Malterdingen NE;8007299
Riehen;8005091
Rielasingen Kirche;8079074
Rielasingen Mühle;8079823
Rielasingen Ramsener Straße;8070904
Rielasingen Schnaidholz;8070903
Rielasingen Zoll;8079808
Riem Bahnhof München;625929
Riem Bahnhof Nordseite (Dornach) München;625933
Riemenschneiderstr Chemnitz;984502
Rieneck;8005092
Riersbach Oberharmersbach;882502
Riesa;8010297
Rieschweiler;8005094
Rieschweiler Bahnhof Rieschweiler-Mühlbach;403175
Rieseby;8005095
Rieseby Schleibrücke Süd;8085385
Rieste;8005096
Riestedt;8012766
Riestedt Abzw Annarode;8071100
Riestedt Bahnhof (Bus) Sangerhausen;957015
Rietheim (Württ);8005097
Rietheim Bahnhof Rietheim-Weilheim;499389
Rietschen;8012767
Riffelriß Grainau;966907
Rigaer Straße Rostock;100085
Rimbach;8005098
Ringelheim Bahnhof Salzgitter;889451
Ringelheim Salzgitter;366125
Ringenwalde (Templin);8012768
Ringleben-Gebesee;8012769
Ringsheim/Europa-Park;8005101
Rinkerode;8005102
Rinklingen;8079059
Rinnthal;8005103
Rinteln;8005104
Rintheim Sinsheimer Straße Karlsruhe;370404
Rippberg;8005105
Rippberg Bahnhof Walldürn;106624
Risum-Maasbüll Bahnhof Risum-Lindholm;696140
Ritschenhausen;8012770
Ritter-von-Aldebert-Straße Fürth (Bayern);677263
Ritterhude;8005107
Robert-Bosch-Straße Dettingen unter Teck;555858
Robert-Bosch-Straße Nord Langen (Hessen);108395
Robert-Koch-Straße Freiburg im Breisgau;808279
Robert-Koch-Straße Pulsnitz;975387
Rockenhausen;8005111
Rodalben;8005113
Rodenbach (Dillkr);8005116
Rodenbach (b Hanau);8004402
Rodenbach Oranienstraße Haiger;121027
Rodenkirchen (Oldb);8005119
Rodenkirchen Bahnhof Stadland;768866
Rodewisch;8012775
Rodewisch Busbahnhof;8070985
Rodgau-Dudenhofen;8001567
Rodgau-Hainhausen;8002528
Rodgau-Jügesheim;8003131
Rodgau-Nieder Roden;8004351
Rodgau-Rollwald;8005156
Rodgau-Weiskirchen;8006293
Rodheim Schwimmbad Rosbach v d Höhe;361658
Rodheim vor der Höhe;8005120
Roding;8005121
Rodleben;8012777
Roetgen;8085023
Roggentin;8012785
Rogätz S-Bahnhof (Bus) Angern;953235
Rohr (Thür);8012787
Rohr (Thür) Ort;8089155
Rohr Mitte Stuttgart;561461
Rohr Stuttgart;561357
Rohrbach (Ilm);8000256
Rohrbach (Oberbay);8005145
Rohrbach (Oberbay) Schoßbach;8071455
Rohrbach (Pfalz);8005146
Rohrbach (Saar);8000319
Rohrenfeld;8005149
Roigheim;8005151
Roisdorf;8005152
Roisdorf Bahnhof Bornheim (Rheinland);446105
Roisdorf Bahnhof/Rosental Bornheim (Rheinland);442906
Roitzsch (Bitterf);8012788
Roitzsch Lindenstr/Haltepunkt Sandersdorf-Brehna;957968
Roitzsch Lindenstraße;8071713
Rolandseck;8005153
Rolandseck Bahnhof/Fähre;8071771
Rollhofen;8005154
Rommelshausen;8005157
Rommelshausen Bahnhof Kernen im Remstal;367701
Rommelshausen Kernen im Remstal;561568
Rommerskirchen;8005159
Romrod Kirche;8071840
Ronneburg (Thür);8010301
Ronnenberg;8005160
Ronnenberg Bauernwiesenweg;8071893
Ronsdorf Bahnhof Wuppertal;664674
Ronshausen;8005161
Ronshausen Bürgermeisteramt;8071120
Rosbach (Sieg);8005164
Rosbach Bahnhof Windeck;440115
Rosbach vor der Höhe;8005163
Rosenau (b Grafenau);8005166
Rosenauer Str/Bahnhof Dörfles-Esbach;468367
Rosenberg (Baden);8005168
Rosenbergstr Chemnitz;366222
Rosendahl-Holtwick;8002972
Rosengarten Bahnhof Frankfurt (Oder);740168
Rosenhag Bernburg (Saale);376460
Rosenheim;8000320
Rosenheim Aicherpark;8005169
Rosenheim Hochschule;8005173
Rosenheim Hochschule/FOS;8071453
Rosenheimer Platz München;140004
Rosenhügel Bahnhof Velbert;657862
Rosenthaler Platz (U) Berlin;732552
Rosenwinkel;8012792
Rostock Albrecht-Kossel-Platz;8070961
Rostock Hbf;8010304
Rostock Hbf Nord (Konrad-Adenauer-Platz);8071248
Rostock Holbeinplatz;8012805
Rostock Parkstraße;8012801
Rostock Seehaf Fähre;8089326
Rostock Seehafen Nord;8012802
Rostock Thierfelder Campus Südstadt;8079761
Rostock Thierfelder Straße;8079629
Rostock Toitenwinkel;8012808
Rostock ZOB;8089489
Rostock-Bramow;8012803
Rostock-Bramow Carl-Hopp-Str;8071788
Rostock-Dierkow;8012804
Rostock-Evershagen;8011523
Rostock-Hinrichsdorfer Straße;8012800
Rostock-Kassebohm;8012806
Rostock-Kassebohm Weißes Kreuz;8079762
Rostock-Lichtenhagen;8012221
Rostock-Lütten Klein;8012271
Rostock-Marienehe;8012807
Rostock-Marienehe An der Jägerbäk;8071759
Rostock-Marienehe Sporthalle;8071758
Rostock-Torfbrücke;8012582
Rot am See;8005179
Rot-Malsch;8005181
Rotenbach (Enz);8070277
Rotenburg (Wümme);8000321
Rotenburg an der Fulda;8005182
Rotenhain;8005184
Roter Turm Chemnitz;984607
Roth;8005185
Rothenburg ob der Tauber;8005190
Rothenburger Straße Nürnberg;682698
Rothenbürg;8005189
Rothenstein (Saale);8012811
Rott (Inn);8005194
Rottenacker;8005195
Rottenbach;8010305
Rottenbach Bahnhof Königsee;374571
Rottenburg (Neckar);8005197
Rottendorf;8005198
Rottershausen;8005199
Rotthausen Gelsenkirchen;365031
Rottweil;8000322
Rottweil Göllsdorf;8005200
Rottweil Neufra;8004280
Rottweil Saline;8005202
Rotweinstraße Rech;458853
Roxel Bahnhof Münster (Westf);910059
Roßbach (Pfalz);8005172
Roßbach Bahnhof Wolfstein;208029
Roßla;8012796
Roßla Bahnhof (Bus) Südharz;954792
Roßlau (Elbe);8010302
Roßlau (Elbe) Bahnhof (Bus) Dessau-Roßlau;961588
Roßleben;8012797
Roßplatz Leipzig;956668
Roßtal;8005177
Roßtal Wegbrücke;8005178
Roßtrappe/Bergstation Sessellift Thale;366755
Roßwein;8010303
Rudersberg;8007196
Rudersberg Nord;8070079
Rudersberg-Oberndorf;8007625
Rudersdorf (Siegen);8005205
Rudersdorf P+R Bahnhof Wilnsdorf;483020
Rudolstadt (Thür);8010306
Rudolstadt-Schwarza;8010307
Ruhland;8010308
Ruhlsdorf-Zerpenschleuse;8012821
Ruhlsdorf-Zerpenschleuse Bahnhof Marienwerder;738895
Ruhmannsfelden;8070664
Ruhpolding;8005222
Ruhrort Bahnhof Duisburg;376021
Ruhstorf;8005223
Ruit Knittlinger Straße;8071497
Rullstorf;8070644
Rumeln;8005225
Rumeln Bahnhof Duisburg;653073
Rummenohl;8005227
Rummenohl Bahnhof Hagen (Westf);372298
Runkel;8005229
Runkel Sparkasse;8071342
Ruppertsgrün;8012823
Rupprechtstegen;8005231
Rurberg Schiffsanleger Obersee Heimbach (Eifel);268577
Rurberg Schiffsanleger Rursee Simmerath;268570
Ruschberg;8007886
Ruschwedel;8007845
Rutesheim;8005236
Rutesheim Bahnhof Leonberg (Württ);561441
Ruthenbeck;8012824
Ruthenbeck B321 Friedrichsruhe;320907
Rätzlingen;8012705
Röblingen Bahnhof Seegebiet Mansfelder Land;954793
Röblingen am See;8010299
Rödelheim Bahnhof Frankfurt a M;101217
Rödental;8004633
Rödental Mitte;8005122
Röderhofer Str Halberstadt;962232
Rödermark-Ober Roden;8000285
Rödermark-Urberach;8006031
Rödlitz Bahnhof Lichtenstein/Sa;982984
Rödlitz-Hohndorf;8012781
Röhrmoos;8005127
Röhrnbach;8070810
Römerkanal Bahnhof Rheinbach;364330
Römerkastell Saarbrücken;836945
Römerstraße Dettingen unter Teck;561063
Rönshausen Bahnhof;8005131
Rönshausen Rönshausener Straße;8071381
Röntgental;8081210
Röslau;8005133
Rösrath;8005134
Rösrath-Stümpen;8005143
Rösslesweg Mühlacker;372690
Röt;8005135
Röt Baiersbronn;363036
Röte Weil im Schönbuch;555189
Rötenbach (Baden);8005136
Rötgesbüttel;8005137
Röthenbach (Allgäu);8005138
Röthenbach (Oberpf);8005139
Röthenbach (Pegnitz);8005140
Röthenbach Bahnhof Kohlberg (Oberpfalz);379973
Röthenbach-Seespitz;8005142
Röthenbach-Steinberg;8005141
Rövershagen;8010300
Rövershagen Karls Erlebnisdorf;8012818
Rößlerstr Chemnitz;330035
Rückersbacher Schlucht;8005208
Rückersdorf;8012816
Rückersdorf (Mfr);8005209
Rüdesheim (Rhein);8005213
Rüdesheim (Rhein) KD;8075969
Rüdnitz;8012819
Rüdnitz Dorf;8089153
Rügendammbahnhof Stralsund;952276
Rülzheim Bf;8005217
Rülzheim Freizeitzentrum;8005214
Rümmingen;8070524
Ründeroth;8005218
Ründeroth Bahnhof Engelskirchen;441024
Rüppurr Battstraße Karlsruhe;722324
Rüppurr Ostendorfplatz Karlsruhe;722325
Rüppurr Tulpenstraße Karlsruhe;722326
Rüppurrer Tor Karlsruhe;140085
Rüschpark (Fähre) Hamburg;626250
Rüschpark Hamburg;895330
Rüsselbach;8005219
Rüsselbach Bahnhof Igensdorf;683429
Rüsselsheim;8005220
Rüsselsheim Opelwerk;8005221
S-Bahn Station Stresemannallee Frankfurt a M;100934
S-Bahn Süd Neckarsulm;421169
S-Bahnhof (Bus) Bennewitz;373448
S-Bahnhof (Bus) Böhlen (Sachsen);956619
S-Bahnhof (Bus) Gräfenhainichen;953953
S-Bahnhof (Bus) Jesewitz;954129
S-Bahnhof (Bus) Landsberg (Saalekreis);964651
S-Bahnhof (Bus) Markkleeberg;956883
S-Bahnhof (Bus) Osterburg (Altmark);962114
S-Bahnhof (Bus) Schkeuditz;955266
S-Bahnhof (Bus) Seehausen (Altmark);961945
S-Bahnhof (Bus) Taucha;959217
S-Bahnhof (Bus) Teutschenthal;130828
S-Bahnhof Allee-Center (Bus) Leipzig;956676
S-Bahnhof Altstadt Meißen;304055
S-Bahnhof Anger-Crottendorf (Bus) Leipzig;956079
S-Bahnhof Bergisch Gladbach;445434
S-Bahnhof Bischofsplatz Dresden;972195
S-Bahnhof Buckau (Ersatzhalt) Magdeburg;371841
S-Bahnhof Buckau/Puppentheater Magdeburg;953453
S-Bahnhof Connewitz (Tram/Bus) Leipzig;955791
S-Bahnhof Dessauer Brücke (Tram) Halle (Saale);953047
S-Bahnhof Dobritz Dresden;360919
S-Bahnhof Eichenweiler Magdeburg;953354
S-Bahnhof Erkrath;654182
S-Bahnhof Essener Str (Bus) Leipzig;130699
S-Bahnhof Freiberger Straße Dresden;110025
S-Bahnhof Gaschwitz (Bus) Markkleeberg;957040
S-Bahnhof Gohlis (Bus) Leipzig;957546
S-Bahnhof Grenzstraße Dresden;500662
S-Bahnhof Grünauer Allee (Bus) Leipzig;223161
S-Bahnhof Hainsberg Freital;978706
S-Bahnhof Hainsberg West Freital;972707
S-Bahnhof Hilden;663673
S-Bahnhof Hochschule (Bus) Stendal;959441
S-Bahnhof Industriegelände Dresden;972209
S-Bahnhof Karlsruher Str (Bus) Leipzig;957443
S-Bahnhof Kötzschenbroda Radebeul;974360
S-Bahnhof Langenfeld (Rheinland);658830
S-Bahnhof Leutzsch Leipzig;958322
S-Bahnhof MDR (Bus) Leipzig;964060
S-Bahnhof Messe (Bus) Halle (Saale);962549
S-Bahnhof Messe (Tram/Bus) Leipzig;953793
S-Bahnhof Möckern (Tram/Bus) Leipzig;954205
S-Bahnhof Neuenhagen bei Berlin;738582
S-Bahnhof Neustadt (Bus) Magdeburg;962959
S-Bahnhof Neustadt (Tram) Magdeburg;953335
S-Bahnhof Neustadt (Tram/Bus) Halle (Saale);953228
S-Bahnhof Nietleben (Bus) Halle (Saale);953231
S-Bahnhof Nord (Bus) Leipzig;954196
S-Bahnhof Nord (Bus) Markkleeberg;958221
S-Bahnhof Oberer Bahnhof (Bus) Delitzsch;361681
S-Bahnhof Ost Radebeul;974358
S-Bahnhof Ost Südausgang Radebeul;978070
S-Bahnhof Pieschen Dresden;979228
S-Bahnhof Plagwitz (Tram/Bus) Leipzig;953794
S-Bahnhof Plauen Dresden;978191
S-Bahnhof Potschappel Freital;301102
S-Bahnhof Reick Dresden;973509
S-Bahnhof Rosengarten (Tram/Bus) Halle (Saale);953203
S-Bahnhof SKET Industriepark (Bus) Magdeburg;953559
S-Bahnhof Silberhöhe (Tram/Bus) Halle (Saale);953211
S-Bahnhof Slevogtstr (Bus) Leipzig;962548
S-Bahnhof Steintorbrücke Halle (Saale);953222
S-Bahnhof Strehlen Dresden;360757
S-Bahnhof Stötteritz (Tram/Bus) Leipzig;958145
S-Bahnhof Süd (Bus) Landsberg (Saalekreis);230709
S-Bahnhof Süd (Bus) Schönebeck (Elbe);964709
S-Bahnhof Süd Heidenau (Sachsen);973541
S-Bahnhof Süd Hilden;658036
S-Bahnhof Südost (Tram/Bus) Magdeburg;953375
S-Bahnhof Südstadt (Tram/Bus) Halle (Saale);953226
S-Bahnhof Thekla (Bus) Leipzig;954868
S-Bahnhof Trachau Dresden;360622
S-Bahnhof Trachau West Dresden;972183
S-Bahnhof Triebischtal Meißen;304079
S-Bahnhof Trotha (Bus) Halle (Saale);953233
S-Bahnhof Wahren (Bus) Leipzig;954095
S-Bahnhof Wedel;701183
S-Bahnhof Weintraube Radebeul;978068
S-Bahnhof West (Nordseite) (Bus) Schkeuditz;130843
S-Bahnhof Westseite Hilden;657454
S-Bahnhof Weststadt/Südstadt Heidelberg;506432
S-Bahnhof Wohnstadt Nord Halle (Saale);953117
S-Bahnhof Zscherbener Straße Halle (Saale);953271
S-Bahnhof/Bahnhofstr Machern;960370
SIG Combibloc Bahnhof (Bus) Linnich;589745
Saal (Donau);8005238
Saalbahnhof Jena;646784
Saalburg (Taunus);8007851
Saalburg/Lochmühle Bahnhof Wehrheim;106301
Saalfeld (Saale);8010309
Saarbrücken Hbf;8000323
Saarbrücken Ost;8005241
Saarbrücken-Burbach;8005243
Saarburg (Bz Trier);8005245
Saarhölzbach;8005246
Saarlouis Hbf;8005247
Saarmund;8081220
Saarmund Abzw zum Bahnhof Nuthetal;735403
Saarmund Abzweig zum Bahnhof;8079764
Saasen;8005249
Saasen Bahnhof Reiskirchen;111181
Saatel;8012827
Saatel Bushaltestelle;8079610
Sachsen (b Ansbach);8005250
Sachsendorf (Calbe);8012830
Sachsendorf (Calbe) Bahnhof (Bus) Barby;957234
Sachsenhausen (Nordb);8012831
Sachsenhausen Bahnhof Oranienburg;733708
Sachsenheim;8005253
Sagard;8012832
Sagehorn;8005256
Sagehorn Bahnhof Oyten;604098
Sagehorn Bahnhof Süd Oyten;197900
Salach;8005258
Salem;8004029
Salet Schönau a Königssee;877550
Saline (Autohaus) Rottweil;504739
Saline Rottweil;500901
Sallach;8005259
Salmtal;8005260
Salza/Bahnhof Nordhausen;248233
Salza/Zuckerweg Nordhausen;248347
Salzbergen;8005262
Salzburg Liefering;8102063
Salzburg Lieferinger Spitz;8171096
Salzburger Platz Freilassing;877324
Salzderhelden Bahnhof Einbeck;355600
Salzgitter;8096006
Salzgitter-Bad;8005265
Salzgitter-Immendorf;8005269
Salzgitter-Lebenstedt;8005270
Salzgitter-Ringelheim;8000325
Salzgitter-Thiede;8005274
Salzgitter-Watenstedt;8005275
Salzkotten;8005276
Salzkotten Bahnhof;368016
Salzwedel;8010310
Samoa FKK-Strand;8079175
Samtens;8012835
Sand (Niederbay);8005279
Sand Aiterhofen;541214
Sande;8005282
Sandebeck;8005283
Sandebeck Gasthaus Steinheim (Westf);927296
Sandebeck Südstraße Steinheim (Westf);928480
Sanderbusch;8005285
Sandershäuser Straße Kassel;712612
Sandersleben (Anh);8010311
Sandersleben (Anhalt) Bahnhof (Bus) Arnstein (Har;955659
Sandförde;8012839
Sandförde Jatznick;331883
Sandhagen bei Bad Doberan;8012840
Sandkrug;8005287
Sandkrug Bahnhof Hatten;769342
Sandow Bahnhofsvorplatz SEV Cottbus;201639
Sandow Cottbus;742937
Sandwehle;8005288
Sangerhausen;8010312
Sanitz (b Rostock);8012841
Sankt Alban;8005639
Sankt Alban St Dießen a Ammersee;246250
Sankt Bartholomä Schönau a Königssee;877548
Sanssouci;8005289
Sanssouci Balve;878181
Sarnau;8005291
Sarnow;8012842
Sarnow Dorf Pritzwalk;737782
Sarstedt;8005292
Sasbach am Kaiserstuhl;8007287
Sassenroth;8005293
Sassenroth Hellertalstraße;8071133
Sassnitz;8012843
Sassnitz Fährhafen;8089147
Sassnitz-Mukran Fährhafen;8081014
Satteldorf;8005297
Satzvey;8005298
Satzvey Bahnhof Mechernich;449999
Sauerlach;8005299
Sauldorf;8077776
Saulgrub;8005302
Saulheim;8004352
Savignyplatz Berlin;748217
Schafbrücke;8005306
Schafstädt;8012851
Schaftlach;8005311
Schaftlach Bahnhof Waakirchen;592618
Schaidt (Pfalz);8007857
Schalchen;8005312
Schalkau;8012852
Schalkau Mitte;8012854
Schalksmühle;8005316
Schalkstetten;8007072
Schallstadt;8005317
Schameder;8005319
Schandelah;8005320
Schandelah Bahnhof Cremlingen;889825
Schanz (Jakobstraße) Aachen;267123
Schanz (Vaalser Straße) Aachen;267348
Schaprode;8081011
Scharbeutz;8005321
Scharfenstein;8012853
Scharfenstein Bahnhof Drebach;982550
Scharmede;8005322
Scharmede Bahnhof Salzkotten;925713
Scharnebeck;8070529
Scharnhorst Bahnhof Dortmund;652440
Scharstorf;8012856
Schauinsland;8079176
Schechen;8005327
Schechen Gasthaus Egger;8071454
Scheeßel;8005330
Scheffelstr Chemnitz;330283
Scheibenberg;8012859
Scheidemannplatz Kassel;713679
Scheidt (Saar);8005332
Schelklingen;8005333
Schemmerberg;8005334
Schemmerberg Bahnhof Schemmerhofen;801075
Schenkenzell;8005335
Scheppach;8005329
Scherfede;8005336
Scherfede Bahnhof Warburg;927765
Scheuerfeld (Sieg);8005338
Scheven;8005339
Schieder;8005340
Schieder Bahnhof/SchiederSee Schieder-Schwalenber;927199
Schierbrok;8005343
Schierke;8017022
Schierling;8070811
Schierstedt;8012862
Schifferstadt;8000326
Schifferstadt Süd;8005345
Schiffsanleger Berg (Starnberger See);620305
Schiffsanleger Bernried (Starnberger See);620335
Schiffsanleger Chieming;844007
Schiffsanleger Dießen a Ammersee;620535
Schiffsanleger Gstadt a Chiemsee;844004
Schiffsanleger Herrsching a Ammersee;621558
Schiffsanleger Schondorf a Ammersee;623078
Schiffsanleger Seeon-Seebruck;844006
Schiffsanleger Seeshaupt;623130
Schiffsanleger Tutzing;623417
Schiffsanleger Utting a Ammersee;623528
Schiffweiler;8005346
Schildower Str Berlin;732436
Schilksee (Fähre) Kiel;360911
Schillerplatz Chemnitz;982228
Schillerstraße Karlsruhe;363040
Schiltach;8005350
Schiltach Mitte;8005347
Schimborn;8007280
Schimborn Bahnhof Mömbris;438013
Schimborn Gasth Rose Mömbris;425899
Schirgiswalde Am Bahnhof Schirgiswalde-Kirschau;976123
Schirgiswalde Post;8070861
Schirgiswalde-Kirschau;8012864
Schirnding;8005352
Schkeuditz;8012865
Schkeuditz West;8012863
Schkopau;8012867
Schlachthofstr Stollberg/Erzgeb;982850
Schladen (Harz);8005355
Schladen (Harz) Bahnhof Schladen-Werla;889862
Schladern (Sieg);8005356
Schladern Bahnhof Windeck;440128
Schlatt (CH);8503427
Schlatt (Hohenz);8007222
Schlatt Bahnhof Hechingen;751807
Schlatt Paradies (Fähre);8530837
Schlatt TG Bahnhof;8573491
Schlechtbach;8007195
Schlechtbach Michelau Rudersberg;422384
Schleife;8012870
Schleife Mansfeld;964727
Schlenk S-Bahnhof Duisburg;653099
Schleswig;8005362
Schlettau (Erzgeb);8012874
Schliengen;8005364
Schlierbach (Schwalm-Eder-Kreis);8005365
Schlierbach Bahnhof Heidelberg;518514
Schlierbach Bahnhof Neuental;104395
Schlierbach Neuental;713657
Schlierbach Orthopädische Klinik Heidelberg;506417
Schlierbach Ziegelhausen Bahnhof Heidelberg;422161
Schliersee;8005367
Schloss Gottesaue Karlsruhe;721642
Schloss Rüppurr Karlsruhe;721435
Schlossgarten Bruchsal;101857
Schlosshof Ponitz;201012
Schlosspark Bad Berleburg;379302
Schlosspark Biesdorf Berlin;733231
Schlossplatz/Bahnhof Eislingen (Fils);810319
Schlottwitz Hp Niederschlottwitz Glashütte;978347
Schlottwitz Mittelstraße;8087037
Schloß Holte;8005369
Schloß Holte Bahnhof Schloß Holte-Stukenbrock;927003
Schloß Neuhaus Bahnhof Paderborn;370312
Schluchsee;8005371
Schlüchtern;8000891
Schlüttsiel;8079003
Schlüttsiel/Anleger Ockholm;695371
Schmachtenhagen;8010319
Schmalkalden;8010315
Schmalkalden-Fachhochschule;8012881
Schmalnau;8005374
Schmalnau Bahnhof Ebersburg;111069
Schmalnau Bahnhofstraße;8071384
Schmalzgrube;8079136
Schmalzgrube Forellenhof;8079138
Schmidt Eschenauel Schiffsanleger Nideggen;268573
Schmidtheim;8005378
Schmidtheim Bahnhof Dahlem b Kall;379589
Schmiechen;8005379
Schmiechen (Schwab);8005381
Schmiechen Albbahn;8070974
Schmiechen Haltepunkt Schelklingen;492558
Schmiedeberg (Dresden);8012884
Schmiedeberg Buschmühle Dippoldiswalde;978707
Schmiedeberg-Naundorf;8012885
Schmilka Fährstelle am Hp Reinhardtsdorf-Schöna;973883
Schmilka Fährstelle im Ort Reinhardtsdorf-Schöna;973888
Schmilka Grenzübergang;8071307
Schmilka Grenzübergang Bad Schandau;973887
Schmilka-Hirschmühle;8012888
Schmittlotheim Bahnhof Vöhl;104259
Schmittlotheim Vöhl;715961
Schmollensee;8012892
Schmollensee Pudagla;332497
Schmölln (Ol);8012890
Schmölln (Thür);8012889
Schmölln Bahnhof Schmölln-Putzkau;976075
Schnabelwaid;8000328
Schnaittach Markt;8005383
Schneeberg (Mark);8012895
Schneeberg im Odenwald;8005386
Schneeberger Str Chemnitz;330277
Schnega;8000440
Schneidhain;8007163
Schnelldorf;8005388
Schnelsen (Bus) Hamburg;692443
Schnepfenthal (TWSB) Waltershausen;645063
Schneverdingen;8005390
Schney;8005391
Schney Grundschule Lichtenfels (Bayern);822120
Schnitzmühle;8070670
Schoden-Ockfen;8005392
Schondorf (Bay);8005417
Schongau;8005418
Schonungen;8005400
Schopfheim;8005420
Schopfheim West;8005425
Schopfheim-Schlattholz;8005426
Schopfloch (b Freudenstadt);8005421
Schopp;8005423
Schorndorf;8005424
Schorndorf Bahnhof/Grabenstraße;8071673
Schorndorf-Hammerschlag;8007191
Schortens-Heidmühle;8002695
Schoßbach Fa Huber Erharting;543788
Schramberg;501340
Schrezheim;8005431
Schrezheim Bahnhof Ellwangen (Jagst);421313
Schrobenhausen;8005432
Schrozberg;8005433
Schröderstraße Ettlingen;722990
Schule Altchemnitz Chemnitz;330276
Schule Dettenhausen;555865
Schule Elmenhorst (Vorpommern);325456
Schule Kodersdorf;743270
Schule Lübstorf;320174
Schule Meeder;462404
Schule Mücka;976935
Schule Papendorf b Rostock;935417
Schule Rechenberg-Bienenmühle;980262
Schule Walsleben b Neuruppin;734683
Schulzentrum Baiersbronn;377981
Schulzentrum Bretten;723545
Schulzentrum Coesfeld;901613
Schulzentrum Marktoberdorf;845080
Schulzentrum Süderbrarup;696961
Schulzentrum/Panoramabad Freudenstadt;132983
Schurzfell;8070902
Schurzfell Nordhausen;248265
Schutzbach;8007080
Schwaan;8010322
Schwabach;8005439
Schwabach-Limbach;8005440
Schwabhausen (b Dachau);8005442
Schwabmünchen;8005444
Schwabsberg;8005445
Schwabstraße SEV Stuttgart;366052
Schwabstraße Stuttgart;561580
Schwaig;8005451
Schwaig (b Nürnberg);8096019
Schwaigern (Württ);8005453
Schwaigern (Württ) West;8071002
Schwaigern Ost;8070156
Schwaigern West (Bus);361583
Schwaikheim;8005454
Schwalbach (Taunus) Limes;8005455
Schwalbach (Taunus) Nord;8005456
Schwallungen;8012929
Schwalmstadt-Wiera;8006401
Schwammenauel Parkplatz Heimbach (Eifel);203484
Schwammenauel Schiffsanleger Heimbach (Eifel);268574
Schwammenauel Staudamm Heimbach (Eifel);303494
Schwandorf;8000027
Schwanen Herbrechtingen;818245
Schwanheide;8012933
Schwante;8012934
Schwante An der Kirche;8081563
Schwante An der Kirche Oberkrämer;733854
Schwarmstedt;8005457
Schwarzburg;8012937
Schwarzenbach (Saale);8005466
Schwarzenbach (b Pressath);8005465
Schwarzenbek;8005468
Schwarzenberg;8006715
Schwarzenberg (Erzg);8010323
Schwarzenberg Bahnhof Baiersbronn;815218
Schwarzenberg Hp;8012938
Schwarzenberg-Neuwelt;8012939
Schwarzenfeld (Opf);8005469
Schwarzer Weg Bad Wildbad;828136
Schwarzheide Ost;8012941
Schwarzkollm;8012942
Schwarzkollm Bahnhof Hoyerswerda;976715
Schwarzmühle Schwarzatal;691260
Schwedt (Oder);8012943
Schwedt (Oder) Mitte;8012944
Schwedt (Oder) Mitte Bahnhof;729808
Schweich (DB);8005476
Schweicheln Bahnhof Hiddenhausen;361538
Schweighofen;8007860
Schweikershain;8012946
Schweikershain Bahnhof Erlau;981007
Schweikershain Geringswalder Straße;8071580
Schweikershain Wartehalle Erlau;980866
Schweinau Nürnberg;682704
Schweinfurt Hbf;8000032
Schweinfurt Mitte;8005479
Schweinfurt Stadt;8005481
Schweinsburg-Culten;8012947
Schweinsdorf;8005485
Schweizer Bahnhof Konstanz;501490
Schweißbrücke Erdmannhausen;422394
Schwelm;8000033
Schwelm Bahnhof Schwelm;658276
Schwelm West;8005488
Schwenningen (Bay);8005489
Schwenningen (Neckar);8005490
Schwenningen Bahnhof Villingen-Schwenningen;135777
Schwenningen Bf/Berufsakademie Villingen-Schwenni;501297
Schwenningen Bürgerheim Villingen-Schwenningen;500763
Schwenningen Eisstadion Villingen-Schwenningen;498023
Schwenningen Hammerstatt Villingen-Schwenningen;504264
Schwenningen Rottweiler Hof Villingen-Schwenninge;500762
Schwenzin;8012949
Schwenzin Waren (Müritz);333319
Schweppenburg-Heilbrunnen;8071495
Schwerin (Meckl) Süd (Bahn);363920
Schwerin Am Europahotel;8072951
Schwerin Hbf;8010324
Schwerin Marienplatz;8089470
Schwerin Mitte;8012940
Schwerin Platz der Jugend;8089479
Schwerin Süd;8012951
Schwerin-Görries;8010325
Schwerin-Lankow;8012953
Schwerin-Margaretenhof;8012960
Schwerin-Warnitz;8012954
Schwerin-Wüstmark;8013354
Schwerte (Ruhr);8000037
Schweta Bf;8070693
Schweta Gasth;8070692
Schwetzingen;8005494
Schwetzingen-Hirschacker;8005493
Schwieberdingen;8007326
Schwieberdingen Mitte;561018
Schwieberdinger Straße Hemmingen (Württ);556870
Schwindegg;8005495
Schwäbisch Gmünd;8000329
Schwäbisch Hall;8005449
Schwäbisch Hall-Hessental;8000330
Schwörstadt;8005497
Schöllkrippen;8007283
Schömberg (b Rottweil);8029359
Schömberg Stausee;8072211
Schöna;8012898
Schöna (Gr);8089126
Schöna Dorfplatz;8012904
Schöna Fährstelle Reinhardtsdorf-Schöna;973855
Schönau (Hörsel);8012899
Schönberg (Meckl);8012902
Schönberg (Vogtl);8010317
Schönberg Bahnhof Rosenbach/Vogtl;967231
Schönborn (Doberl);8012903
Schönbuchstraße Böblingen;555723
Schönbörnchen Wendestelle Glauchau;983675
Schönebeck (Elbe);8010318
Schönebeck Süd;8081260
Schönebeck-Bad Salzelmen;8012907
Schönebeck-Felgeleben;8013465
Schönebeck-Frohse;8081270
Schöneck (Vogtl);8012908
Schöneck (Vogtl) Ferienpark;8000343
Schöneck-Büdesheim;8001248
Schöneck-Kilianstädten;8003255
Schöneck-Oberdorfelden;8004523
Schönerlinde;8012910
Schönerlinde Bahnhof Wandlitz;727303
Schönewörde;8005405
Schönfließ (Mark) Dorf;8012914
Schönfließ (b Oranienburg);8081290
Schönfließ Kirche Mühlenbecker Land;733816
Schönfließer Str Hohen Neuendorf;733694
Schöngeising;8005406
Schönhalde Wangen im Allgäu;191312
Schönhausen (Elbe);8010321
Schönhauser Allee Berlin;732618
Schönmünzach;8005409
Schönmünzach Bahnhof Baiersbronn;721829
Schönow (Angerm);8012918
Schönow Bahnhof Passow (Uckermark);738927
Schönstedt;8012919
Schönstedt Schule;8070987
Schönwald (Oberfr);8005412
Schönwalde (Barnim);8081300
Schönwalde (Barnim) Kreuzung;8071848
Schönwalde (Spreewald);8012923
Schönwalde (Spreewald) Bahnhof Schönwald (Branden;741048
Schönwalde Bahnhof Wandlitz;738880
Schönwalde Kreuzung Wandlitz;740034
Schöppenstedt;8005413
Schötmar;8005415
Schötmar Bahnhof Bad Salzuflen;920356
Schülldorf;8005435
Schüptitz;8012927
Schüttorf;8005436
Sebnitz (Sachs);8012959
Sechshelden;8005498
Sechshelden Bahnhof Haiger;111004
Sechtem;8005499
Sechtem Bahnhof Bornheim (Rheinland);444367
Sechtem Bahnhof P+R Nord Bornheim (Rheinland);443907
Seckach;8000042
Seddin;8013492
Seddin Bahnhof Seddiner See;735279
Seddin Waldstraße;8079767
Sedlitz Bahnhof Senftenberg;741706
Sedlitz Ost;8010183
Seebach (Mühlhaus);8012961
Seebach (b Mühl) Ort;8089141
Seebach Ort Mühlhausen (Thür);215198
Seebad Ahlbeck;8012962
Seebad Ahlbeck Bahnhof;8089172
Seebad Heringsdorf;8012963
Seebergen;8012965
Seebergen Bahnhof Drei Gleichen;645306
Seebrugg;8005502
Seebrugg Bahnhof Schluchsee;502943
Seebrugg Straßenkreuzung Schluchsee;502942
Seefeld (Mark);8012966
Seefeld (Mark) Dorf;8081060
Seefeld (Mark) Dorf Werneuchen;740051
Seefeld (Mark) Eichenstr Werneuchen;749470
Seefeld (Mark) Eichenstraße;8071845
Seefeld-Hechendorf;8005504
Seeg;8005505
Seegarten (Fähre) Kiel;360902
Seegarten Heidelberg;518184
Seegefeld;8081586
Seegefeld Bahnhof Falkensee;361180
Seeglas (Schiff) Gmund a Tegernsee Gmund a Tege;966969
Seeglas Gmund a Tegernsee;596209
Seeglas Kurstraße Gmund a Tegernsee;592945
Seehausen (Altm);8012967
Seehausen (Uckermark);8012968
Seehausen Bahnhof Oberuckersee;738931
Seeleiten-Berggeist;8005506
Seelow (Mark);8012973
Seelow-Gusow;8011788
Seelow-Gusow Bahnhof Gusow-Platkow;740315
Seelvitz;8012974
Seelze;8005507
Seerhausen;8012975
Seesauna (Schiff) Tegernsee;966965
Seesauna Tegernsee;591705
Seesen;8000043
Seeshaupt;8005508
Sehlem (Kr Wittlich);8005510
Sehma;8012976
Sehnde;8005511
Seiboldsdorf;8005512
Seifersdorf;8012977
Seifhennersdorf;8012979
Seitschen;8012981
Seitschen Bahnhof Göda;363630
Selb Nord;8005516
Selb Stadt;8005517
Selb-Plößberg;8005518
Selbitz;8005520
Selhausen;8007835
Seligenstadt (Hess);8005522
Seligenstadt (b Würzburg);8005523
Seligenstadt Bahnhof Prosselsheim;820494
Seligenstadt Mainschleifenbahn;8070859
Sellin (Rügen) Ost;8012983
Sellin (Rügen) West;8070258
Sellin Ost;952262
Sellstedt;8007811
Selm;8005525
Selm-Beifang;8005526
Seltendorf;8012984
Senden;8005532
Senftenberg;8010327
Senne Bahnhof Bielefeld;922997
Sennelager;8005534
Sennestadt;8005535
Sennestadt Bahnhof Bielefeld;923804
Sennfeld;8005536
Sennfeld Bahnhof Adelsheim;420707
Sennfeld Rathausplatz Adelsheim;509737
Serams;8012986
Serams Wendeplatz Zirkow;952266
Serrig;8005539
Sersheim;8005540
Sersheim Bahnhofstraße;8071414
Seubersdorf;8005543
Seulberg;8005544
Seulberg Linde Friedrichsdorf;102770
Seulbitz;8005545
Seulbitz Ort Schwarzenbach a d Saale;546466
Seybothenreuth;8005547
Siebeldingen-Birkweiler;8005551
Siebenbrunn;8012988
Siebenbrunn Steinknock;8071305
Siedlinghausen;8005555
Siedlung Soltendieck;317971
Siegburg Bahnhof;8075556
Siegburg/Bonn;8005556
Siegelsbach;8007438
Siegelsdorf;8005557
Siegelsdorf Bahnhof Veitsbronn;683449
Siegen;8000046
Siegen-Geisweid;8003018
Siegen-Weidenau;8003020
Siegsdorf;8005559
Siemenswerke München;637528
Sierksdorf;8005561
Siersburg;8005562
Siershahn;8000060
Siglingen;8005566
Siglingen L1096 Neudenau;421030
Sigmaringen;8000069
Sigmaringendorf;8005568
Silbach;8005569
Silbach Bahnhof Winterberg;412921
Silberhausen;8012993
Silberhausen Bahnhof Dingelstädt;161017
Silberhütte NE;8017023
Silberstraße;8012996
Silcherstraße Wörth am Rhein;510758
Simbach (Inn);8000072
Simmelsdorf-Hüttenbach;8005572
Simtshausen;8005573
Simtshausen Bahnhof Münchhausen am Christenberg;711422
Simtshausen Bundesstraße Münchhausen am Christenb;716099
Sindelfingen;8005574
Sindlingen Bahnhof Frankfurt a M;102099
Sindorf;8005575
Singen (Hohentwiel);8000073
Singen (Hohentwiel) Friedrich-Ebert-Platz;8079223
Singen (Htw) Bahnhof;8079073
Singen (Htw) Heidenbühl;8079246
Singen (Htw) Julius-Bührer-St;8079989
Singen (Htw) Markuskirche;8079795
Singen (Htw) Rielasinger-Straße;8079709
Singen (Thür);8012998
Singen Bahnhof Stadtilm;670014
Singen Busbahnhof;501507
Singen Industriegebiet;8079616
Singen Landesgartenschau;8005560
Singlis;8005576
Sinn;8005577
Sinsen Bahnhof Marl (Westf);372283
Sinsheim (Elsenz) Hauptbahnhof;379849
Sinsheim (Elsenz) Hbf;8005578
Sinsheim Museum/Arena;8070097
Sinzheim;8005587
Sinzheim (b Bühl);720824
Sinzheim Nord;8005588
Sinzig (Rhein);8005580
Sinzing;8005581
Sipplingen;8005582
Sittinger Alzenau i UFr;425907
Sitzendorf Bahnhof Unterweißbach;691276
Sitzendorf-Unterweißbach;8013000
Sodener Stock Kronberg im Taunus;102253
Soest;8000076
Sohl;8013002
Sohland;8013003
Solingen Grünewald;8005597
Solingen Hbf;8000087
Solingen Mitte;8005598
Solingen Vogelpark;8006714
Solingen-Schaberg;8005590
Solln Bahnhof Wendeschleife München;626175
Solln München;625196
Sollstedt;8013004
Solms;8005592
Solnhofen;8005593
Solpke;8013005
Soltau (Han);8000088
Soltau Nord;8005594
Soltendieck;8000445
Soltendieck Siedlung;8071244
Sommerrain Stuttgart;561440
Sondern;8005600
Sondern Seebahnhof Olpe;415736
Sondernach;8005601
Sondernach Ortsausgang Schelklingen;491745
Sondernheim;8005602
Sondernheim Bahnhof Germersheim;235002
Sondernheim Scherer Germersheim;509812
Sondershausen;8010329
Sonnborn Bahnhof Wuppertal;664750
Sonnborner Ufer Wuppertal;657929
Sonneberg (Thür) Hbf;8013008
Sonneberg (Thür) Nord;8013009
Sonneberg (Thür) Ost;8013010
Sonneberg (Thür) West;8013011
Sonneberg Nord;210015
Sonnenstraße Freiburg im Breisgau;808141
Sontheim (Schwab);8005607
Sontheim-Brenz;8005608
Sonthofen;8005609
Sontra;8005610
Sontra Breitwiese;8071122
Sophian-Kolb-Straße Bayreuth;468211
Sophienhof;8017040
Sophienstraße Karlsruhe;370602
Sorge;8017024
Sossenheim Bahnhof Frankfurt a M;102199
Sottrum;8005613
Soyen;8005614
Spaichingen;8005616
Spaichingen Mitte;8005617
Sparkasse Runkel;100177
Sparkasse/Bahnhof Küps;464816
Sparrieshoop;8007066
Sparrieshoop Bahnhof Klein Offenseth-Sparrieshoop;704594
Spay;8005622
Spechtritz;8013015
Speele;8005623
Speicher;8005624
Speikern;8005625
Sperrwerk Neuenfelde Hamburg;693432
Speyer Hbf;8005628
Speyer Nord-West;8005626
Spich;8005629
Spich Bahnhof Troisdorf;444170
Spiegelau;8005630
Spiegelstr Halberstadt;953077
Spiekeroog;8007767
Spielberg;8079048
Spinnerei Ettlingen;720478
Splau;8011082
Sponholz;8013017
Sponholz Ort;8079768
Spornitz;8013018
Sportforum Bernburg (Saale);366462
Sportplatz Sülstorf;321154
Sprakel Bahnhof Münster (Westf);906760
Spreewaldbahnhof Cottbus;742967
Spreewiesen Berlin;733502
Spremberg;8010330
Sprendlingen (Rheinh);8005637
Sprendlingen Bahnhof Dreieich;102703
Springe;8005638
Sprötze;8005640
Sprötze Bahnhof Buchholz (Nordheide);617738
Spöck Hochhaus Stutensee;721334
Spöck Richard-Hecht-Schule Stutensee;362296
St Augustin Kloster;8070767
St Augustin Markt;8070025
St Augustin Ort;8070766
St Augustin-Mülldorf;8070768
St Egidien;8010331
St Georgen (Schwarzw);8005644
St Georgen Kirche Freiburg im Breisgau;808262
St Georgen Schiff Freiburg im Breisgau;808249
St Goar;8005645
St Goar KD;8075961
St Goarshausen;8005646
St Goarshausen KD;8075960
St Ilgen Bahnhof Leimen (Baden);518546
St Ilgen Bahnhof Ost Leimen (Baden);518547
St Ilgen Bahnhof West Leimen (Baden);427528
St Ilgen-Sandhausen;8005648
St Ingbert;8005649
St Johanner Markt Saarbrücken;837515
St Jöris Bahnhof (Bus) Eschweiler;268977
St Koloman;8005652
St Mang;8005653
St Michaelisdonn;8005655
St Ottilien;8005656
St Pantaleon-Reith;8101583
St Petersburger Straße Rostock;939265
St Thomas;8005658
St Wendel;8005659
St. Blasien Busbahnhof;502916
St. Goar Fähre;8071778
Staaken Bahnhof Berlin;745543
Staatsbahnhof Oerel;615037
Staatsstraße Erdweg;209726
Staatstheater Saarbrücken;836358
Stade;8000089
Stadion Osttribüne Frankfurt a M;101808
Stadlerplatz Chemnitz;984153
Stadt Wehlen (Sachs);8013022
Stadtallendorf;8005661
Stadtbahnhof 1A Iserlohn;880903
Stadtbahnhof 1B Iserlohn;878713
Stadtbahnhof 1C Iserlohn;880910
Stadtbahnhof 1D Iserlohn;880902
Stadtbahnhof 1E Iserlohn;881014
Stadtbahnhof 1F Iserlohn;878211
Stadtbahnhof 2A Iserlohn;880974
Stadtbahnhof 2B Iserlohn;880942
Stadtbahnhof 2D Iserlohn;879350
Stadtbahnhof 3 Iserlohn;879327
Stadtbahnhof Bingen am Rhein;520137
Stadtbahnhof Eichstätt (Bayern);376402
Stadtbahnhof Eschwege;715207
Stadtbahnhof Freudenstadt;815184
Stadtbahnhof Schweinfurt;465754
Stadtbahnhof Trossingen;371717
Stadthagen;8005662
Stadthalle Chemnitz;982216
Stadthalle Heidelberg;201170
Stadthalle Zwickau;371171
Stadthaus S-Bahnhof Dortmund;655673
Stadthaus Werne;910185
Stadtilm;8013023
Stadtmitte Bad Doberan;935698
Stadtmitte Bretten;111553
Stadtmitte Hadamar;454210
Stadtmitte Kaiserslautern;306226
Stadtmitte Stuttgart;106056
Stadtmitte-Bahnhof Nagold;828346
Stadtoldendorf;8005665
Stadtprozelten;8005666
Stadtrade Kiel;703703
Stadtring/Hauptbahnhof Cottbus;729554
Stadtroda;8013025
Stadtseebahnhof (Bus) Stendal;959527
Stadtwald S Mettmann;379083
Stadtwald S-Bahnhof Mettmann;665700
Stadtwerke Karlsruhe;370315
Stadtwerke Konstanz;504172
Staffel;8005668
Staffel Ost;8071537
Staffel Ost Limburg a d Lahn;457145
Stahringen;8077773
Stahringen Bahnhof Radolfzell am Bodensee;503605
Stambach;8005673
Stambach Bahnhof Contwig;509015
Stammbach;8005674
Stammheim S-Bahn Köln;441574
Stapelburg;8013432
Starckstraße Karlsruhe;365101
Starnberg;8005676
Starnberg Nord;8005675
Starnberg Nord Bahnhof;625207
Starnberg SF;8076134
Stauchitz;8013029
Staudernheim;8005678
Staufen;8007332
Staufen Süd;8007333
Staufenberg-Speele Pommernstraße;8071123
Staßfurt;8010332
Stebnice;5402933
Stederdorf (Kr Uelzen);8005682
Stederdorf Bahnhof Wrestedt;317805
Steele Ostbahnhof Essen (Ruhr);654785
Steele S-Bahnhof Essen (Ruhr);652675
Stefan-Heym-Platz Chemnitz;330016
Stegen Schiffsanleger Inning a Ammersee;623242
Stegenwaldhaus;8005686
Stegenwaldhaus Bahnhof Selbitz (Oberfranken);117076
Steilküste/Wittenbeck;8011847
Stein (Traun);8005687
Stein an der Traun Traunreut;594409
Steina;8013033
Steinach (Baden);8005688
Steinach (Thür);8013034
Steinach (Thür) Süd;8013036
Steinach (b Rothenburg);8000091
Steinach Bahnhof Gallmersgarten;460217
Steinach Breitenberg Bahnhof Pfronten;965650
Steinalben;8005689
Steinau (Straße);8005690
Steinbach (b Jöhstadt) Stolln;8079139
Steinbach (b Jöhstadt) Wildbach;8079238
Steinbach (bei Jöhstadt);8079137
Steinbach Rebland Baden-Baden;721653
Steinbach am Wald;8005692
Steinbach-Hallenberg;8013037
Steinberg Bahnhof Dietzenbach;100485
Steinbühl Bahnhof Nürnberg;675080
Steinebach;8005699
Steinebach Bahnhof Wörthsee;625809
Steinefrenz;8005700
Steinen;8005701
Steinerne Renne;8017025
Steinfeld (Oldb);8005703
Steinfeld (Pfalz);8007858
Steinfeld (Stendal);8013039
Steinfurt-Borghorst;8001096
Steinfurt-Burgsteinfurt;8000062
Steinfurt-Grottenkamp;8005712
Steinhagen (Westf);8005704
Steinhagen Bielefelder Straße (Westf);8005702
Steinhausen-Neuburg;8013040
Steinheim (Main);8005706
Steinheim (Main) Bahnhof Hanau;104504
Steinheim (Westf);8005708
Steinhäusle Bad Herrenalb;722970
Steinhöring;8005709
Steinpleis;8010333
Steinpleis Post;8071329
Steinsfurt;8005714
Steinsfurt Bahnhof SEV Sinsheim;422218
Steinsfurt Bahnhof Sinsheim;509991
Steinweiler;8005713
Steinwenden;8005715
Steinwerder (Fähre) Hamburg;693395
Steinwerder Hamburg;693388
Steinwiesen Bf;8005716
Stelle;8005717
Stelle Bahnhof Stuhr;611465
Stelle DHE;8070547
Stendal;8010334
Stendal Hochschule;8013045
Stendal Vorbf;8013046
Stendal-Stadtsee;8010335
Stenn;8013047
Stenn Wendestelle;8070986
Sterbfritz;8005720
Sterbfritz Bahnhof Sinntal;111316
Sterkrade Bahnhof Oberhausen (Rheinland);653931
Sterkrade Bahnhof Westseite Oberhausen (Rheinland;660894
Sternfeld;8013051
Sternfeld Ort;8079769
Sternhaus-Haferfeld;8017026
Sternhaus-Ramberg;8017027
Sternschanze (Messe) Hamburg;374950
Sterzhausen;8005722
Sterzhausen Bahnhof Lahntal;372093
Stetten (Donau);8005723
Stetten (Haigerloch);8070548
Stetten (Schwab);8005725
Stetten Bahnhof Lörrach;502075
Stetten Bahnhof/Zeppelinstraße Lörrach;496674
Stetten Donaustraße Mühlheim an der Donau;501506
Stetten Kirche Schwaigern;755406
Stetten am Heuchelberg;8005724
Stetten-Beinstein;8005726
Stettfeld (Baden);8007134
Stettfeld (Baden) Bahnhof Ubstadt-Weiher;723679
Stettfeld-Weiher;8005933
Steuler Mühlacker;940490
Stiege;8017028
Stierstadt Bahnhof Oberursel (Taunus);111502
Stift Heiligengrabe;737962
Stift Keppel-Allenbach;8005731
Stock Hafen Bahnhof Prien a Chiemsee;844014
Stock Hafen Schiffsanleger Prien a Chiemsee;844001
Stockach NE;8077774
Stockau;8005734
Stockdorf;8005735
Stockhausen (Lahn);8005736
Stockhausen Bahnhof Leun;111120
Stockheim (Oberfr);8005737
Stockheim (Unterfr);8005738
Stockheim Bahnhof Glauburg;106504
Stockstadt (Main);8005739
Stockstadt (Rhein);8005740
Stolberg (Rheinl) Gbf;8099506
Stolberg (Rheinland) Hbf;8000348
Stolberg Hbf Gleis 27 (Rheinl);8098348
Stolberg Rheinl Hbf Gl 44;8098349
Stolberg-Altstadt;8005741
Stolberg-Mühlener Bahnhof;8005745
Stolberg-Rathaus;8005743
Stolberg-Schneidmühle;8005744
Stollberg (Sachs);8010337
Stollberg (Sachs) Gewerbepark;8071811
Stollberg Schlachthofstraße;8017415
Stolpen;8013057
Stolpen Grüne Aue;8079044
Stommeln;8005746
Stommeln Bahnhof Pulheim;444896
Stoppelmarkt Vechta;603364
Storkow (Mark);8013058
Storzingen;8005747
Storzingen Bahnhof Stetten am kalten Markt;752478
Stotternheim;8013061
Stotternheim Bahnhof Erfurt;645867
Stotzheim;8005748
Stotzheim Bahnhof Euskirchen;379592
Stozec;5402937
Stralsund Hafen;8081012
Stralsund Hbf;8010338
Stralsund Hbf (Bahnhofstraße);8079454
Stralsund Krankenhaus West;8079770
Stralsund Rügendamm;8013062
Stralsund-Grünhufe;8011778
Strande (Fähre) Kiel;360912
Strasburg (Uckerm);8010339
Straubing;8000095
Straubing-Ost;8006745
Strausberg;8010341
Strausberg (S);8089187
Strausberg Nord;8013064
Strausberg Nord S-Bahn;738576
Strausberg Stadt;8081420
Strausberg Stadt S-Bahn;738577
Strausberg-Hegermühle;8080680
Straußfurt;8010342
Straß Kirche Burgheim;784507
Straß-Moos;8005749
Straßberg (Harz);8017029
Straßberg (Harz) Bahnhof (Bus) Harzgerode;962268
Straßberg Haltepunkt Bahnhof Plauen;968556
Straßberg-Glasebach;8084109
Straßberg-Winterlingen;8005750
Straßenmeisterei Kirchheim unter Teck;557203
Straßgräbchen-Bernsdorf;8010340
Straßkirchen;8005752
Streitberg;8070550
Strenzfeld Bernburg (Saale);959124
Stresemannallee/Mörfelder Landstr Frankfurt a M;100920
Strobelmühle;8010270
Strohkirchen;8013069
Strullendorf;8005760
Struthütten;8005761
Struthütten Ort;8071297
Struthütten Ort Neunkirchen (Siegerland);416124
Struveshof Bahnhof Ludwigsfelde;728553
Struwenberg Abzw Falkenberg;8070015
Struwenberg Abzw Falkenberg Hohenfinow;739847
Stryck;8005762
Strötzbach Giesbert Mömbris;425896
Stubben;8005763
Stubben Bahnhof Beverstedt;604781
Stubbenfelde;8087027
Stubbenfelde Loddin;332503
Stubersheim;8007071
Stumsdorf;8010343
Stumsdorf Bahnhof (Bus) Zörbig;959845
Stuttgart Ebitzweg;8005766
Stuttgart Feuersee;8006699
Stuttgart Flughafen/Messe;8005768
Stuttgart Flughafen/Messe (SAB) Leinfelden-Echter;422028
Stuttgart Flughafen/Messe Leinfelden-Echterdingen;402103
Stuttgart Hbf;8000096
Stuttgart Hbf (tief);8098096
Stuttgart Hbf (tief) +;8050096
Stuttgart Neckarpark (Mercedes-Benz);8006743
Stuttgart Nord;8005767
Stuttgart Nürnberger Straße;8004357
Stuttgart Schwabstraße;8006698
Stuttgart Stadtmitte;8006700
Stuttgart Universität;8006513
Stuttgart-Bad Cannstatt;8005769
Stuttgart-Feuerbach;8005770
Stuttgart-Münster;8005771
Stuttgart-Obertürkheim;8005772
Stuttgart-Rohr;8005773
Stuttgart-Sommerrain;8005774
Stuttgart-Untertürkheim;8005775
Stuttgart-Vaihingen;8005776
Stuttgart-Zazenhausen;8005777
Stuttgart-Zuffenhausen;8005778
Stuttgart-Österfeld;8005779
Styrum S-Bahnhof Mülheim an der Ruhr;658949
Stößen Zeitzer Straße;8070818
Stühlingen;8005764
Stützerbach;8013071
Subzin-Liessow;8013072
Suchsdorf;8005781
Suchsdorf Bahnhof Kiel;691880
Suderburg;8005780
Suerhop;8005788
Suhl;8010345
Suhl-Heinrichs;8013077
Sukow (b Schwerin);8013079
Sulmingen;8079100
Sulmingen (Bus) Maselheim;490587
Sulz (Neckar);8005791
Sulzbach (Inn);8005793
Sulzbach (Main);8005794
Sulzbach (Murr);8005795
Sulzbach (Saar);8005796
Sulzbach (Saar) Altenwald;8005797
Sulzbach (Taunus);8005798
Sulzbach (Taunus) Nord;8005799
Sulzbach Marktplatz;8071025
Sulzbach-Rosenberg;8005800
Sulzbach-Rosenberg Hütte;8005801
Sulzberg;8005802
Sulzfeld (Baden);8005805
Syke;8005809
Sylbach;8005810
Sylbach Bahnhof Bad Salzuflen;923014
Sylt-Ost Sportanlage;8079177
Syrau;8013080
Sythen;8005811
Sythen Bahnhof Haltern am See;656611
Sythen Bahnhof Hst 2 Haltern am See;657702
Sägmühleweg Höfen an der Enz;721224
Sättelstädt;8012826
Södel Bahnhof Wölfersheim;111446
Sölde Bahnhof Dortmund;652501
Söllingen (b Karlsr);8005585
Söllingen Kapellenstraße;8070865
Söllingen Reetzstraße;8007866
Sömmerda;8010328
Sörup;8005586
Südbahnhof (Park der Jugend) Gera;375708
Südbahnhof (Sachsenplatz Gera;262033
Südbahnhof Arnstadt;645556
Südbahnhof Aschaffenburg;425582
Südbahnhof Bad Oeynhausen;361028
Südbahnhof Bad Vilbel;102401
Südbahnhof Chemnitz;982656
Südbahnhof Darmstadt;111320
Südbahnhof Eschborn;102299
Südbahnhof Essen (Ruhr);654796
Südbahnhof Frankfurt a M;100912
Südbahnhof Gera;647900
Südbahnhof Greifswald;331509
Südbahnhof Marburg;111323
Südbahnhof Neuenbürg;724323
Südbahnhof Neumünster;694291
Südbahnhof Neuss;660720
Südbahnhof Schifferstadt;518501
Südbahnhof Trier;259067
Südbahnhof Würzburg;220219
Südbahnhof-West/Am Krekel Marburg;110097
Südbahnhof/Mörfelder Landstraße Frankfurt a M;100916
Süderbrarup;8005782
Süderdeich;8005783
Süderlügum;8005789
Südheimer Platz Stuttgart;372413
Südstraße (Hauptbahnhof) Gotha;645219
Sülmertor Heilbronn;756062
Sülstorf;8013073
Sülstorf Sportplatz;8070981
Sülzbach;8005786
Sülzbach Schule;8005792
Sülzenbrücken;8013074
Sülzenbrücken (Bushaltestelle) Amt Wachsenburg;645431
Sünching;8005787
Süßen;8005790
TU Campus Chemnitz;361220
Taben;8005812
Taben Bahnhof Taben-Rodt;255889
Tacherting;8005813
Talbahnhof/Raiffeisen-Platz (Bus) Eschweiler;267760
Taläcker Bergstation Künzelsau;111772
Tamm (Württ);8005820
Tangerhütte;8013083
Tangermünde;8013084
Tangermünde West;8013085
Tanndorf;8013087
Tanndorf Bahnhof (Bus) Colditz;960097
Tanneneck;8007051
Tanneneck Bahnhof Ellerau;693926
Tannenweg Wetter (Hessen);716098
Tannheim (Württ);8005823
Tannheim (Württ) Busbahnhof;802121
Tannroda;8013089
Tannroda Bahnhof Bad Berka;646173
Tantow;8013090
Tantow (Gr);8089127
Tapfheim;8005824
Tarp;8005825
Tating;8005826
Taubenheim (Spree);8013092
Taubenheim Bahnhof Sohland a d Spree;976116
Tauberbischofsheim;8005827
Tauberfeld;8005828
Tauberfeld Bahnhof Buxheim (Oberbayern);846993
Taucha (Leipzig);8013093
Taufkirchen;8005831
Taufkirchen (Kreis München);638211
Taunusanlage Frankfurt a M;100011
Tautenhain;8013095
Technopark Chemnitz;366226
Teckhalle Owen;558231
Tegernsee;8007632
Teicha;8013097
Teicha Bahnhof (Bus) Petersberg (Saalekreis);962476
Teichland;8012445
Teisendorf;8005833
Teisnach;8070666
Teisnach Rohde und Schwarz;8005839
Telgte;8005834
Teltow;8013100
Teltow Stadt;8080450
Teltow Stadt (Mahlower Straße/Gonfrevillestraße);8071937
Teltow Stadt Mahlower Straße SEV;110833
Temmels;8005835
Templin;8010347
Templin F-Engels-Str;8087075
Templin Stadt;8010117
Templin Stadt Bahnhof;738036
Templin-Ahrensdorf;8013102
Templin-Ahrensdorf Abzw;8087076
Teningen-Mundingen;8005836
Teschenhagen;8013104
Teschow;8013105
Teschow Alt Bukow;936344
Teschow Gaststätte;8079771
Teschow Gaststätte Alt Bukow;935246
Tessin;8013106
Tessin West;8079604
Teterow;8010348
Tetz Bahnhof (Bus) Linnich;585115
Teuchern;8010349
Teufelsbrück (Fähre) Hamburg;692778
Teufelsbrück Hamburg;692684
Teufelsmühle;8013537
Teutschenthal;8013110
Teutschenthal Ost;8013111
Thale Hbf;8013112
Thale Musestieg;8013125
Thaleischweiler-Fröschen;8005843
Thalfingen (b Ulm);8005845
Thalfingen Bahnhof Elchingen;801190
Thalfingen Ortsmitte Elchingen;801193
Thalheim (Erzgeb);8013113
Thalheim (Erzgeb) Mitte;8013117
Thalheim (b Oschatz);8070690
Thalitter (Bus) Vöhl;714203
Thann-Matzbach;8005852
Thansüß;8005855
Tharandt;8013114
Theater Halberstadt;953804
Theater Hof (Saale);546214
Theater im Hafen Hamburg;701196
Theaterplatz Chemnitz;377004
Theisbergstegen;8005857
Theißen;8013115
Themar;8010350
Thermalbad Wiesenbad;8013116
Thesdorf;8005858
Thiede Bahnhof Salzgitter;627407
Thiemstr/Hauptbahnhof Cottbus;742984
Thiergarten (Hohenz);8007867
Thießen;8013118
Thomas-Morus-Straße Rostock;208554
Thyrow;8013123
Thyrow Bahnhof Trebbin;736528
Thyrow Bahnhofstr Trebbin;727892
Thyrow Bahnhofstraße/Dorfstraße;8071191
Thüngersheim;8005864
Thür;8005865
Tiebensee;8005867
Tiebensee Ortsmitte Neuenkirchen (Dithmarschen);697904
Tiedemannstraße Hamburg;692479
Tiefenau;8013124
Tiefenau Bahnhof Röderaue;975293
Tiefenbach (b Passau);8026544
Tiefenbachmühle;8017030
Tiengen (Hochrhein);8005871
Tiengen Bahnhof Waldshut-Tiengen;502545
Tiengen Stadtmitte Waldshut-Tiengen;502450
Tiergarten Bernburg (Saale);964621
Timmendorferstrand;8005874
Tinnum (Sylt) Culemeyerstraße;8084684
Tinnum (Sylt) Einkaufszentrum;8084133
Tinnum (Sylt) Neuapostolische Kirche;8084134
Tinnum Gemeindehaus;8079178
Tinnum Königskamp;8079179
Tinnum Mitte;8084107
Tinnum Siedlung;8079180
Titisee;8005876
Titisee Bahnhof Titisee-Neustadt;503189
Tittmoning-Wiesmühl;8006422
Tivoli Karlsruhe;360984
Todtnau;8080984
Toender (Gr);8001451
Tonwerk/Bahnhof Kolbermoor;874139
Torfbrücke Rostock;935271
Torgau;8010351
Torgelow;8013131
Tornesch;8005887
Torteich Halberstadt;962101
Tostedt;8005888
Traben-Trarbach;8005889
Trabitz;8005890
Trais-Horloff;8005891
Trais-Horloff Bahnhof Hungen;111142
Trappensee (S-Bahn) Heilbronn;408170
Trassenheide;8013132
Trassenheide Kurverwaltung;8071789
Trassenmoor;8013133
Trassenmoor Trassenheide;374135
Traundorf;8005893
Traunreut;8005894
Traunstein;8000116
Traunstein Klinikum;8005873
Travemünde Hafenbahnhof (Bus) Lübeck;895411
Travemünde Skandinavienkai Bahnhof Lübeck;700382
Travemünde Strandbahnhof Lübeck;700383
Trebbin;8013137
Trebbin Bahnhofstraße;8071941
Treben-Lehma;8013138
Trebgast;8005895
Trebitz (Elbe);8013139
Trebitz (Könnern);8013140
Trebnitz (Mark);8013141
Trebnitz Bahnhof Müncheberg;740505
Trechtingshausen;8005896
Treffurthstr Chemnitz;330036
Treis SF;8075982
Treis-Karden;8003179
Treuchtlingen;8000122
Treuen;8013144
Treuenbrietzen;8013145
Treuenbrietzen Süd;8013146
Treysa;8000129
Treysa Bahnhof Schwalmstadt;712541
Triangel;8005901
Triangel Bahnhof Sassenburg;597639
Triberg;8005902
Triebes;8013150
Triebes Triebesgrund Zeulenroda-Triebes;262956
Triefenried;8005903
Triefenried Bahnhof Zachenberg;542846
Trier Hbf;8000134
Trier Hbf (Bussteig 1);8089159
Trier Süd;8005905
Trier Südbf (Saarstraße);8071852
Triesdorf;8005907
Triesdorf Bahnhof Merkendorf (Mittelfranken);675999
Triptis;8010352
Trochtelfingen (Hohenz);8070557
Trochtelfingen (b Bopfingen);8005908
Trochtelfingen ALB-GOLD;8007147
Troisdorf;8000135
Trompet;8005910
Trompet Bahnhof Duisburg;653173
Tromsdorf;8013152
Troppel Weil im Schönbuch;561340
Trossingen Bahnhof;8005911
Trossingen DB Bahnhof Deißlingen;500890
Trossingen Stadt;8007646
Trostberg;8005912
Trostberg ZBH;8071419
Trudering München;370920
Tschaikowskistr Eichwalde;728125
Tullastraße Freiburg im Breisgau;808109
Tullastraße/Alter Schlachthof Karlsruhe;364807
Tulling;8005924
Tulling Steinhöring;637848
Turnhalle Sinzheim;722449
Turnhalle Weil im Schönbuch;560240
Tuttlingen;8000163
Tuttlingen Busbahnhof;501460
Tuttlingen Gänsäcker;8005946
Tuttlingen Nord;8000456
Tuttlingen Schulen;8005925
Tuttlingen Zentrum;8079056
Tutzing;8005927
Twiste;8005928
Twiste Bahnhof Twistetal;711321
Twistringen;8005929
Töging (Inn);8005883
Tönning;8005885
Töppeln;8013129
Töppeln (Bushaltestelle) Kraftsdorf;647836
Töppeln Kraftsdorf;371685
Tübingen Hbf;8000141
Tübingen West;8005916
Tübingen-Derendingen;8005917
Tübingen-Lustnau;8005918
Tübinger Straße Böblingen;422398
Tübinger Straße Dettenhausen;555198
Türkenfeld;8005920
Türkheim (Bay) Bf;8000144
Türkismühle;8000154
Tüssling Bahnhof Tüßling;875824
Tüßling;8005923
U/A Mitte Norderstedt;693943
Ubbedissen;8005930
Ubbedissen Bahnhof Bielefeld;923830
Ubstadt Ort;8007133
Ubstadt Ort Ubstadt-Weiher;724353
Ubstadt Salzbrunnenstr;8085003
Ubstadt Uhlandstraße;8070098
Ubstadt-Weiher;8005931
Uchtspringe;8013158
Uckro Bahnhof Luckau (Niederlausitz);741195
Uder;8013159
Uebigau;8013160
Uebigau Markt;8079772
Uebigau Markt Uebigau-Wahrenbrück;741487
Ueckermünde;8013162
Ueckermünde Stadthafen;8013156
Uelzen;8000168
Uerdingen Bahnhof Krefeld;379089
Uferstraße Frankenberg (Eder);902409
Uffenheim;8005947
Uffing am Staffelsee;8005948
Uhingen;8005949
Uhldingen-Mühlhofen;8004595
Uhlerborn;8005950
Uhlerborn Walterslebener Straße;8071779
Uhlerborn Walterslebener Straße Ingelheim am Rhei;407803
Uhlestr Chemnitz;330033
Uhlstädt;8013164
Uhlstädt Bahnhof Uhlstädt-Kirchhasel;690188
Uhsmannsdorf;8013165
Uhyst;8013166
Uhyst (Spree) Bahnhof Boxberg/O L;108425
Uhyst Gaststätte;8070834
Uhyst Gaststätte Boxberg/O L;976905
Ulberndorf;8013167
Ulberndorf Bahnhof Dippoldiswalde;977913
Ulbersdorf;8013168
Ulbersdorf Almenhof;8070878
Ulbersdorf Almenhof Hohnstein;973909
Ulla B7 [Bahnhof Nohra] Weimar (Thür);646206
Ulm Hbf;8000170
Ulm Ost;8005952
Ulm-Donautal;8005954
Ulm-Söflingen;8005955
Ulzburg A Ulzburg Süd Henstedt-Ulzburg;895754
Ulzburg Bahnhof Henstedt-Ulzburg;701324
Ulzburg Süd;8007052
Umrathshausen Bf;8005961
Umrathshausen Ort;8005962
Unadingen;8005963
Undorf;8005966
Undorf Bahnhof Nittendorf;786082
Unfriedsdorf;8005967
Ungedanken;8005968
Ungedanken Hauptstraße Fritzlar;712613
Universität (Schleife) Stuttgart;559626
Universität S-Bahnhof Dortmund;652523
Universität Stuttgart;561460
Unkel;8005970
Unkel KD;8075945
Unna;8000171
Unna West;8003925
Unna-Königsborn;8005971
Unnau-Korb;8005972
Unt Bahnhofstraße Unterreichenbach;828701
Unter den Eichen/Drakestr Berlin;731778
Unterammergau;8005975
Unterasbach;8005976
Unterasbach Bahnhof Nordseite Oberasbach;301421
Unterasbach Bahnhof Südseite Oberasbach;461901
Unteraschau;8005977
Unterbarmen Bahnhof Wuppertal;371524
Untere Austraße Adelsheim;514742
Unterelchingen;8005983
Unterelchingen Bahnhof Elchingen;801357
Unterentersbach;8007108
Unterer Bahnhof (Bus) Delitzsch;954688
Unterer Bahnhof Annaberg-Buchholz;240061
Unterer Bahnhof Pößneck;691494
Unterföhring;8005986
Unterfürberg Bahnhof Fürth (Bayern);682752
Untergimpern;8007436
Untergimpern Bahnhof Neckarbischofsheim;510120
Untergrainau;8017042
Untergrainau Bahnhof Grainau;369009
Untergriesheim;8005989
Untergriesheim Bad Friedrichshall;421012
Untergrombach;8005990
Untergrombach Bahnhof Bruchsal;723885
Unterhaching;8005991
Unterharmersbach;8007103
Unterhausen (Bay);8005993
Unterhausen Bahnhof Oberhausen an der Donau;784518
Unterheckenhofen;8005995
Unterjesingen Mitte;8006002
Unterjesingen Mitte Bahnhof Tübingen;752149
Unterjesingen Sandäcker;8006003
Unterkochen;8005997
Unterkochen Bahnhof Aalen;301608
Unterlemnitz;8010354
Unterlenningen;8005998
Unterlenningen Bahnhofstraße Lenningen;561071
Unterlenningen Brucken Untere Straße Lenningen;561070
Unterlenningen Rathaus Lenningen;560032
Unterloquitz;8013171
Unterloquitz Bahnhof Probstzella;690846
Unterlüß;8006001
Unterlüß Bahnhof Südheide;597771
Untermaubach-Schlagstein;8007822
Untermaßfeld;8013172
Untermenzing München;624577
Untermünstertal Bahnhof Münstertal (Schwarzwald);504672
Unterneudorf;8013173
Unterneustädter Kirchplatz Kassel;716135
Unterpfaffenhofen Bahnhof Germering;624498
Unterrath S Düsseldorf;365206
Unterrath S-Bahnhof Düsseldorf;653881
Unterreichenbach;8006008
Unterschleißheim;8006688
Unterschwaningen;8071104
Untersteinach (Bayr);8006016
Untersteinach (b Stadtsteinach);8006017
Untersteinach Staatsstraße Weidenberg;463104
Untersulzbach;8006019
Untertürkheim Stuttgart;370085
Unteruhldingen;8006833
Unteruhldingen Hafen/Pfahlbauten Uhldingen-Mühlho;493732
Unterwellenborn;8013174
Unterwiesenthal;8013175
Unteröwisheim;8007140
Unteröwisheim Martin-Luther-Straße;8079149
Uphusum;8006026
Urbach (b Schorndorf);8006030
Urberach Bahnhof Rödermark;104730
Urft;8006032
Urft Bahnhof Kall;446667
Urlasstraße/Bahnhof rechts Lauf a d Pegnitz;678558
Urmersbach;8007357
Urmitz;8006035
Urmitz Bahnhof Mülheim-Kärlich;110115
Urmitz Bahnhof/Landstr Mülheim-Kärlich;455016
Urmitz Bahnhof/Landstraße;8071772
Urmitz Rheinbrücke;8006036
Urschalling;8006037
Urschalling Prien a Chiemsee;595825
Urspring;8006039
Urspring Abzw Lonsee;492784
Usch-Zendscheid;8005342
Usingen;8007852
Uslar;8006041
Usseln;8006043
Usseln Bahnhof Willingen (Upland);103804
Usseln Kath Kirche Willingen (Upland);909717
Utting;8006048
Utzedel;8013177
Utzedel Dorf;333442
Utzedel Gaststätte;8079774
Vach;8006052
Vach Bahnhof Fürth (Bayern);682755
Vachdorf;8013179
Vachendorf;8006717
Vahldorf;8013180
Vaihingen (Enz);8006053
Vaihingen Alter Friedhof Stuttgart;559634
Vaihingen Bahnhof (Ost) Stuttgart;561190
Vaihingen Rathaus Stuttgart;559637
Vaihingen Stuttgart;561577
Valbert;8070559
Vallendar;8006054
Varel (Oldb);8006056
Vastorf;8006058
Vaterstetten;8006059
Vatterode;8013182
Vatteröder Teich;8079152
Vechelde;8006060
Vechta;8006061
Vechta-Stoppelmarkt;8087020
Vegesack Fähranleger Bremen;379332
Vehlefanz;8013183
Vehlefanz Bahnhof Oberkrämer;733964
Veilsdorf;8013184
Veitshöchheim;8006065
Veitstr Berlin;726010
Vejprty;5400383
Velbert Rosenhügel;8006064
Velbert-Langenberg;8003529
Velbert-Neviges;8004340
Velbert-Nierenhof;8004430
Velden (b Hersbruck);8006067
Velgast;8010355
Velgast Bahnhofsvorplatz;8087029
Vellmar Nord;711438
Vellmar-Niedervellmar;8004415
Vellmar-Obervellmar;8004597
Vellmar-Osterberg/EKZ;8006068
Velten (Mark);8013185
Ventschow;8013186
Verden (Aller);8006076
Veringendorf;8007233
Veringendorf Rathaus Veringenstadt;752162
Veringenstadt;8007232
Vernawahlshausen;8006078
Versmold;8070560
Vetschau;8013188
Vetschau Bahnhofstr;8087059
Vetschauer Straße/Hauptbahnhof Cottbus;978531
Vettweiß;8006079
Viechtach;8070561
Vienenburg;8000364
Vienenburg Bahnhof Goslar;347200
Vierenstraße;8013190
Vierkirchen-Esterhofen;8001922
Viermünden Mitte Frankenberg (Eder);713503
Viernau;8013191
Viernheim Bahnhof OEG;510147
Viersen;8000174
Vieselbach;8013192
Vieselbach Bahnhof Erfurt;646050
Viktoriastraße/Bahnhof Itzehoe;700557
Villingen (Schwarzw);8000366
Villingen Bahnhof Villingen-Schwenningen;500722
Villingen-Schwenningen Eisstadion;8000356
Villingen-Schwenningen Hammerstatt;8000393
Villmar;8006083
Villmar Rathaus;8071344
Vilsbiburg;8006084
Vilseck;8006085
Vilshofen (Niederbay);8006086
Vinzelberg;8013194
Vinzelberg Bahnhof (Bus) Bismark (Altmark);958657
Visselhövede;8006090
Vitte (Hiddensee);8081470
Vitzenburg;8010356
Vlotho;8006091
Voerde (Niederrhein);8006098
Vogelkoje (Sylt);8084124
Vogelpark S-Bahnhof Solingen;662656
Vogelsang (Gransee);8013198
Vogelweh;8006100
Vohburg;8006101
Vohren;8006103
Vohwinkel Bahnhof Wuppertal;664798
Voigtei Halberstadt;953852
Voigtsgrün;8013201
Voigtstedt;8013202
Voigtstedt (Bus) Artern (Unstrut);956215
Voith-Werk Heidenheim an der Brenz;818532
Voldagsen;8006104
Volkach-Astheim;8070860
Volkhovener Weg S-Bahnhof Köln;445627
Volkmarsen;8006107
Volkringhausen;8006109
Volksbank Dettingen unter Teck;561068
Volksgarten S Düsseldorf;374756
Volksgarten S-Bahnhof Düsseldorf;653890
Volpriehausen;8006112
Volpriehausen Bahnhof Uslar;355150
Volpriehausen Bollertstraße;8071610
Vonderort Bahnhof Bottrop;650211
Vor dem Rabensberg Witzenhausen;713639
Vorhalle Bahnhof Hagen (Westf);102435
Vorhop;8006116
Vormwald;8006117
Vormwald Dorf;8006118
Vorra (Pegnitz);8006120
Vorstadt Fridingen an der Donau;501780
Vorstadt Trochtelfingen;752064
Voßloch;8007068
Vöhl-Ederbringhausen;8001664
Vöhl-Herzhausen;8002802
Vöhl-Schmittlotheim;8005382
Vöhl-Thalitter;8006093
Vöhringen;8006094
Vöhrum;8006095
Vöhrum Bahnhof Peine;346345
Völklingen;8000175
Völklinger Straße S-Bahnhof Düsseldorf;378275
Völksen Bahnhof Springe;635278
Völksen/Eldagsen;8001741
Wabeler Str Neustadt-Glewe;320658
Wabern (Bz Kassel);8000368
Wachenheim (Pfalz);8006125
Wachenheim-Mölsheim;8006126
Wackershofen;8006135
Waffenbrunn;8006134
Waggonfabrik;8006136
Waghäusel;8006137
Waging;8006138
Wahlbach (Kr Siegen);8006139
Wahlbach (Kr Siegen) Ort;8071351
Wahlheim (Kr Alzey);8000327
Wahlitz;8013205
Wahlstedt;8007273
Wahlstedt Bahnhof (Am Flugplatz);8071769
Wahlwies;8077775
Wahlwies Bahnhof Stockach;498076
Wahn S-Bahn Köln;441588
Wahrenholz;8006144
Waiblingen;8000180
Waiblingen Bahnhof (Dammstraße);8079284
Waibstadt;8007442
Waidhaus (Gr);8006141
Waigolshausen;8006147
Wakendorf;8006148
Walddrehna;8013210
Walddrehna Bahnhof Heideblick;741198
Walddrehna Dorfplatz;8071052
Waldenburg (Württ);8006154
Waldenburg (Württ) Bahnhof Waldenburg (Württ);833664
Waldenburg-Hohebuch;8089382
Waldershof;8006155
Waldfischbach;8006156
Waldfriedhof Stuttgart;559650
Waldhausen (b Geislingen);8007073
Waldhausen (b Schorndorf);8006157
Waldhausen Lorch (Württ);373301
Waldheim;8010359
Waldheim (Sachsen) Bahnhof (Bus);958889
Waldhof Bahnhof Mannheim;518569
Waldkirch;8006159
Waldkirchen (Erzgeb);8013212
Waldkirchen (Niederbayern);8006160
Waldkirchen Bahnhof Grünhainichen;982525
Waldkraiburg;8006164
Waldmünchen;8006163
Waldshut;8006167
Waldshut Bahnhofsvorplatz Waldshut-Tiengen;504657
Walhausen (Saar);8006170
Walheim (Württ);8006171
Walkenried;8006172
Wallau (Lahn);8000187
Wallau Bahnhof Biedenkopf;415062
Walldorf (Hess);8006175
Walldorf (Werra);8013215
Walldorf Bahnhof Meiningen;996050
Walldorf Bahnhof Mörfelden-Walldorf;102802
Walldorf Bahnhof West Wiesloch;427835
Walldorf Bahnhof Wiesloch;510870
Walldürn;8006176
Wallersdorf;8006181
Wallertheim;8006183
Walleshausen;8006184
Wallhausen (Bus) Wallhausen (Helme);955649
Wallhausen (Helme);8013217
Wallhausen (Württ);8006145
Wallwitz (Saalkr);8013220
Walpertskirchen;8006190
Walporzheim;8006191
Walporzheim Bahnhof/Dombergstr Bad Neuenahr-Ahrw;459100
Walschleben;8013221
Walsleben;8013222
Walsleben Brücke;8071972
Walsleben Schule;8079775
Walsrode;8006193
Waltershausen;8013223
Waltershausen Schnepfenthal;8013224
Waltershof Hamburg;693415
Walther-Schreiber-Platz (U) Berlin;731684
Walthersdorf (Erzgeb);8010360
Wandersleben;8013226
Wandlitz;8013227
Wandlitzsee;8013228
Wandlitzsee Bahnhof Wandlitz;738893
Wandsbek Markt (U) Hamburg;693307
Wandsbek Markt Hamburg;895339
Wandsbeker Chaussee Hamburg;694992
Wangen (Allgäu);8006200
Wangen (Bodensee);8079015
Wangen (Unstrut);8013240
Wangerooge;8007766
Wangerooge Flugplatz;8007757
Wanne-Eickel Hauptbahnhof Herne;367590
Wanne-Eickel Hbf;8000192
Wannenweg Bretten;723991
Wannweil;8006203
Wansleben am See;8013230
Wansleben am See (Bus) Seegebiet Mansfelder Land;956153
War Haltep Einen-Müssingen Warendorf;911093
Warburg (Westf);8000196
Waren (Müritz);8010361
Warendorf;8006206
Warendorf-Einen-Müssingen;8006207
Warenshof;8013232
Warenshof Waren (Müritz);107067
Warmbad;8013235
Warmbad Floßplatz;8071287
Warnemünde;8013236
Warnemünde Fähre Rostock;936350
Warnemünde Werft;8013237
Warngau;8006210
Warnitz (Uckermark);8013238
Warnitzer Straße Schwerin (Meckl);320161
Warnowallee Rostock;611068
Warthausen;8006212
Wasbek;8006213
Wasen Ettlingen;372664
Wasenweiler;8006215
Wasseralfingen;8006217
Wasserburg (Bodensee);8006218
Wasserburg (Günz);8006219
Wasserburg (Inn) Bf;8006220
Wasserburg Bahnhalt Günzburg;870991
Wasserburg Busbahnhof (Bodensee);990145
Wasserburg Hafen;8076218
Wasserfall Bad Urach;752503
Wasserliesch;8006222
Wasserloser Str Alzenau i UFr;425909
Wassersportallee Berlin;733516
Wassertal Sansibar;8079181
Wasserthaleben;8013244
Wassertrüdingen;8070567
Wasserturm Germersheim;506566
Wasserturm Wörth am Rhein;721193
Wasserzell (b Eichstätt);8006224
Wasungen;8013245
Wattenscheid;8006226
Wattenscheid Bahnhof Bochum;655319
Wattenscheid-Höntrop;8006227
Watzelsteg;8007341
Watzenborn-Steinberg;8006229
Watzenborn-Steinberg Bahnhof Pohlheim;111137
Waßmannsdorf;8013241
Weckesheim;8006232
Weckesheim Bahnhof Reichelsheim (Wetterau);111156
Weddel (Braunschw);8006233
Weddel (Braunschw) Bauernstraße;8071760
Weddel Bahnhof Cremlingen;890732
Wedel (Holst);8006236
Wedel-Schulau Wilkomm Höft;8070715
Weener;8006237
Weener (Gr);8000153
Weesenstein;8013247
Weesenstein Gemeindeamt;8087038
Weesenstein Gemeindeamt Müglitztal;973591
Weetzen;8000342
Weetzen Bahnhof Ronnenberg;638801
Weetzen Bahnhof/Westseite Ronnenberg;635333
Weeze;8006240
Wefensleben;8013248
Weg zum Unteren Bahnhof Lößnitz;981295
Wega;8006241
Wega Bahnhof Bad Wildungen;712885
Wega Ostlandsiedlung Bad Wildungen;714995
Wegberg;8006243
Wegbrücke/Rathausgasse Roßtal;460772
Wegeleben;8010364
Wegenstedt;8013250
Wehdel;8007812
Wehdel Bahnhof Schiffdorf;606130
Wehr (Mosel);8006252
Wehr-Brennet;8001174
Wehrden;8087065
Wehrden Bahnhof Beverungen;924745
Wehretal-Reichensachsen;8005003
Wehrhahn S-Bahnhof Düsseldorf;658256
Wehrheim;8007853
Weibelfeld Bahnhof Dreieich;102700
Weibhausen;8006255
Weichering;8006256
Weickersdorf (Sachs);8013253
Weickersdorf Bahnhof Bischofswerda;366963
Weickersgrüben;8006257
Weida;8010365
Weida Altstadt;8013254
Weida Mitte;8013251
Weiden (Oberpf);8000204
Weiden West Köln;442138
Weidenbach;8006258
Weidenbach Bahnhof Heldenstein;544341
Weidenberg;8006259
Weidenthal;8006261
Weiding;8006264
Weiherhammer;8006266
Weiherhof;8006267
Weiherhof Bahnhof Zirndorf;460051
Weikersheim;8006269
Weil am Rhein;8006272
Weil am Rhein Bahnhof/Zentrum;8079280
Weil am Rhein Berliner Platz;8079233
Weil am Rhein Friedhof;8079234
Weil am Rhein Grün 99/Laguna;8079235
Weil am Rhein Läublinpark;8079236
Weil am Rhein Marktstraße;8079237
Weil am Rhein Ost;8006273
Weil am Rhein Otterbach Zoll;8079239
Weil am Rhein Rathaus;8079240
Weil am Rhein Turmstraße;8079241
Weil am Rhein Vitra;8079242
Weil am Rhein-Gartenstadt;8000143
Weil am Rhein-Pfädlistraße;8000146
Weil der Stadt;8006271
Weil im Schönbuch Röte;8085013
Weil im Schönbuch Troppel;8085012
Weil im Schönbuch Untere Halde;8085014
Weilbach (Unterallg);8006279
Weilbach (Unterfr);8006274
Weilburg;8000218
Weiler (Brohltal);8071906
Weiler (Rems);8006277
Weiler Bahnhof Burgbrohl;457149
Weiler Rathaus Schorndorf (Württ);561126
Weilerswist;8006280
Weilheim (Oberbay);8000220
Weilheim (Württ);8006281
Weilimdorf;8006268
Weilimdorf Bahnhof Stuttgart;561448
Weimar;8010366
Weimar Bahnhof Ahnatal;715976
Weimar Berkaer Bf;8013256
Weimar West;8013266
Weinbrennerplatz Karlsruhe;375603
Weinböhla Hp;8013267
Weingarten (Baden);8006287
Weingarten Berg;8087067
Weinheim (Bergstr);8000377
Weinheim Luisenstraße;510445
Weinheim-Sulzbach;8006283
Weinsberg;8006289
Weinsberg West;8006290
Weinsberg/Ellhofen Gewerbegebiet;8006294
Weinweg Karlsruhe;366909
Weischlitz;8010367
Weisen;8013258
Weisen Kreuzung;8079776
Weisenbach;8006291
Weisenheim (Sand);8006292
Weiskirchen Bahnhof Rodgau;100320
Weissach;8007329
Weisweiler Bahnhof (Bus) Eschweiler;268522
Weiterstadt;8006306
Weitwörth-Nußdorf;8101811
Weixdorf;8013268
Weixdorf Bad;8013269
Weixdorf Bahnhof (Kirche) Dresden;975653
Weixdorf Haltepunkt Bad Dresden;975657
Weizen;8070569
Weizern Hopferau Bahnhof Eisenberg (Allgäu);965622
Weizern-Hopferau;8006309
Weißandt-Gölzau;8013259
Weißandt-Gölzau Tanzfleck;8071669
Weißandt-Gölzau Tanzfleck Südliches Anhalt;958023
Weißbach Bahnhof Pfronten;965634
Weißenau;8006296
Weißenau Bahnhof Ravensburg;492980
Weißenburg (Bay);8006298
Weißenfels;8010368
Weißenfels West;8013261
Weißenhorn;8006299
Weißenhorn-Eschach;8006305
Weißenohe;8006300
Weißenthurm;8006303
Weißer See;8070946
Weißer See Wesenberg (Meckl);332367
Weißes Roß;8013263
Weißkirchen/Steinbach Bahnhof Oberursel (Taunus);102330
Weißwasser (Oberlausitz);8010370
Welfenstraße Karlsruhe;377218
Welgesheim-Zotzenheim;8006312
Welkers;8006313
Welkers Waltgerstraße;8071380
Wellen (Magdeburg);8013271
Wellen (Mosel);8006315
Wellendorf;8006316
Wellendorf Bahnhof Hilter am Teutoburger Wald;609171
Wellingdorf (Fähre) Kiel;370950
Wellmitz;8013272
Wellmitz Bahnhof Neißemünde;278220
Welschbillig Mitfahrerparkplatz Helenenberg;8071237
Welschen Ennest;8006320
Welschingen-Neuhausen;8006321
Welschingen-Neuhausen Bahnhof Engen;501629
Welver;8006323
Wemmetsweiler Rathaus;8000378
Wendeschleife Schwarzenbach a d Saale;546233
Wendisch Evern;8006330
Wendisch-Rietz;8012855
Wendlingen (Neckar);8006331
Wennedach;8079101
Wennigsen (Deister);8006336
Wenningstedt (Sylt) Siedlung;8079183
Wenningstedt Hauptstraße/Friesenhof;8079182
Wenningstedt Mitte;8084108
Wensickendorf;8013278
Wensickendorf Bahnhof Oranienburg;727598
Werbig;8010371
Werbig Bahnhof Seelow;728034
Werdau;8010372
Werdau Nord;8013280
Werdauer Str Neumark (Vogtland);968237
Werden S-Bahnhof Essen (Ruhr);652751
Werder (Havel);8010373
Werderstraße Karlsruhe;361483
Werdohl;8006339
Werdorf;8006340
Werdum Feuerwehr;8070886
Werl;8006342
Wernau (Neckar);8006346
Wernberg;8006347
Wernberg Bahnhof Wernberg-Köblitz;545117
Werne an der Lippe;8006348
Werneuchen;8013285
Wernfeld;8006349
Wernigerode;8010374
Wernigerode Elmowerk;8013286
Wernigerode Westerntor;8017034
Wernigerode-Hasserode;8017032
Wernigerode-Kirchstraße;8017033
Wernshausen;8010375
Wersen;8070486
Wertach-Haslach;8006353
Wertheim;8000231
Wertheim-Bestenheid;8006354
Werther;8013291
Wesel;8000242
Wesel Feldmark;8006356
Wesenberg;8013293
Wesselburen;8006357
Wesseling KD;8075940
Wesseln;8006358
Wesseln Bahnhof/Eurobahn Bad Salzdetfurth;480094
Westbahnhof (Bus) Aachen;267435
Westbahnhof (Schleife) Stuttgart;555432
Westbahnhof Bad Ems;453240
Westbahnhof Bochum;105925
Westbahnhof Dortmund;651300
Westbahnhof Eisenach (Thür);996942
Westbahnhof Essen (Ruhr);654847
Westbahnhof Frankfurt a M;101204
Westbahnhof Gladbeck;654960
Westbahnhof Hanau;104502
Westbahnhof Jena;646727
Westbahnhof Kaiserslautern;350439
Westbahnhof Karlsruhe;724113
Westbahnhof Landau in der Pfalz;507786
Westbahnhof Laupheim;801946
Westbahnhof Maulbronn;362292
Westbahnhof Mosbach;514691
Westbahnhof Mülheim an der Ruhr;658951
Westbahnhof Neuruppin;730050
Westbahnhof Plauen;968092
Westbahnhof Reutlingen;751671
Westbahnhof Stuttgart;561396
Westbahnhof Tübingen;752120
Westbarthausen;8006360
Westbarthausen Bahnhof Borgholzhausen;921797
Westbevern;8006361
Westbevern-Vadrup Bahnhof Telgte;412400
Westend Ledermuseum Offenbach am Main;111264
Westendorf;8006363
Westendsiedlung Berlin;733455
Westerbauer Bahnhof Hagen (Westf);372433
Westerburg;8000245
Westerfilde Dortmund;360497
Westerfilde S-Bahnhof Dortmund;658183
Westerham;8006366
Westerham Abzw Bahnhof Feldkirchen-Westerham;595266
Westerhausen;8006367
Westerheide-Blidsel;8084125
Westerhäuser Str Halberstadt;953960
Westerland (Sylt);8006369
Westerland (Sylt) Alte Post;8070262
Westerland (Sylt) Campingplatz;8079185
Westerland (Sylt) DB AutoZug SyltShuttle;8030918
Westerland (Sylt) DRK;8084905
Westerland (Sylt) FKK-Strand;8079186
Westerland (Sylt) Johann-Möller-Platz;8070261
Westerland (Sylt) Lerchenweg;8070264
Westerland (Sylt) Marinesiedlung;8079189
Westerland (Sylt) Norderstraße;8079191
Westerland (Sylt) Nordseeklinik;8084126
Westerland (Sylt) Stadtmitte;8079192
Westerland (Sylt) Waldstraße;8070263
Westerland (Sylt) Wenningstedter Weg;8084152
Westerland ZOB;8079193
Westerstede-Ocholt;8004610
Westerstetten;8006373
Westewitz Bahnhof Großweitzschen;255201
Westewitz-Hochweitzschen;8013295
Westewitz-Hochweitzschen Bahnhof (Bus) Großweitzs;973218
Westhausen;8006376
Westheim (Schwab);8006378
Westheim (Westf);8006379
Westheim Bahnhof Neusäß;847168
Westheim-Langendorf;8006380
Westkreuz München;625327
Weststadt/Südstadt Heidelberg;506603
Westönnen;8006383
Wethau Mitte;8070819
Wetter (Hessen);8006385
Wetter (Ruhr);8006386
Wetterzeube;8013297
Wettin Fährstelle Wettin-Löbejün;373295
Wetzlar;8000383
Weßling (Oberbay);8006359
Wickede (Ruhr);8006389
Wickede S-Bahnhof Dortmund;373507
Wickede Westbahnhof Dortmund;656286
Wicklesgreuth;8006390
Wicklesgreuth Bahnhof Petersaurach;460103
Wickrath;8006391
Wickrath Bahnhof Mönchengladbach;663464
Wiebelsbach Bahnhof Groß-Umstadt;111219
Wiebelskirchen;8006392
Wieck (Darß);8081530
Wiedersbach Bahnhof Leutershausen;681774
Wiednitz;8013301
Wiednitz Bahnhof Bernsdorf b Dresden;975862
Wielandstraße Ulm;492577
Wiemersdorf;8007059
Wiener Straße Kassel;711550
Wieren;8006402
Wieren Bahnhof Wrestedt;317840
Wiesa (Erzgeb);8013310
Wiesau (Oberpf);8006403
Wiesbaden Hbf;8000250
Wiesbaden Ost;8006404
Wiesbaden-Biebrich;8000288
Wiesbaden-Biebrich KD;8075971
Wiesbaden-Erbenheim;8006407
Wiesbaden-Igstadt;8006408
Wiesbaden-Schierstein;8006409
Wiesdorf CHEMPARK S-Bahn Leverkusen;440465
Wiesdorf Leverkusen Mitte Bahnhof Leverkusen;442271
Wiesenau;8013305
Wiesenau Dorfstraße;8079778
Wiesenburg (Mark);8010376
Wiesenburg (Sachs);8013307
Wiesenburg Bahnhof Wildenfels;983232
Wiesenfeld;8006413
Wiesenfeld (b Coburg);8006414
Wiesenfeld Bahnhof Burgwald;711457
Wiesenfeld Hugenottenstraße Burgwald;715995
Wiesenfeld Kirche Meeder;464188
Wiesengrund-Klinge;8071822
Wiesental;8006417
Wiesenthau;8006418
Wiesenthau Bahnhof Ost;8071086
Wieslensdorf;8006416
Wiesloch-Walldorf;8006421
Wiesmühl (Alz);8006423
Wiesmühl Bahnhof Tittmoning;591596
Wiesmühl an der Alz Engelsberg;594419
Wiesthal;8006426
Wilburgstetten Bf;8070620
Wildau;8081540
Wildberg (Württ);8006432
Wildeck-Bosserode;8001106
Wildeck-Bosserode Bahnhof;8071208
Wildeck-Hönebach;8002903
Wildeck-Obersuhl;8004589
Wildeshausen;8006436
Wildshut Gut Wildshut;8162092
Wildshut Kirchberg;8101773
Wilferdingen Bahnhof Remchingen;940918
Wilferdingen-Singen;8006440
Wilgartswiesen;8006441
Wilhelm-Leuschner-Platz (Tram/Bus) Leipzig;955252
Wilhelmsbad Bahnhof Hanau;104501
Wilhelmsbau Stuttgart;559668
Wilhelmsdorf;8007854
Wilhelmsdorf Friedhof Usingen;106334
Wilhelmshaven Hbf;8006445
Wilhelmshaven Helgolandkai;8076445
Wilhelmshorst;8010378
Wilhelmshorst An der Bahn;8071304
Wilhelmshorst An der Bahn Michendorf;735611
Wilhelmshütte (Lahn);8006446
Wilhelmsstraße/Stadtmuseum Kassel;710021
Wilhelmstrand Berlin;733440
Wilhelmstraße Weil im Schönbuch;556360
Wilhermsdorf;8006448
Wilhermsdorf Mitte;8007856
Wilischthal;8013312
Wilischthal Bahnhof Zschopau;982464
Wilkau-Haßlau;8010379
Willebadessen;8006449
Willingen;8006453
Willmenrod;8006454
Willmenrod Ortsmitte;8071530
Willmering;8006455
Willsbach;8006456
Willsbach Obersulm;371573
Wilmersdorf (Angerm);8013313
Wilmersdorf Bahnhof Angermünde;741031
Wilmersdorf Mitte Angermünde;741033
Wilsenroth;8006459
Wilsenroth Bahnhof Dornburg (Westerwald);362817
Wilster;8006460
Wilthen;8010380
Wilthen Pumphut;8070211
Wiltingen (Saar);8006461
Wincheringen;8006463
Windecken Willi-Salzmann-Halle Nidderau;104413
Windelsbleiche;8006466
Windelsbleiche Bahnhof Bielefeld;923814
Winden (Pfalz);8006468
Winden Bahnhof Winden (Pfalz);510638
Windischeschenbach;8006472
Windsbach;8006473
Winfriedstr Berlin;731493
Wingerode;8013315
Wingst;8006475
Winkelhaid;8006476
Winnenden;8006479
Winningen (Mosel);8006481
Winningen (Mosel) KD;8075977
Winninghausen;8006482
Winninghausen Bahnhof Barsinghausen;638814
Winnweiler;8006483
Winsen (Luhe);8006484
Winterbach (b Schorndorf);8006485
Winterberg (Westf);8006486
Winterhausen;8006488
Winterhausen Bürgerhaus;8071200
Wintermoor;8006489
Wintermoor Bahnhof Schneverdingen;318126
Wipperdorf;8013318
Wippergrund Mansfeld;964728
Wippra;8013319
Wippra Bahnhof (Bus) Sangerhausen;954777
Wirges;8006498
Wirtheim;8006499
Wischlingen S-Bahnhof Dortmund;652587
Wismar;8010381
Wismar Bf/SEV;8079322
Wissen (Sieg);8006501
Wissenscampus Biedenkopf;110281
Wissingen;8006503
Wissingen Bahnhof Bissendorf;625251
Wittbräucke;8006505
Wittbräucke Bahnhof Herdecke;657057
Wittdün (Amrum);8007761
Witten Hbf;8000251
Witten-Annen Nord;8006510
Wittenau [Bus] (U) Berlin;732509
Wittenberge;8010382
Wittenhagen;8013322
Witterschlick;8006516
Witterschlick Bahnhof Alfter;442114
Wittgensdorf Mitte;8013324
Wittgensdorf Mitte Chemnitz;983906
Wittgensdorf Oberer Bahnhof Chemnitz;984080
Wittgensdorf ob Bf;8010383
Wittighausen;8006517
Wittingen;8000344
Wittlich Hbf;8000379
Wittlingen;8070578
Wittmund;8006520
Wittstock (Dosse);8010384
Witzenhausen Nord;8006524
Witzenhausen Vor dem Rabensberg;8071124
Witzighausen;8006493
Witzighausen Haltepunkt Senden (Iller);800564
Witzschdorf;8013328
Witzschdorf Bahnhof Gornau/Erzgeb;982445
Witzwort;8006527
Wixhausen Bahnhof Darmstadt;104732
Wixhausen Messeler Park Straße Darmstadt;104716
Woffelsbach Schiffsanleger Simmerath;268571
Woffleben;8013333
Wohltorf;8006541
Wolfach;8006544
Wolfartsweierer Straße Karlsruhe;375623
Wolfegg;8006545
Wolfen (Bitterfeld);8013335
Wolfen Bahnhof Bitterfeld-Wolfen;960012
Wolfenbüttel;8000255
Wolfenweiler B3 Schallstadt;500230
Wolferode;8013336
Wolfgang (Kr Hanau);8006548
Wolfgarten Urftstaumauer Schiffanleger Schleiden;268575
Wolfgruben Wilhelmshütte Dautphetal;111089
Wolfhagen;8006549
Wolfratshausen;8006550
Wolfsburg Busbf;8089222
Wolfsburg Hbf;8006552
Wolfsgefärth;8013334
Wolfskehlen Friedhof Riedstadt;114045
Wolfsmünster;8006554
Wolfstein;8006555
Wolgast;8013339
Wolgast Hafen;8013340
Wolgaster Fähre;8013341
Wolkenstein;8013343
Wolkramshausen;8010385
Wolkramshausen Bahnhof Bleicherode;248203
Wollbach (Baden);8070579
Wollbach Bahnhof;8070581
Wollbach Bahnhof Kandern;499430
Wolmirstedt;8013344
Wolterdingen (Han);8006559
Woltersdorf (TF) Berliner Ch Nuthe-Urstromtal;727906
Woltersdorf Berliner Chaussee;8079779
Woltersdorf/Nuthe-Urstromtal;8013345
Woltwiesche;8006561
Woltwiesche Bahnhof Lengede;346608
Worms Brücke;8006567
Worms Hbf;8000257
Worpswede;8007122
Worringen Bahnhof Köln;586957
Worringen S-Bahn Köln;586936
Wremen;8006570
Wremen Bahnhof Wurster Nordseeküste;599899
Wriezen;8010386
Wriezener Str Neutrebbin;739970
Wrist;8006572
Wrist Parkplatz;8071263
Wulfen (Anh);8013357
Wulfen (Westf);8006590
Wulften;8006592
Wullenstetten;8006595
Wulsdorf Bahnhof Bremerhaven;150104
Wunsiedel-Holenbrunn;8000173
Wunstorf;8000268
Wuppertal Hbf;8000266
Wuppertal-Barmen;8006596
Wuppertal-Hahnenfurth/Düssel;8006601
Wuppertal-Langerfeld;8006607
Wuppertal-Oberbarmen;8006719
Wuppertal-Ronsdorf;8006616
Wuppertal-Sonnborn;8006618
Wuppertal-Steinbeck;8006619
Wuppertal-Unterbarmen;8006620
Wuppertal-Vohwinkel;8006718
Wuppertal-Zoologischer Garten;8006623
Wurlitz;8006624
Wurlitz Bahnhof Rehau;546564
Wurmlingen Mitte;8006625
Wurmlingen Nord;8006626
Wurzbach (Thür);8013360
Wurzen;8013361
Wusterhausen (Dosse) NE;8013363
Wustermark;8010389
Wusterwitz;8013365
Wustrau-Radensleben;8012703
Wustrau-Radensleben Bahnhof Neuruppin;375512
Wustrau-Radensleben Dorf;8071496
Wustrau-Radensleben L164;8071294
Wustweiler;8006627
Wutha;8013366
Wutike;8013367
Wutike Bahnhof Gumtow;737928
Wutöschingen;8006628
Wyhlen;8006629
Wyhlen Bahnhof Nord Grenzach-Wyhlen;422371
Wyhlen Bahnhof Süd Grenzach-Wyhlen;422370
Wyhlen Engeltal;8079227
Wyhlen Hebelschule;8079226
Wyhlen Hutmattenstraße;8079225
Wyhlen Schulzentrum;8079224
Wyhlen Siedlung;8079228
Wyk auf Föhr;8007760
Wächterhof;8006131
Wächtersbach;8006132
Wächtersbach Bahnhof;8076132
Wölchingen Bahnhof Boxberg (Baden);421663
Wölfershausen;8013329
Wölfersheim-Södel;8006529
Wörlitz;8013332
Wörlitz Bahnhof Oranienbaum-Wörlitz;961762
Wörnitzstein;8006533
Wörrstadt;8006534
Wörsdorf;8006535
Wörth (Isar);8006537
Wörth (Main);8006538
Wörth (Rhein);8000254
Wörth (Rhein) Alte Bahnmeisterei;8079143
Wörth (Rhein) Badallee;8079212
Wörth (Rhein) Badepark;8079213
Wörth (Rhein) Bienwaldhalle;8079142
Wörth (Rhein) Bürgerpark;8079141
Wörth (Rhein) Mozartstraße;8006536
Wörth (Rhein) Rathaus;8079211
Wörth (Rhein) Zügelstraße;8006531
Wörth am Rhein (Rhein) Bahnhof;510749
Wössingen;8006539
Wössingen Ost;8070179
Wülfrath-Aprath;8006575
Wülknitz;8013348
Wünschendorf;8010387
Wünschendorf Nord;8013349
Wünsdorf-Waldstadt;8013350
Wünsdorf-Waldstadt Bahnhof Zossen;736508
Würgendorf;8006577
Würgendorf (Ort);8006578
Würgendorf Wasserscheide;8071147
Würzbach (Saar);8006581
Würzburg Hbf;8000260
Würzburg Süd;8006582
Würzburg-Heidingsfeld Ost;8006580
Würzburg-Zell;8006586
Wüstenbrand;8010388
Wüstenbrand Bahnhof Hohenstein-Ernstthal;982931
Wüstenfelde;8013352
Wüstenfelde Sundhagen;325594
Wüstenselbitz;8006588
Wüstenselbitz Bahnhof Helmbrechts;546402
Wüsting;8006270
Wüsting Bahnhof Hude (Oldenburg);769293
Wüstmark Schwerin (Meckl);320032
Xanten;8006630
Yorckstraße Karlsruhe;371041
ZBH Bayernstraße Trostberg;623404
ZKM Karlsruhe;150065
ZUP Neu-Ulm;784041
Zabeltitz;8013368
Zabeltitz Bahnhof Großenhain;975023
Zachun;8013370
Zahna;8013371
Zahna Bahnhof (Bus) Zahna-Elster;953924
Zaisenhausen;8006633
Zapfendorf;8006634
Zapfendorf Kirche;8071031
Zarrendorf;8013373
Zarrendorf Mühle;8079780
Zaschwitz (Wettin) Fährstelle Wettin-Löbejün;364296
Zasieki;5100159
Zeesen;8013376
Zeesen Bahnhof Königs Wusterhausen;727397
Zehdenick (Mark);8013377
Zehdenick-Neuhof;8013378
Zehntscheuer Eichstetten am Kaiserstuhl;496603
Zeil;8006635
Zeilsheim Bahnhof Frankfurt a M;101998
Zeithain;8013381
Zeititzer Weg/S-Bahnhof Machern;230979
Zeitz;8010390
Zell (Harmersbach);8007101
Zell (Wiesental);8006641
Zell Bahnhof Bad König;111233
Zell Esslingen am Neckar;561321
Zell-Romrod;8006644
Zella-Mehlis;8010391
Zella-Mehlis West;8013383
Zellendorf;8013384
Zellertal Bad Kötzting;547304
Zellerthal;8007338
Zempin;8013385
Zempin Bahnhof;8089496
Zennern;8006647
Zennern Bahnhof Wabern;716129
Zentrale Haltestelle Neuhaus am Rennweg;210697
Zentralhaltestelle Chemnitz;330131
Zentrum Bahnhof Premnitz;735109
Zentrum Bischofswiesen;592100
Zentrum Gommern;954702
Zentrum Hauptbahnhof Offenbach am Main;102501
Zentrum Marktplatz/Berliner Str Offenbach am Mai;102509
Zentrum Marktplatz/Frankf Straße Offenbach am Ma;102510
Zentrum S-Bahnhof Mettmann;378269
Zentrum Zwickau;201033
Zentrum/Bahnhof Regenstauf;785507
Zepernick (Bernau);8081560
Zepernick Kirche Panketal;738920
Zepernick Schweizer Str Panketal;738918
Zepernicker Chaussee Bernau bei Berlin;745680
Zeppelinheim;8006648
Zeppelinheim Bahnhof Neu-Isenburg;102801
Zeppelinheim Heideweg Neu-Isenburg;101616
Zeppelinheim Wilhelm-Haas-Platz Neu-Isenburg;101943
Zerbst;8013389
Zerkall;8007824
Zernsdorf;8013392
Zerrenthin;8013393
Zeughausplatz Bad Berka;691525
Zeulenroda unt Bf;8013396
Zeulenroda unterer Bahnhof Zeulenroda-Triebes;262243
Zeutern;8007135
Zeutern Ost;8007136
Zeutern Ost Ubstadt-Weiher;720658
Zeutern Sportplatz;8079617
Zeutern Sportplatz Ubstadt-Weiher;720652
Zeuthen;8081580
Zeutsch;8013398
Zeutsch Hauptstraße Uhlstädt-Kirchhasel;690194
Ziegeleistraße Frickenhausen (Württ);561083
Ziegelhof Schwerin (Meckl);320166
Ziegelteich Lohsa;975929
Zielitz;8013402
Zielitz (Bus);955776
Zielitz Ort;8073410
Zierenberg;8006658
Zierenberg-Rosental;8006654
Zieverich;8006659
Zieverich Aachener Str Bergheim (Erft);445991
Zillendorf;8006660
Zillendorf Bahnhof Waldmünchen;546770
Ziltendorf;8013406
Ziltendorf Kreuzung;8079781
Zimmern (Main-Tauber);8006662
Zimmern (b Seckach);8006661
Zimmersrode;8006663
Zimmersrode Bahnhof Neuental;713755
Zinnowitz;8010392
Zirndorf;8006664
Zirndorf Kneippallee;8006666
Zirtow-Leussow;8013409
Zitadellenweg/Bahnhof Römisches Theater Mainz;129219
Zittau;8010393
Zittau (Gr);8089129
Zittau Hp;8013410
Zittau Süd;8013411
Zittau Vorstadt;8013412
Zoblitz;8013413
Zollhaus (Villingen-Schwenningen);8006667
Zollhaus Bahnhof Blumberg (Baden);500814
Zollhaus Römerweg Villingen-Schwenningen;504372
Zollhaus-Petersthal;8006670
Zollverein Nord Bahnhof Essen (Ruhr);209375
Zoo Bahnhof Gelsenkirchen;366772
Zoo S-Bahnhof Düsseldorf;378012
Zoologischer Garten Bahnhof Wuppertal;367451
Zorneding;8006671
Zossen;8010395
Zotzenbach;8006672
Zotzenbach Bahnhof Mörlenbach;510835
Zschaitz;8013424
Zscherben;8013425
Zscherben S-Bahnhof (Bus) Teutschenthal;130822
Zschonergrundstraße Dresden;200552
Zschopau;8013427
Zschopau Ost;8013311
Zschortau;8013428
Zuckerfabrik;8006673
Zuckerfabrik Bahnhof Euskirchen;446458
Zuckerfabrik Halberstadt;962184
Zuffenhausen Porsche Stuttgart;555370
Zuffenhausen Stuttgart;366465
Zugspitzbahnhof Bushalt Grainau;966953
Zugspitzbahnhof Grainau;966905
Zum Seeblick Berlin;733507
Zusenhofen;8006678
Zusenhofen Bahnhof Oberkirch;374050
Zusenhofen Bahnhof/Bus Oberkirch;572582
Zuzenhausen;8006679
Zweckel Bahnhof Gladbeck;655664
Zweckel Mitte/Bahnhof Gladbeck;657418
Zweibrücken Hbf;8006680
Zweibrücken-Rosengarten;8006682
Zwickau (Sachs) Hbf;8010397
Zwickau Stadthalle;8000292
Zwickau Zentrum;8000289
Zwickau-Pölbitz;8013433
Zwickau-Schedewitz;8013434
Zwiesel (Bay);8006684
Zwieselau;8006685
Zwieselau Bahnhof Frauenau;841297
Zwingenberg (Baden);8006686
Zwingenberg (Bergstr);8006687
Zwintschöna (Dieskau) Bahnhofstr Kabelsketal;953322
Zwota;8013437
Zwota-Zechenbach;8013436
Zwotental;8010398
Zwotental Bahnhof Klingenthal;968109
Zwätzen Jena;646863
Zwönitz;8013435
Zwönitz Gymnasium;8071642
Zöberitz;8013414
Zöberitz Bahnhofstr Landsberg (Saalekreis);963536
Zöberitz Bahnhofstraße;8070959
Zöblitz-Pobershau;8013415
Zörnigall;8013418
Zörnigall Brücke;8071193
Zörnigall Brücke Zahna-Elster;960135
Zühlsdorf;8013429
Zühlsdorf Bahnhof Mühlenbecker Land;733746
Zülpich;8006674
Züssow;8010396
Züssow (Bus);331492
Züttlingen;8006676
Züttlingen Haltestelle Möckmühl;421032
unterer Bahnhof Auerbach/Vogtl;968068
Äpfingen;8079092
Ärztezentrum Meldorf;365943
Öhningen;8079014
Öhringen Hbf;8004623
Öhringen West;8004624
Öhringen-Cappel;8004620
Ölbronn Hindenburgstraße;8071823
Ölbronn-Dürrn;8004632
Ötigheim;8004636
Ötisheim;8004637
Ötlingen Kirchheim unter Teck;561342
Übach-Palenberg;8005935
Überfahrt (Schiff) Rottach-Egern;966963
Überlingen;8005942
Überlingen Hafen;8075937
Überlingen Therme;8005937
Überlingen-Nußdorf;8005943
Übersee;8005940
Ückeritz;8013161
Üdingen;8007821
Ürzig (DB);8005945
